date_id,prediction,allocation,risk_volatility,signal_multiplier,training_start,training_end,prediction_enet,prediction_xgb,prediction_lgb,target,forward_returns,risk_free_rate,strategy_return,fold
7968,0.00044989466687831467,0.5072746200307293,0.33257220468500065,600.0,7167,7966,0.00044989467019999993,0.0004498946655075997,0.00044989466540187097,-0.0112548,-0.01094496,2.5e-06,-0.005550868611801608,1
7969,0.00044578119116085626,0.6691573591197746,0.308223915651239,600.0,7168,7967,0.00044578119519999996,0.0004457811883185059,0.0004457811905410836,0.001238805,0.00154834,2.18254e-06,0.0010368051827169386,1
7970,0.00042904508504996183,0.6339675844173623,0.3447457682386039,600.0,7169,7968,0.0004290450852,0.0004290450888220221,0.00042904508114929743,0.007647843,0.007957077,1.706349e-06,0.00504515346375925,1
7971,0.00043266793325418104,0.5412571776865401,0.42387227853002857,600.0,7170,7969,0.00043266793519999993,0.0004326679336372763,0.0004326679312032411,0.008487329,0.008796463,1.706349e-06,0.004761931512360188,1
7972,0.000445278124220299,0.3256290708708824,0.5848931922873536,400.0,7171,7970,0.00044527812394999996,0.00044527812860906124,0.00044527812006322164,0.001278408,0.001587443,1.587302e-06,0.0005179880194750347,1
7973,0.0004611577935816323,0.23996011214370533,0.7271027800592547,400.0,7172,7971,0.0004611577976999999,0.00046115778968669474,0.0004611577939465405,0.001789423,0.002098355,1.904762e-06,0.0005049691962141778,1
7974,0.0004611029861742587,0.20160431619372665,0.8139773525323696,400.0,7173,7972,0.00046110298770000004,0.0004611029871739447,0.0004611029838667946,-0.006212421,-0.005903188,1.785714e-06,-0.0011886824737529003,1
7975,0.0004716554237935474,0.1959491849715186,0.8101039369872598,400.0,7174,7973,0.0004716554251999999,0.00047165542491711676,0.0004716554214644475,0.008631842,0.008940976,1.706349e-06,0.0017533489513540815,1
7976,0.0004620907780805812,0.1971500117141274,0.7796703958452178,400.0,7175,7974,0.00046209078395000004,0.00046209077117964625,0.0004620907799505858,0.004088323,0.004397557,1.706349e-06,0.0008683483563382045,1
7977,0.0004903755519386156,0.21461556909857435,0.7414900362782899,400.0,7176,7975,0.00049037554895,0.0004903755616396666,0.0004903755447992353,-0.001790582,-0.001481547,1.507937e-06,-0.0003167787423087053,1
7978,0.0004931961467091162,0.2190686953093737,0.7453633876460561,400.0,7177,7976,0.0004931961577000001,0.0004931961302645504,0.0004931961537329244,0.0002226579,0.0005314908,1.587302e-06,0.0001176725699467333,1
7979,0.0005017925202464137,0.22036066276203756,0.7575365600460247,400.0,7178,7977,0.0005017925177000001,0.0005017925286665559,0.0005017925140089119,0.00276775,0.003076582,1.587302e-06,0.0006791951716410315,1
7980,0.0004954034157485388,0.20997676332248036,0.7995902732589548,400.0,7179,7978,0.000495403413825,0.00049540342297405,0.0004954034101717753,-0.0005517589,-0.0002427237,1.587302e-06,-4.9712331444032025e-05,1
7981,0.0004975426227664022,0.2189962130491654,0.7470224447394909,400.0,7180,7979,0.000497542630075,0.0004975426127202809,0.000497542626548011,-0.003884261,-0.003575528,1.587302e-06,-0.0007817874027782216,1
7982,0.0004946595431870719,0.22127298122072533,0.7425957198696528,400.0,7181,7980,0.0004946595527,0.0004946595290675759,0.0004946595491526296,-0.001527003,-0.00121827,1.388889e-06,-0.00026848866944138774,1
7983,0.0004946980158206888,0.2152985130346519,0.7730297779577063,400.0,7182,7981,0.00049469802395,0.0004946980043314397,0.0004946980203419571,-0.004589165,-0.004280233,1.587302e-06,-0.000920282242102184,1
7984,0.0004830733480164427,0.21991340433698606,0.7271023528804629,400.0,7183,7982,0.00048307334769999996,0.00048307335237041116,0.0004830733439337109,-0.008193371,-0.007884538,1.507937e-06,-0.001732739271763527,1
7985,0.00046724489525388634,0.21041987337888957,0.7514496663989195,400.0,7184,7983,0.00046724490269999994,0.00046724488493055105,0.00046724489919483856,0.002250335,0.002559267,1.507937e-06,0.0005397112751701673,1
7986,0.0004462281744827092,0.20395224574303145,0.7370633659959313,400.0,7185,7984,0.00044622818144999995,0.0004462281649466604,0.0004462281780467947,-0.005705303,-0.00539657,1.507937e-06,-0.00109944218094706,1
7987,0.00044502410900075376,0.20576144649647465,0.7188031069709963,400.0,7186,7985,0.0004450241101999999,0.00044502411037683487,0.0004450241065967475,0.008044027,0.008352658,1.388889e-06,0.0017197581013606881,1
7988,0.000447517495030864,0.20448883096991688,0.7309768585291405,400.0,7187,7986,0.00044751749769999995,0.00044751749373972416,0.0004475174940341731,-0.00189398,-0.001585246,1.388889e-06,-0.00032306022462769385,1
7989,0.0004467212716828656,0.20903864053745536,0.7071834194281598,400.0,7188,7987,0.00044672127395,0.00044672127114608884,0.0004467212702763845,-0.01004959,-0.009741061,1.190476e-06,-0.002035316528317058,1
7990,0.00044385099826320753,0.21675577895244588,0.674534839798747,400.0,7189,7988,0.00044385100294999993,0.00044385099317878485,0.00044385099933037965,-0.01698285,-0.01667422,1.111111e-06,-0.0036133632732547596,1
7991,0.0004328885177470541,0.21528262281194055,0.6717693207623352,400.0,7190,7989,0.00043288852295,0.0004328885115683079,0.00043288851946613247,-0.001252843,-0.0009446134,9.920635e-07,-0.00020258036082758073,1
7992,0.0004070856969145365,0.19594594523454087,0.7160387520833003,400.0,7191,7990,0.00040708569920000005,0.0004070856957696378,0.0004070856961004665,0.00944663,0.00975486,7.936508e-07,0.0019120634014744213,1
7993,0.0004033739908769801,0.19959274024995824,0.6695571119914585,400.0,7192,7991,0.0004033739892000001,0.0004033739969599992,0.00040337398623137234,0.01184157,0.01215,9.920635e-07,0.0024258458488645254,1
7994,0.000420379915361575,0.19803878303459524,0.7093988109824029,400.0,7193,7992,0.00042037991544999995,0.0004203799180686474,0.00042037991257871,0.001338857,0.001647186,9.920635e-07,0.00032700230732338973,1
7995,0.00043709314728579125,0.20610477547568912,0.6977803671320735,400.0,7194,7993,0.0004370931517,0.0004370931419543922,0.00043709314883358277,-0.003169368,-0.00286094,9.920635e-07,-0.0005888658018743431,1
7996,0.0004369245644832855,0.20336492486287272,0.7193602810999545,400.0,7195,7994,0.0004369245617,0.0004369245725683868,0.0004369245587838577,-0.02046015,-0.02015182,9.920635e-07,-0.004097383047569272,1
7997,0.00042715398338584226,0.1993989517503831,0.7188061008047892,400.0,7196,7995,0.0004271539867,0.00042715398012660444,0.00042715398380437363,0.001374685,0.001683113,1.190476e-06,0.00033656406421095857,1
7998,0.000391408480040614,0.17633539265531142,0.7735899202742135,400.0,7197,7996,0.00039140848045000003,0.00039140848093666136,0.0003914084787936645,-0.01253098,-0.01222235,1.190476e-06,-0.0021542523334735523,1
7999,0.0003965587613386201,0.1744724013393203,0.7603099214461128,400.0,7198,7997,0.0003965587667,0.00039655875298194587,0.0003965587650998259,0.0115755,0.01188423,1.111111e-06,0.002074387398964466,1
8000,0.0003898479993224669,0.1756434254061057,0.7381773912023496,400.0,7199,7998,0.0003898480041999999,0.0003898479917552322,0.000389848002708959,-0.01320472,-0.01289609,1.111111e-06,-0.002264197470287472,1
8001,0.00041132932390633474,0.18630620602303216,0.7221323937917665,400.0,7200,7999,0.0004113293241999999,0.00041132932528853416,0.00041132932227242234,0.01009657,0.010405,1.111111e-06,0.001939420177794769,1
8002,0.0003891441660423129,0.18721863761838228,0.6917001809910406,400.0,7201,8000,0.00038914416294999997,0.000389144173823297,0.00038914416091188284,0.003847251,0.004156084,1.388889e-06,0.0007792252474011736,1
8003,0.00040433765969648337,0.20619850789772115,0.6341555392773631,400.0,7202,8001,0.0004043376641999999,0.0004043376538902521,0.0004043376616425576,0.008336631,0.008645666,1.587302e-06,0.0017839834316780762,1
8004,0.00040282164099967607,0.21062319626764045,0.6330492899065621,400.0,7203,8002,0.00040282164544999996,0.00040282163536176085,0.00040282164282302803,-0.00213287,-0.001823736,1.587302e-06,-0.0003828681260890436,1
8005,0.00040836995697747806,0.2241108591655081,0.5954241644132855,400.0,7204,8003,0.0004083699567,0.0004083699604962021,0.00040836995369659235,-0.007548991,-0.007239757,1.587302e-06,-0.0016212765910344768,1
8006,0.00040160352295736496,0.23548179871112968,0.5594574732782427,400.0,7205,8004,0.0004016035241999999,0.0004016035236418247,0.00040160352120778954,-0.002770758,-0.002461524,1.587302e-06,-0.0005784305778206725,1
8007,0.00038852309042108684,0.23870458328779376,0.5400915992381277,400.0,7206,8005,0.00038852308795,0.0003885230980813503,0.00038852308487889785,0.003288585,0.00359762,1.587302e-06,0.0008599767886653708,1
8008,0.00038607051933949125,0.2474150387961857,0.5140853470370572,400.0,7207,8006,0.0003860705215749999,0.0003860705182887614,0.00038607051847407094,0.01651159,0.01682063,1.785714e-06,0.004163020725527696,1
8009,0.0003923749033192651,0.2389355351019185,0.5539234905871411,400.0,7208,8007,0.00039237490532499994,0.00039237490273080766,0.00039237490218852145,0.007306986,0.007615819,1.587302e-06,0.0018208978271516197,1
8010,0.00042187515273651283,0.24548928014725474,0.5677606612995661,400.0,7209,8008,0.0004218751528249999,0.00042187515646219254,0.000421875148934987,0.00265137,0.002960504,1.507937e-06,0.0007279097504644309,1
8011,0.0004361738170278762,0.2805516378997058,0.4974888509334708,400.0,7210,8009,0.00043617382282499996,0.0004361738101579249,0.00043617381892886443,0.007405806,0.007714842,1.706349e-06,0.0021656391892306637,1
8012,0.00043199747886053786,0.44209759530292836,0.43551299883835615,600.0,7211,8010,0.00043199748657499995,0.0004319974686950445,0.00043199748241363523,0.003618712,0.003927747,1.984127e-06,0.0017375544528828151,1
8013,0.0004510757915068759,0.5202519738414383,0.4128279098111558,600.0,7212,8011,0.00045107579657499986,0.00045107578625902534,0.00045107579241062014,0.002299119,0.002608254,1.984127e-06,0.0013579011727917246,1
8014,0.0004459710419397557,0.3803316047767022,0.4454720747151802,400.0,7213,8012,0.0004459710490749999,0.00044597103260457516,0.00044597104515901263,-0.001345412,-0.001036178,1.984127e-06,-0.0003928617407803045,1
8015,0.00044493021770682496,0.3066625402431714,0.5257014256830961,400.0,7214,8013,0.0004449302178249998,0.00044493022141978145,0.0004449302138925759,0.005053382,0.005362818,1.984127e-06,0.001645951060315819,1
8016,0.00044105867792225076,0.4618117583352017,0.4294241708635258,600.0,7215,8014,0.00044105867657499994,0.00044105868437327445,0.0004410586726260135,0.0005906741,0.0009000109,1.984127e-06,0.00041670345007121704,1
8017,0.00044492879230196224,0.5492523211284519,0.3846062641964272,600.0,7216,8015,0.00044492879282499986,0.00044492879533208907,0.0004449287888235176,-0.00473955,-0.004430213,1.984127e-06,-0.002432410432703606,1
8018,0.00044689578604325956,0.38472552767355317,0.45154856137835925,400.0,7217,8016,0.00044689579270000004,0.0004468957777135074,0.0004468957886672342,0.009339516,0.009648852,1.984127e-06,0.0037133804598369724,1
8019,0.0004431182408381337,0.3300403737004384,0.47368232111151465,400.0,7218,8017,0.00044311824019999986,0.00044311824603937566,0.0004431182361838637,0.001719916,0.00202915,1.904762e-06,0.0006709775379319542,1
8020,0.00044775678140036884,0.49929349270000223,0.40285375777543947,600.0,7219,8018,0.00044775678145,0.0004477567854337394,0.0004477567773244573,0.001410859,0.001720196,1.904762e-06,0.0008598363956968309,1
8021,0.00044052521973430127,0.5160670810689176,0.42221872729377763,600.0,7220,8019,0.00044052522645000007,0.0004405252111610025,0.0004405252225512868,0.003734091,0.004043127,1.587302e-06,0.0020872928969710145,1
8022,0.00044217316221733095,0.5054480596502183,0.440474161429542,600.0,7221,8020,0.00044217316690000003,0.00044217315735295415,0.0004421731630679915,0.005796182,0.006105218,1.785714e-06,0.0030867537201651964,1
8023,0.00044060372699222436,0.5928830723716677,0.35415357065178654,600.0,7222,8021,0.00044060372564999996,0.0004406037332955748,0.00044060372183935215,0.00440348,0.004712515,1.785714e-06,0.0027946973661948722,1
8024,0.0004533986484505319,0.5852690122485906,0.3890134897264291,600.0,7223,8022,0.0004533986494000002,0.0004533986502792686,0.0004533986458079653,0.003160886,0.003469619,1.388889e-06,0.0020312365003157897,1
8025,0.00045934823094198086,0.5428502668132472,0.4343863088721769,600.0,7224,8023,0.00045934823352499995,0.00045934822992421687,0.0004593482297457285,0.000544802,0.0008537341,1.587302e-06,0.0004641754186583543,1
8026,0.0004659403440090665,0.5489925803440617,0.4227658250305606,600.0,7225,8024,0.00046594035102500006,0.0004659403348341584,0.0004659403471703172,-0.00361423,-0.003305397,1.388889e-06,-0.001814012028847442,1
8027,0.0004704745175550329,0.6095723806805027,0.37351696147342556,600.0,7226,8025,0.00047047452477499995,0.00047047450789250433,0.00047047452102901845,-0.008353778,-0.008044846,1.587302e-06,-0.004903296201887018,1
8028,0.00047020926508562166,0.389211077128789,0.4963580868452805,400.0,7227,8026,0.0004702092722750001,0.00047020925558172166,0.00047020926842719743,1.440631e-05,0.0003235408,1.785714e-06,0.00012701635759372612,1
8029,0.00046268594161417217,0.35128462609507305,0.4554131831364755,400.0,7228,8027,0.000462685942275,0.00046268594451248646,0.0004626859381494342,0.00723771,0.007546844,1.587302e-06,0.0026521199799482754,1
8030,0.0004610207137451803,0.3263968729019808,0.48307702811939673,400.0,7229,8028,0.00046102071766250004,0.0004610207106452435,0.00046102071348741447,3.337927e-05,0.0003424145,1.706349e-06,0.00011291242405861588,1
8031,0.000466435682639258,0.2867826785360046,0.568291572095015,400.0,7230,8029,0.0004664356851625001,0.00046643568202853203,0.000466435681087205,0.003648677,0.003957812,1.507937e-06,0.0011361074132900178,1
8032,0.000466665025231498,0.25438839292725657,0.6385661166162717,400.0,7231,8030,0.00046666503012500005,0.0004666650202125311,0.00046666502605603456,-0.002738185,-0.002429253,1.587302e-06,-0.000616790255888587,1
8033,0.0004643229511327494,0.2702666397767367,0.5616511408108961,400.0,7232,8031,0.00046432295512500006,0.00046432294766418636,0.0004643229511793834,0.003087384,0.00339642,1.785714e-06,0.0009192421157481217,1
8034,0.00046117539165393094,0.26542747010148643,0.5826783379564413,400.0,7233,8032,0.00046117539062500004,0.00046117539750412107,0.0004611753866856816,-0.002097598,-0.001788261,1.785714e-06,-0.000473341856660499,1
8035,0.0004721430283062631,0.29820706136800346,0.5090839072041726,400.0,7234,8033,0.00047214302937500005,0.0004721430304925889,0.0004721430252038772,-0.003124194,-0.002815159,1.785714e-06,-0.000838247091198071,1
8036,0.0004632291624390728,0.2964763482561796,0.5218108233565576,400.0,7235,8034,0.00046322916187500006,0.0004632291675079614,0.0004632291578536751,0.001016969,0.001326005,1.587302e-06,0.00039424582466889566,1
8037,0.000458483375432355,0.32733478902510793,0.45264333080372804,400.0,7236,8035,0.0004584833748750001,0.00045848338049836457,0.0004584833708440783,0.002360821,0.002669856,1.785714e-06,0.0008751379381719694,1
8038,0.00045011625930768044,0.46599755109407565,0.43936318605943,600.0,7237,8036,0.00045011625987499996,0.0004501162620726973,0.0004501162560563898,-0.02261271,-0.02230317,1.984127e-06,-0.010392163072957915,1
8039,0.00045470072654386245,0.5095253458274056,0.4338292098820523,600.0,7238,8037,0.000454700728625,0.00045470072655007243,0.0004547007247538204,0.01195766,0.0122666,1.706349e-06,0.006250980528062127,1
8040,0.00043107895427398047,0.515320802622704,0.4166839931992921,600.0,7239,8038,0.0004310789573750001,0.00043107895180583,0.0004310789540841142,-0.01976653,-0.0194576,1.507937e-06,-0.010026175183416669,1
8041,0.00044767744346249844,0.5138117502151163,0.43605289608253256,600.0,7240,8039,0.00044767744237500013,0.00044767744839191437,0.00044767743946522387,-0.01141644,-0.01110721,1.904762e-06,-0.005706088937203804,1
8042,0.00042720324832998247,0.345297809617104,0.4924982046230359,400.0,7241,8040,0.000427203247375,0.0004272032529115677,0.0004272032445669538,0.01500728,0.01531632,1.984127e-06,0.00528999075968754,1
8043,0.00040993286976322006,0.468943309923867,0.4017553525030526,600.0,7242,8041,0.00040993287362500004,0.00040993286529555917,0.0004099328709207839,-0.009010188,-0.008701355,1.706349e-06,-0.004079536046470535,1
8044,0.0004290555868415913,0.3338027154737275,0.49526932712723903,400.0,7243,8042,0.000429055583875,0.00042905559530481696,0.00042905558092115825,0.01153419,0.01184332,1.706349e-06,0.00395446914129456,1
8045,0.0004139434069722238,0.26378148610320357,0.5738415533667865,400.0,7244,8043,0.00041394341137500015,0.00041394340223632753,0.0004139434079343118,0.02037591,0.02068484,1.706349e-06,0.0054575340807319584,1
8046,0.00042958265848554004,0.4454684374252107,0.4244480477988622,600.0,7245,8044,0.0004295826566250001,0.0004295826656743884,0.00042958265289144037,0.00233835,0.002647988,2.301587e-06,0.0011808713793162206,1
8047,0.00045486034100896756,0.3425043812403,0.49195886596623023,400.0,7246,8045,0.0004548603483750001,0.00045486033195629716,0.00045486034374789594,-0.007061314,-0.006751576,2.380952e-06,-0.002310878894768383,1
8048,0.0004680471940465738,0.3002873945334953,0.5450767716263514,400.0,7247,8046,0.00046804719837499994,0.00046804719022475183,0.0004680471941583164,0.009104194,0.009413531,2.103175e-06,0.00282823631540929,1
8049,0.0004667108299298753,0.2692154247287448,0.6009617008123663,400.0,7248,8047,0.00046671083212500015,0.00046671082964167,0.0004667108283365451,-0.00916773,-0.008858393,1.984127e-06,-0.002383366064502161,1
8050,0.00047858492777460497,0.266938247658841,0.5993027133762915,400.0,7249,8048,0.00047858492825000003,0.00047858493053354323,0.00047858492460818526,-0.00718923,-0.006879997,1.706349e-06,-0.0018352834838900375,1
8051,0.0004694431775996374,0.22987048921015363,0.7193745443282452,400.0,7250,8049,0.00046944317575000005,0.0004694431845564395,0.00046944317222823883,0.01531607,0.015625,1.904762e-06,0.0035931933073358817,1
8052,0.0005005307442964332,0.23923665108620962,0.6883886992684072,400.0,7251,8050,0.0005005307382500001,0.0005005307612009346,0.0005005307325745889,-0.009127462,-0.00881853,1.785714e-06,-0.00210835707894043,1
8053,0.0005477053515190581,0.2684353539747976,0.656298481605108,400.0,7252,8051,0.0005477053632500002,0.000547705334611237,0.0005477053583717861,-0.01095153,-0.0106429,1.388889e-06,-0.0028559145667287206,1
8054,0.0005194318504175815,0.30036265585342853,0.556702340591628,400.0,7253,8052,0.0005194318607500001,0.000519431836437434,0.0005194318555413702,-0.01094207,-0.01063344,1.190476e-06,-0.0031930553777911705,1
8055,0.000513260182879225,0.29118221500718655,0.59377545322269,400.0,7254,8053,0.0005132601795000001,0.0005132601945661008,0.0005132601740888276,0.01745009,0.01775902,1.507937e-06,0.005172179632521175,1
8056,0.0004727472612935322,0.252262832662879,0.6585146458331715,400.0,7255,8054,0.00047274726700000005,0.0004727472551167011,0.00047274726257910514,0.009689268,0.009998704,2.579365e-06,0.0025242300810762877,1
8057,0.0004948351998994583,0.2661008352196323,0.609273566489555,400.0,7256,8055,0.0004948352020000001,0.0004948351997882128,0.0004948351982102395,0.005912332,0.00622207,2.579365e-06,0.001657591017614181,1
8058,0.0005254967233964047,0.30462884257793366,0.5517309266621757,400.0,7257,8056,0.0005254967245,0.0005254967254586518,0.0005254967203882188,0.01384251,0.01415215,2.301587e-06,0.004312753531705402,1
8059,0.000534064084309012,0.35570864423350584,0.47758983999916815,400.0,7258,8057,0.000534064089875,0.0005340640782378614,0.000534064085609316,-0.0011262,-0.0008171647,1.706349e-06,-0.00028957316164185875,1
8060,0.0005574766516572121,0.36874258992880377,0.49805564218448,400.0,7259,8058,0.000557476652375,0.0005574766546487808,0.0005574766480503968,0.0009700401,0.001279175,1.984127e-06,0.0004729387973434499,1
8061,0.0005629307287765939,0.35247373788811676,0.5406584863934487,400.0,7260,8059,0.000562930739875,0.0005629307124763727,0.0005629307355638957,-0.003073446,-0.002764514,1.785714e-06,-0.0009732622863124084,1
8062,0.0006025160149038549,0.3974183642992008,0.48698102705630886,400.0,7261,8060,0.0006025160275,0.0006025159964337945,0.0006025160225772197,-0.002828792,-0.002520161,9.920635e-07,-0.001000960463144089,1
8063,0.0005767482104586766,0.3718931910473648,0.5290302003834617,400.0,7262,8061,0.0005767482075000001,0.0005767482216469944,0.0005767482018063674,0.005481331,0.005789961,1.309524e-06,0.002154069593270678,1
8064,0.0005956960385678202,0.3550080040815075,0.5683138652616821,400.0,7263,8062,0.0005956960425000001,0.0005956960376352072,0.0005956960361299935,-0.0006444663,-0.0003349311,2.103175e-06,-0.00011754669027480791,1
8065,0.0006099723571495591,0.3164899783071845,0.6695709408617795,400.0,7264,8063,0.00060997237,0.0006099723395891488,0.0006099723636953058,-0.01951252,-0.01920218,3.174603e-06,-0.006075127658685256,1
8066,0.0005911422653949773,0.31338208685055363,0.630837072434465,400.0,7265,8064,0.000591142262125,0.0005911422776989639,0.0005911422558938284,-0.001250154,-0.0009394082,3.373016e-06,-0.00029207772891358256,1
8067,0.0005539000927037175,0.28278340619334325,0.6773171094686898,400.0,7266,8065,0.0005539000996250001,0.0005539000849239528,0.0005539000945509543,-0.004264545,-0.003953498,3.571429e-06,-0.0011154221426761678,1
8068,0.0005395347197497499,0.25437583904378086,0.7343101329968215,400.0,7267,8066,0.000539534719625,0.0005395347252488136,0.0005395347143576146,-0.001555442,-0.001244395,3.492063e-06,-0.00031394025568250443,1
8069,0.0005421068762333105,0.24420308059041224,0.7503564664408529,400.0,7268,8067,0.000542106885875,0.0005421068635769188,0.000542106880625397,0.008797445,0.00910829,3.571429e-06,0.0022269717519469356,1
8070,0.0005337654786926158,0.24554779053196804,0.7232422589761468,400.0,7269,8068,0.000533765484625,0.0005337654729373753,0.0005337654793629554,0.002391816,0.002703566,4.68254e-06,0.0006673874105062732,1
8071,0.0005373512866736752,0.2548189260434444,0.6944689998918296,400.0,7270,8069,0.0005373512833749999,0.0005373512976802886,0.0005373512784944978,-0.01409056,-0.01377861,4.563492e-06,-0.0035076499747019115,1
8072,0.0005140802411365288,0.23535643016326876,0.7486950308606418,400.0,7271,8070,0.000514080253375,0.0005140802240930498,0.0005140802476898898,9.706364e-05,0.0004090156,4.365079e-06,9.960218108626682e-05,1
8073,0.0004992366724068889,0.23087487009831045,0.7254546462794441,400.0,7272,8071,0.0004992366671249999,0.0004992366884835064,0.0004992366608576049,-0.01802144,-0.01770959,4.68254e-06,-0.004085097831558568,1
8074,0.0005120690844312376,0.22331426348013161,0.7730406713750038,400.0,7273,8072,0.0005120690841750001,0.0005120690912008286,0.0005120690778812787,-0.01069593,-0.01038358,5.15873e-06,-0.0023147948079774677,1
8075,0.000513399368458628,0.22750671677965653,0.747589246705557,400.0,7274,8073,0.000513399371675,0.0005133993690833449,0.0005133993650770208,-0.01138203,-0.01106807,6.547619e-06,-0.002513002275088827,1
8076,0.0005028688981300383,0.22055103615258326,0.76806254081013,400.0,7275,8074,0.0005028688979249999,0.0005028689047321677,0.0005028688917036561,-0.01994463,-0.01963067,6.666667e-06,-0.004324368282183966,1
8077,0.000497687477151064,0.2173599581521696,0.7669534050729713,400.0,7276,8075,0.000497687472925,0.0004976874915882945,0.0004976874663361741,0.003933008,0.004246769,6.269841e-06,0.0009279845607445504,1
8078,0.0004602126965363463,0.2163890389357554,0.7099613702620292,400.0,7277,8076,0.000460212697925,0.00046021270100027323,0.00046021269088214467,-0.01252255,-0.01220899,6.150794e-06,-0.0026370717828786,1
8079,0.0004623794021174032,0.20986775826725895,0.7420543651009617,400.0,7278,8077,0.00046237941042499993,0.0004623793938662857,0.00046237940324772353,-0.002823272,-0.002508804,7.34127e-06,-0.0005207164972896671,1
8080,0.0004683697796084482,0.21473317947178544,0.7215782927317214,400.0,7279,8078,0.000468369785425,0.00046836977708153427,0.00046836977714974636,-0.005252699,-0.00493793,7.063492e-06,-0.0010547906830044472,1
8081,0.0004884740834815844,0.2197313635492215,0.7354115823512481,400.0,7280,8079,0.0004884740829249999,0.0004884740919806063,0.0004884740754596351,0.02452039,0.02483536,7.34127e-06,0.005462835679768511,1
8082,0.00047815107272311454,0.22173911159609794,0.7165977669621213,400.0,7281,8080,0.0004781510729249999,0.0004781510797329247,0.00047815106554025986,0.01769672,0.01801109,6.865079e-06,0.003999105917958867,1
8083,0.0005176531394685297,0.24775084752993937,0.6728937611165597,400.0,7282,8081,0.000517653150425,0.0005176531267352402,0.000517653142810559,0.00644234,0.006756907,6.865079e-06,0.0016791936857903703,1
8084,0.0005200967448331448,0.2557976466928217,0.67068545848952,400.0,7283,8082,0.000520096750425,0.0005200967425480485,0.0005200967423252223,0.009399125,0.009714097,8.055556e-06,0.0024908381160781965,1
8085,0.0005244470679867732,0.2461991150117768,0.7193781450817952,400.0,7284,8083,0.0005244470729249998,0.0005244470667093992,0.0005244470650313815,-0.02381974,-0.02350497,7.34127e-06,-0.005781368956555426,1
8086,0.0005079170935625988,0.23901031850074778,0.7155063487081262,400.0,7285,8084,0.000507917104175,0.00050791708054021,0.0005079170974886438,0.004387223,0.004702194,7.65873e-06,0.001129701100095694,1
8087,0.0004813761441338115,0.22806972573574177,0.7149547558369417,400.0,7286,8085,0.00048137615417499996,0.0004813761333934963,0.00048137614626739375,-0.003525553,-0.003209271,8.849206e-06,-0.0007251065867670688,1
8088,0.00047974201128999467,0.2185137684545335,0.7426213912900679,400.0,7287,8086,0.000479742015425,0.0004797420115210116,0.00047974200751468746,0.007912099,0.008227877,8.055556e-06,0.001804199715751825,1
8089,0.0004592837602152568,0.20347091737399087,0.7713942610990051,400.0,7288,8087,0.00045928376167499993,0.0004592837649397552,0.00045928375423955005,0.0143183,0.01463609,1.09127e-05,0.0029867109419882665,1
8090,0.0005101768795488619,0.2154949565280499,0.774715176230153,400.0,7289,8088,0.0005101768854249999,0.0005101768765598536,0.0005101768775011805,-0.01828374,-0.01796564,1.071429e-05,-0.0038630993962563732,1
8091,0.0005304748255615054,0.22566399117977648,0.7719499716280259,400.0,7290,8089,0.0005304748329249999,0.0005304748192429543,0.0005304748255684899,-0.02004081,-0.01971869,1.468254e-05,-0.004438429066813803,1
8092,0.0005371685730603344,0.22707064211380842,0.7868920487793535,400.0,7291,8090,0.000537168570425,0.0005371685838326812,0.000537168564546846,-0.003590221,-0.003269309,1.34127e-05,-0.0007319970242999328,1
8093,0.0005102488934011146,0.22514484180460256,0.7575676546934946,400.0,7292,8091,0.000510248904175,0.0005102488794364035,0.0005102488981310671,0.0158048,0.01612683,1.428571e-05,0.0036419419452417027,1
8094,0.000505979103680226,0.2285385486769156,0.7343281513806059,400.0,7293,8092,0.00050597910105,0.000505979114677757,0.0005059790949371745,0.0007982977,0.001120825,1.587302e-05,0.00026839714186688426,1
8095,0.0005199435277050558,0.2402105282628517,0.7099829728249095,400.0,7294,8093,0.0005199435248,0.0005199435399845243,0.0005199435179156353,-0.02168332,-0.0213614,1.480159e-05,-0.00511998708618711,1
8096,0.0005218693845681415,0.24686419989594177,0.698362395230331,400.0,7295,8094,0.0005218693806750001,0.0005218693986535072,0.0005218693738197544,-0.006795897,-0.006475084,1.369048e-05,-0.0015881556403104056,1
8097,0.0005183498830046646,0.2539689733003567,0.6740201030457774,400.0,7296,8095,0.0005183498931750001,0.0005183498724363744,0.0005183498848555246,-0.01105175,-0.01073164,1.261905e-05,-0.002716089389801566,1
8098,0.000534881779998167,0.28078626177963106,0.6153655871844318,400.0,7297,8096,0.0005348817844250001,0.0005348817794583738,0.0005348817767435321,-0.01805908,-0.01773867,1.309524e-05,-0.004971356561729196,1
8099,0.0005229400752789401,0.2617932222940011,0.6823170196690691,400.0,7298,8097,0.000522940081925,0.0005229400703683496,0.000522940074492908,0.01472806,0.01504918,1.349206e-05,0.003949733255219651,1
8100,0.0005195883988940977,0.25489484901139753,0.6856385671488332,400.0,7299,8098,0.000519588394425,0.0005195884150452912,0.0005195883865735596,0.02174457,0.02206397,1.123016e-05,0.00563235995180443,1
8101,0.0005588489631948292,0.28498286890334157,0.6314172233996396,400.0,7300,8099,0.0005588489694249999,0.0005588489584624767,0.0005588489625870352,-0.002877537,-0.002558538,1.18254e-05,-0.0007206841358561473,1
8102,0.0006121438914678597,0.30619160872398316,0.6513414159038202,400.0,7301,8100,0.0006121438944250001,0.0006121438927948475,0.0006121438876061802,-0.01554929,-0.01523029,1.142857e-05,-0.004655457758666508,1
8103,0.0006420777600058603,0.3129441788487378,0.6789999715738589,400.0,7302,8101,0.000642077760675,0.0006420777644962072,0.0006420777549419654,0.0180768,0.0183962,1.242063e-05,0.005765517369081017,1
8104,0.0005734742869658277,0.32685537087351013,0.5766362554578018,400.0,7303,8102,0.0005734742981750001,0.0005734742735512555,0.0005734742907725376,-0.005298728,-0.004978419,1.289683e-05,-0.0016185415567614722,1
8105,0.000586978225935822,0.3503631465278621,0.5462095493271264,400.0,7304,8103,0.0005869782344250001,0.0005869782180525362,0.0005869782265426693,-0.008444979,-0.00812467,1.329365e-05,-0.0028379489007433656,1
8106,0.0005824705603721012,0.3569057689769997,0.5406748987810871,400.0,7305,8104,0.000582470565675,0.0005824705585837364,0.0005824705576151245,-0.02979885,-0.02947914,1.210317e-05,-0.01051349165167654,1
8107,0.0005614676676618192,0.348302825362615,0.5417755721200423,400.0,7306,8105,0.0005614676744250001,0.0005614676629193127,0.0005614676666073137,-0.007901523,-0.007581718,1.210317e-05,-0.0026328461988094384,1
8108,0.0005234197739139294,0.32281353866996304,0.5550639308071481,400.0,7307,8106,0.0005234197860500001,0.0005234197597019374,0.000523419777723575,0.0264899,0.02681081,1.428571e-05,0.008664566540110519,1
8109,0.0005438752143491441,0.30548783052329503,0.6048606235922991,400.0,7308,8107,0.0005438752198,0.00054387521231547,0.000543875211710656,-0.004837189,-0.004515571,1.468254e-05,-0.0013692547856550775,1
8110,0.0005356211835513419,0.30123840579386413,0.5954641767140286,400.0,7309,8108,0.0005356211823000001,0.0005356211913749576,0.000535621176800305,-0.01303667,-0.01271505,1.428571e-05,-0.0038202790860953056,1
8111,0.0005202225724757225,0.2999754605012214,0.5788615777355721,400.0,7310,8109,0.0005202225673,0.0005202225875109434,0.0005202225618768353,-0.007629825,-0.007308306,1.448413e-05,-0.002182173211400549,1
8112,0.0004926860006665089,0.3097587778898719,0.5246381294035457,400.0,7311,8110,0.0004926860048,0.0004926859983243048,0.0004926859994657207,0.02166788,0.02199041,1.5e-05,0.006822076145228869,1
8113,0.00047781213532235216,0.2988151006108793,0.5395730211954661,400.0,7312,8111,0.0004778121373,0.0004778121365234256,0.00047781213242615195,0.02184961,0.02217425,1.777778e-05,0.006638466255601452,1
8114,0.0005009926398409229,0.304693251998808,0.5445604895110712,400.0,7313,8112,0.0005009926435499999,0.000500992638990283,0.0005009926375123541,0.01218828,0.0125109,1.718254e-05,0.003823933942441687,1
8115,0.0005283262479158864,0.355291046774415,0.4731928581029744,400.0,7314,8113,0.0005283262457625001,0.0005283262580633163,0.0005283262396142164,0.0106305,0.01095282,1.428571e-05,0.003900649008071932,1
8116,0.0005516916927487719,0.5668094645963894,0.43280916329625635,600.0,7315,8114,0.0005516916995125,0.0005516916862688959,0.0005516916934311666,-0.0006143704,-0.0002924502,1.519841e-05,-0.0001591797339179234,1
8117,0.0005511577625192703,0.66033415452453,0.3985028896960235,600.0,7316,8115,0.0005511577745125,0.0005511577473953366,0.0005511577673632928,0.01137709,0.01170143,1.805556e-05,0.007732986742830904,1
8118,0.0005478694842335686,0.7125418953673176,0.3752669623471459,600.0,7317,8116,0.0005478694902625,0.000547869480215013,0.0005478694830844688,-0.01320435,-0.0128784,2.063492e-05,-0.009170467870306016,1
8119,0.0005531110359407836,0.7000564041971529,0.39739408829208944,600.0,7318,8117,0.0005531110477624999,0.0005531110218726099,0.0005531110398760574,0.01474931,0.01507436,1.904762e-05,0.010558615468807679,1
8120,0.0005204712541224619,0.4656132980024643,0.4477354396017487,400.0,7319,8118,0.0005204712602625,0.0005204712506383657,0.0005204712523436683,0.004557417,0.004883571,1.916667e-05,0.0022840980129087674,1
8121,0.0005562989865112127,0.42061812696901874,0.4571407337051382,400.0,7320,8119,0.0005562989852625,0.0005562989972531796,0.0005562989768395709,0.006784964,0.007113035,2.063492e-05,0.0030038269573645186,1
8122,0.0005598832976740282,0.4033929142014902,0.46930627657375,400.0,7321,8120,0.0005598832965124999,0.000559883308596909,0.000559883287746743,0.01204249,0.01237086,2.015873e-05,0.005002344107737346,1
8123,0.0005682032975196476,0.6788719080021021,0.3686159177025455,600.0,7322,8121,0.0005682033123875001,0.0005682032788172364,0.0005682033034781853,-0.006502817,-0.006174846,2.202381e-05,-0.004184857021555324,1
8124,0.0005731806778252351,0.8137003138088212,0.3337585431649471,600.0,7323,8122,0.0005731806848875001,0.0005731806741096079,0.0005731806754874924,-0.01571929,-0.01539132,2.083333e-05,-0.012520040671090669,1
8125,0.0005750544947983286,0.77220820439432,0.37911928585788973,600.0,7324,8123,0.0005750544998875001,0.0005750544951297343,0.0005750544901047761,0.002507557,0.002834116,1.956349e-05,0.002192984029920626,1
8126,0.0005575664609260875,0.8773262880399003,0.30554910492134224,600.0,7325,8124,0.0005575664623875001,0.0005575664690695703,0.000557566451529965,0.008238968,0.008566634,1.984127e-05,0.007518167210457306,1
8127,0.0005414160535576458,0.7396523092417974,0.39018695050307733,600.0,7326,8125,0.0005414160586375001,0.0005414160550571978,0.0005414160477039331,-0.01296032,-0.01263135,2.134921e-05,-0.009337248978818364,1
8128,0.0005412406753449205,0.46306478690280567,0.48643745986688164,400.0,7327,8126,0.0005412406811375,0.0005412406753748655,0.0005412406703499073,-0.01033134,-0.009999335,2.650794e-05,-0.004616106884532099,1
8129,0.0005249407919300349,0.6246086246828351,0.3868497142750702,600.0,7328,8127,0.0005249408021875,0.0005249407840892673,0.0005249407909786897,0.00470535,0.005038968,2.630952e-05,0.0031572592391975506,1
8130,0.0005037349144448835,0.4003118372829597,0.5157589243222561,400.0,7329,8128,0.0005037349184375,0.0005037349183112383,0.0005037349071562858,-0.003007999,-0.002673976,2.619048e-05,-0.0010547181245786621,1
8131,0.0005048791020845598,0.37159204847520755,0.46485467354460586,400.0,7330,8129,0.0005048791059375,0.0005048791063018143,0.0005048790945647852,-0.01742672,-0.0170923,2.650794e-05,-0.006334704969878249,1
8132,0.0005032704146499331,0.3432830953494312,0.5024757351402592,400.0,7331,8130,0.0005032704171875,0.0005032704211771488,0.00050327040594766,-0.004040147,-0.003705219,2.698413e-05,-0.0012542181129392355,1
8133,0.0004939070666432168,0.5176506488841246,0.42889225596235014,600.0,7332,8131,0.0004939070659375,0.0004939070786349475,0.0004939070552563862,0.01111827,0.0114536,2.928571e-05,0.005943089415274677,1
8134,0.00048783305308182205,0.6524193699674837,0.3497671179844633,600.0,7333,8132,0.0004878330600625001,0.0004878330510109663,0.00048783304916923955,-0.01278843,-0.01245178,2.936508e-05,-0.00811357572956636,1
8135,0.0005015415504106391,0.7033824640541749,0.34810017711444813,600.0,7334,8133,0.0005015415630625,0.000501541537232697,0.0005015415527441291,7.40056e-05,0.0004111559,2.968254e-05,0.0002980042119278253,1
8136,0.0004699863548141925,0.689476933680339,0.34312118353438015,600.0,7335,8134,0.0004699863630625001,0.00046998634934425354,0.0004699863532141535,0.01580511,0.01614266,2.996032e-05,0.01113929508867858,1
8137,0.0004665247100275166,0.729866523855551,0.3137950590975431,600.0,7336,8135,0.0004665247150625001,0.0004665247106458992,0.000466524705093434,-0.001080276,-0.0007415062,3.305556e-05,-0.0005322711392826376,1
8138,0.0004895586237811823,0.7747875443812454,0.30992874922252395,600.0,7337,8136,0.0004895586325625001,0.000489558617118746,0.0004895586229167748,-0.01529304,-0.01495357,3.154762e-05,-0.011578734863063931,1
8139,0.0004750909653949265,0.7564636294444722,0.31656442003526947,600.0,7338,8137,0.0004750909750625001,0.00047509095747955143,0.00047509096502381,-0.02777783,-0.02743916,3.174603e-05,-0.020748995249581837,1
8140,0.0004543157729363,0.6716147115578505,0.3530812908098814,600.0,7339,8138,0.00045431578006250006,0.0004543157701846212,0.0004543157695798072,0.005459721,0.005797578,3.095238e-05,0.003903902982438411,1
8141,0.000417578412042286,0.6582433662548429,0.31934106481273117,600.0,7340,8139,0.0004175784175625,0.00041757841245271266,0.0004175784069002475,-0.02929968,-0.02896082,3.166667e-05,-0.019052445351759463,1
8142,0.0004293530326333052,0.5942774906106989,0.3746671386988263,600.0,7341,8140,0.00042935303631250004,0.0004293530364520848,0.00042935302566093013,0.002473459,0.002811824,3.305556e-05,0.0016844150955114066,1
8143,0.00038548390333520085,0.5401509929429406,0.36914521585421567,600.0,7342,8141,0.0003854839100625,0.00038548390148207545,0.00038548389942206997,0.02491965,0.02525942,3.206349e-05,0.013658645158202056,1
8144,0.00038737949979721623,0.5438692204995174,0.3553090328302991,600.0,7343,8142,0.00038737950956250003,0.00038737949216738343,0.0003873794990568058,-0.03729493,-0.03695566,3.115079e-05,-0.02008483716312044,1
8145,0.0004199287525154489,0.3698599835468589,0.44882639593513524,400.0,7344,8143,0.0004199287595625001,0.0004199287504889071,0.0004199287485016612,0.005679339,0.006019417,3.206349e-05,0.0022465459606978277,1
8146,0.0003743523261995849,0.28863371544998895,0.47705847690442355,400.0,7345,8144,0.00037435233306249994,0.00037435232661664486,0.0003743523199000265,0.004246101,0.004584057,3.035714e-05,0.0013447084496358945,1
8147,0.0003842846585476868,0.431276632562545,0.40126496966397496,600.0,7346,8145,0.00038428467056250004,0.0003842846490442753,0.00038428465775268704,0.03011004,0.03045295,3.551587e-05,0.013153844432779425,1
8148,0.00038229258196231374,0.20631435902432277,0.46322649934872817,400.0,7347,8146,0.0003822925905625,0.00038229257916100323,0.00038229257739203604,-0.035884,-0.03554281,3.305556e-05,-0.007306756339746879,2
8149,0.00042498167760297975,0.26229826184501004,0.5041838326352094,400.0,7348,8147,0.0004249816880625,0.00042498167022131383,0.00042498167601934256,-0.006308498,-0.005968923,3.186508e-05,-0.0015421312030842551,2
8150,0.000382331286646791,0.2574565685127082,0.49811328186185794,400.0,7349,8148,0.00038233129306249996,0.0003823312872555107,0.0003823312805388923,-0.03235698,-0.03201731,3.234127e-05,-0.00821905196800316,2
8151,0.00038252177076730174,0.2803281816059932,0.442790008076308,400.0,7350,8149,0.00038252177681250005,0.00038252177182585,0.00038252176452715505,0.001971405,0.002310571,3.174603e-05,0.0006705648900384321,2
8152,0.0003530382498497303,0.3775008628733086,0.430632281115144,600.0,7351,8150,0.00035303825556249994,0.00035303825279697776,0.0003530382420058231,-0.01622834,-0.01588614,3.484127e-05,-0.005975342897214785,2
8153,0.0003585079980378172,0.473227315749264,0.35484945541652935,600.0,7352,8151,0.0003585080055624999,0.00035850799758918583,0.00035850799203672066,-0.001386528,-0.001043921,3.503968e-05,-0.00047555398639540067,2
8154,0.0003206013697255022,0.40111112291362605,0.4251010351386715,600.0,7353,8152,0.00032060138056249997,0.00032060136436484754,0.0003206013657973017,0.02356361,0.02390784,3.59127e-05,0.009611208265415444,2
8155,0.00031465911484749237,0.3811333119515036,0.42011764477263835,600.0,7354,8153,0.0003146591205625,0.0003146591188851744,0.0003146591059112325,-0.004402377,-0.004057553,3.742063e-05,-0.001523310231955971,2
8156,0.0003363449702456077,0.27764829135115104,0.4610666460513977,400.0,7355,8154,0.0003363449805625,0.0003363449650350958,0.00033634496661306913,0.02022403,0.02057037,3.888889e-05,0.005739419539099935,2
8157,0.00033214694962975446,0.3571545116637436,0.43285400863127826,600.0,7356,8155,0.00033214696181249994,0.00033214694121852517,0.0003321469475986305,-0.04036048,-0.03952229,4.119048e-05,-0.014089085070552454,2
8158,0.0003517563466637269,0.26601394813508117,0.4975807401861953,400.0,7357,8156,0.0003517563555625,0.00035175634548068047,0.0003517563402192536,-0.006471687,-0.006124636,3.980159e-05,-0.0016000247913482049,2
8159,0.00029727842879973817,0.21453688182792033,0.5020243987775017,400.0,7358,8157,0.00029727843806249995,0.00029727842775173485,0.0002972784219082314,9.0058e-05,0.000436502,3.968254e-05,0.00012481494959703916,2
8160,0.000289383813166227,0.19402421533664474,0.5152999246397437,400.0,7359,8158,0.0002893838235625,0.00028938381001353264,0.0002893838074078303,0.01836261,0.01871006,3.880952e-05,0.0036614842437359516,2
8161,0.00029376425302817194,0.20951892505494946,0.4561014020678419,400.0,7360,8159,0.00029376425981250003,0.0002937642566394061,0.00029376424360179955,-0.007980323,-0.00763378,3.940476e-05,-0.0015682726626632202,2
8162,0.000303105214965778,0.21400144916307626,0.4688311368033886,400.0,7361,8160,0.0003031052223125,0.00030310521833598614,0.0003031052052983796,0.008486284,0.008834954,4.138889e-05,0.0019232245668498662,2
8163,0.0003176939033462141,0.3658333074735272,0.3814231874909896,600.0,7362,8161,0.00031769391856249996,0.00031769389170221984,0.00031769390194767765,0.01963271,0.01998138,4.146825e-05,0.0073361521162327486,2
8164,0.0003297472135478342,0.467428255545289,0.32888426338589344,600.0,7363,8162,0.00032974722231250003,0.00032974721398204565,0.000329747205601052,0.02420075,0.02454911,4.079365e-05,0.011496673207832585,2
8165,0.00034547585894980455,0.5280528969765904,0.31505293972538656,600.0,7364,8163,0.00034547586981250006,0.00034547585528343916,0.00034547585330528817,-0.005959303,-0.005610943,4.06746e-05,-0.002943678446283885,2
8166,0.00038276887585834003,0.6556319931177746,0.27411724944987126,600.0,7365,8164,0.00038276889106249995,0.0003827688633464277,0.0003827688753381153,-0.0084372,-0.008088538,4.087302e-05,-0.005289028929916201,2
8167,0.0003710860070066737,0.5609917953916701,0.35043322280499273,600.0,7366,8165,0.0003710860173125001,0.00037108600372448564,0.00037108600145529635,0.01869173,0.01904343,4.376984e-05,0.010702423304989985,2
8168,0.00035316176721103684,0.5330293728490503,0.3371602193004934,600.0,7367,8166,0.0003531617748125,0.00035316176945343614,0.0003531617584530977,-0.01676321,-0.01641151,4.416667e-05,-0.008727192345216848,2
8169,0.000362204747691322,0.586691551209513,0.29953961503067555,600.0,7368,8167,0.00036220476231250005,0.0003622047370299697,0.000362204745820236,0.002692465,0.00304477,4.503968e-05,0.0018049561146510089,2
8170,0.0003411407276027659,0.5851054831612512,0.29177267501956045,600.0,7369,8168,0.0003411407389875001,0.00034114072332158685,0.0003411407221256013,0.009237943,0.009592268,4.603175e-05,0.0056315869234277,2
8171,0.0003430431376793538,0.5604612265659216,0.31057619008023596,600.0,7370,8169,0.00034304315398750007,0.0003430431243032217,0.0003430431370770748,-0.01122904,-0.01087218,4.861111e-05,-0.006072068870580812,2
8172,0.0003517780894746236,0.5523974646476524,0.31995437729403736,600.0,7371,8170,0.00035177810023750007,0.00035177808604203165,0.00035177808368189287,-0.02413935,-0.02378289,4.892857e-05,-0.013115707586010841,2
8173,0.0003321960182585958,0.5301375365683755,0.31774572638708604,600.0,7372,8171,0.0003321960314875,0.0003321960102766752,0.00033219601490145576,-0.02935278,-0.02899562,4.912698e-05,-0.015348583634228963,2
8174,0.0003015732793498052,0.45375511025753457,0.3520482276143431,600.0,7373,8172,0.0003015732881125,0.00030157328001223505,0.00030157327117649404,-0.03832727,-0.03796819,5.111111e-05,-0.017200341057082454,2
8175,0.0002395729962234229,0.23853592030478157,0.4787465300469227,400.0,7374,8173,0.0002717922556125,0.0002717922325246036,0.00017973725187446182,-0.003381631,-0.003013333,5.944444e-05,-0.0006735233545421708,2
8176,0.00021381166344630305,0.15109172534557438,0.5844258085256446,400.0,7375,8174,0.00022012304186250006,0.00022012302360963076,0.0002020905503548065,0.01388007,0.01425629,6.916667e-05,0.0022127236116201506,2
8177,8.416449309571166e-06,0.041365193651572645,0.5855323195558662,400.0,7376,8175,0.00021674668511250004,0.00021674667368642986,-0.0003784825486126551,-0.03346643,-0.03309599,6.72619e-05,-0.0013045424369593844,2
8178,0.00025948740134450893,0.12380993529947751,0.5716974187558833,400.0,7377,8176,0.00022614357886250003,0.00022614355839323252,0.0003214116635660787,0.00178915,0.002155733,5.884921e-05,0.0003184642563704232,2
8179,0.00023560850389474266,0.1385620120630003,0.5473479125960263,400.0,7378,8177,0.00018563347011250005,0.00018563345656730235,0.00032841929446410527,0.02480405,0.02517356,5.992063e-05,0.0035397170313317796,2
8180,0.00023194793547196772,0.13930838225019343,0.5539872305686767,400.0,7379,8178,0.00018755424448750003,0.00018755423661787063,0.0003143933694556086,-0.002180681,-0.001812995,5.904762e-05,-0.00020174360889561359,2
8181,0.00027963418273801305,0.1693401274652317,0.519696154744906,400.0,7380,8179,0.00022212228948750002,0.00022212228213902563,0.00038644199183744037,0.009434609,0.009802612,6.130952e-05,0.0017109029236405777,2
8182,1.0791496697184954e-05,0.047470239823811676,0.5252223865512061,400.0,7381,8180,0.00021743957573749995,0.00021743956313002855,-0.0003729834946273572,0.03142417,0.0317939,6.190476e-05,0.0015682301841308504,2
8183,0.000276700259433237,0.12498142821062609,0.6115321927526498,400.0,7382,8181,0.00022865922836250003,0.00022865922073833644,0.00036591932476019777,-0.004191879,-0.003819729,6.34127e-05,-0.00042190789561023854,2
8184,0.00034091156758315425,0.20843522301241155,0.48098057834803926,400.0,7383,8182,0.0002572043096125,0.0002572042867541313,0.000496367926672738,-0.0208054,-0.02043285,6.480159e-05,-0.004207630990392362,2
8185,0.00033486675319718557,0.1753907158942501,0.6790381101887017,400.0,7384,8183,0.00025524308836250004,0.0002552430669311434,0.00048273929503581543,-0.0011894,-0.0008143962,6.896825e-05,-8.596567328103048e-05,2
8186,2.4242143594485196e-05,0.05281518483528859,0.6757135508860758,400.0,7385,8184,0.00023051047086250002,0.00023051045718602836,-0.0003588275933696421,-0.008498194,-0.00812431,6.765873e-05,-0.00036500161263985426,2
8187,3.0585580629786295e-05,0.027144507249788247,0.5484618747034389,400.0,7386,8185,0.0002237067283625001,0.00022370670922100544,-0.00032806796030375896,0.01020458,0.01057654,6.349206e-05,0.00034886356602470143,2
8188,-1.0497339658393823e-06,0.006785923228642688,0.4864992212327608,400.0,7387,8186,0.00021162804961250006,0.00021162803750485182,-0.0003960227485036787,0.001516122,0.001888574,6.361111e-05,7.59951680666619e-05,2
8189,3.1326920252719044e-05,0.029769699872704485,0.41844938917583,600.0,7388,8187,0.00022424937773750012,0.00022424936469178647,-0.00032695763060187503,0.003003655,0.003377317,6.468254e-05,0.00016329867366217848,2
8190,4.06390322576239e-05,0.04871676461209657,0.3692148100577812,600.0,7389,8188,0.00023604396898749998,0.0002360439539188519,-0.00032225583517206933,0.01459689,0.01497717,7.301587e-05,0.000799098038493617,2
8191,1.9655895079675377e-05,0.029229788363006277,0.4322770335695272,600.0,7390,8189,0.00024300089148750006,0.00024300087534356862,-0.0003951276535337819,-0.001203829,-0.0008226432,7.353175e-05,4.733674587527226e-05,2
8192,4.093615300324235e-05,0.0451936885596455,0.4051736837907305,600.0,7391,8190,0.0002495164852375,0.00024951648083515465,-0.00034642731674374794,-0.01180576,-0.01142357,7.313492e-05,-0.0004464435816166241,2
8193,3.260521006869137e-05,0.04267375351346989,0.3896836893051947,600.0,7392,8191,0.0002536598927375,0.000253659876761958,-0.0003779248989121256,-0.00923562,-0.008848867,7.75e-05,-0.00030342158512877167,2
8194,-1.8755385607850154e-05,0.010668118325216122,0.2663358201099022,600.0,7393,8192,0.00026028119273749996,0.00026028117281384766,-0.0005369661540398481,-0.005644361,-0.005251687,8.384921e-05,2.6929078383244833e-05,2
8195,-3.0286836904739304e-05,0.0026669495704165916,0.2895438896683633,600.0,7394,8193,0.00025097714398749987,0.00025097711477428675,-0.0005526342007771132,-0.002827811,-0.00242853,9.218254e-05,8.545992677430329e-05,2
8196,-5.3339120415001645e-05,0.0006667173904823698,0.27236027554250614,600.0,7395,8194,0.0002482083514875,0.0002482083218637854,-0.0006133558243245044,0.0187054,0.01910508,9.019841e-05,0.00010287596223401604,2
8197,-5.541626453202931e-05,0.00016667434724016383,0.2518955807284402,600.0,7396,8195,0.0002388985527375,0.0002388985303696245,-0.0006020009028075654,-0.008655194,-0.008256952,8.888889e-05,8.749785241748898e-05,2
8198,0.0010237679957818206,1.4999966673367526,0.2469225398964461,600.0,7397,8196,0.0002941971652375,0.00029419714701361954,0.002378685270730868,0.0266208,0.02701924,8.968254e-05,0.040483928982853586,2
8199,-0.00034555315349433217,0.37498791685918315,0.22587055740405437,600.0,7398,8197,0.0002725767427375,0.00027257672627456486,-0.0014935086586047998,0.005968785,0.006373162,9.722222e-05,0.00245062380443588,2
8200,-0.0001994164751120524,0.09374416680541935,0.2330793909908431,600.0,7399,8198,0.00029903386273749997,0.0002990338543895632,-0.0011251099513418558,0.009778875,0.01018314,9.436508e-05,0.0010401288789628111,2
8201,-6.83361275798954e-05,0.023435338620103798,0.22034315402814586,600.0,7400,8199,0.00029542125023749997,0.0002954212250187993,-0.0007438855183077861,-0.009681105,-0.009278066,9.365079e-05,-0.00012597856642536219,2
8202,0.00040493611974585456,0.7551743695192554,0.2026468779706072,600.0,7401,8200,0.0003162288364875,0.00031622880487702787,0.0005696782488361281,0.0008131119,0.001214913,9.345238e-05,0.0009403506966491733,2
8203,3.999487245128858e-05,0.24631096808284395,0.2607238309112983,600.0,7402,8201,0.0003128945664874999,0.00031289455364458263,-0.00046681883220161516,-0.01223537,-0.01183103,9.496032e-05,-0.0028425419010658253,2
8204,-0.00022461371798680177,0.061575894688450365,0.2087006182319032,600.0,7403,8202,0.00030314297386250003,0.0003031429660040885,-0.001204733280705665,0.02556079,0.02596638,9.821429e-05,0.0016910697375423429,2
8205,-0.00024292747200863987,0.015393511852902428,0.2629140834800525,600.0,7404,8203,0.00029218972511249993,0.00029218971030786633,-0.0012367165375718374,0.01214097,0.01254239,9.456349e-05,0.0002861792549245581,2
8206,0.0006970770141281703,0.9918256861652242,0.26457693457717496,600.0,7405,8204,0.0003399156126125,0.00033991559757851064,0.001360376774834119,0.01417898,0.01457877,9.15873e-05,0.014460347222028465,2
8207,-2.7733371814273733e-05,0.2479489828486598,0.24743085321885133,600.0,7406,8205,0.00035275723136249994,0.0003527571971062571,-0.0007343587434577535,-0.003360598,-0.002961237,9.119048e-05,-0.0006656558088852977,2
8208,-0.0002251960597411862,0.061985386094793586,0.25738690276611725,600.0,7407,8206,0.00038260681011249994,0.00038260678411461413,-0.0013539727920430032,-0.006996417,-0.006597366,8.988095e-05,-0.0003246306341069808,2
8209,-0.00020929326814386268,0.015495881633302686,0.20594617297317155,600.0,7408,8207,0.0003872947576124999,0.0003872947418130934,-0.001317242443034844,0.01525539,0.01565946,9.77381e-05,0.00033888070057277417,2
8210,0.0003468157945223742,0.5540781828075334,0.2363704073262932,600.0,7409,8208,0.00037563603886250007,0.0003756360092666,0.0002932925132008978,-0.001079558,-0.0006755941,9.634921e-05,-0.0003313677364352324,2
8211,5.308897746608346e-05,0.20676481141679826,0.2916914007358726,600.0,7410,8209,0.0004120508513625,0.00041205083834938705,-0.0006135544896141486,-0.002092659,-0.001690127,9.436508e-05,-0.00027460508839597005,2
8212,-0.0002620023478130439,0.05168965211811394,0.2496468135132665,600.0,7411,8210,0.00041438044761249996,0.00041438042535446584,-0.0015181418027738769,-0.00156637,-0.001160906,9.563492e-05,3.068475697302517e-05,2
8213,0.00012585109243361134,0.2144633418658905,0.23415915235308493,600.0,7412,8211,0.0003851308613624999,0.0003851308429148048,-0.00035566845998662947,-0.004377516,-0.00397104,9.761905e-05,-0.0007749591667758994,2
8214,0.0008875142722641382,1.5535692269914088,0.1462231403577253,600.0,7413,8212,0.0003728452438624999,0.00037284521386027336,0.0018433282121551216,0.02059495,0.02100401,0.0001019841,0.032574728320017406,2
8215,0.00012749252828710413,0.7034339103504109,0.15174661109375728,600.0,7414,8213,0.0003597451738624999,0.00035974514321424067,-0.00030383378284751445,-0.0004093606,0.0,0.0001005952,2.983312510151834e-05,2
8216,0.0012866195763404083,1.6758082018332752,0.15230799915908508,600.0,7415,8214,0.00037347872886249993,0.0003734787169378251,0.002982452590724056,0.01652176,0.01692897,9.880952e-05,0.028302930490554254,2
8217,0.0006653113571344917,1.699105108743564,0.19488437194426478,600.0,7416,8215,0.0003677276006125,0.00036772756720893085,0.0012179669383646171,0.003713518,0.004120815,9.920635e-05,0.006932342152582307,2
8218,0.0006658189406663465,1.9247185338975754,0.1567267183400519,600.0,7417,8216,0.00038917955886250003,0.00038917953497730196,0.0011795778164729737,0.001550579,0.001958681,9.972222e-05,0.003677694637617625,2
8219,0.0007024886925495339,1.9811201980853896,0.14123721371958223,600.0,7418,8217,0.0003965237763625,0.0003965237701777369,0.0012707092573673601,-0.007508058,-0.007097975,0.0001030952,-0.014163090421050798,2
8220,0.0010485039415012876,1.995220191119862,0.1439772302731957,600.0,7419,8218,0.0003937981951125,0.0003937981673516333,0.002264386069698474,0.002495475,0.002906363,0.0001019048,0.005697416425791664,2
8221,0.0007204217491913357,1.6920797397300502,0.22639101061569053,600.0,7420,8219,0.00038628628386250014,0.00038628626498393714,0.0013409590608234505,-0.01384943,-0.01343803,0.0001017857,-0.02280866212564885,2
8222,0.0007926831882023714,1.9229622443344647,0.1948603939890962,600.0,7421,8220,0.0003894221063250001,0.0003894220863003284,0.0015415966459993045,-0.02123486,-0.02082248,0.000102381,-0.04013533667094671,2
8223,8.96371069357715e-05,0.7080578377338408,0.14785842384047815,600.0,7422,8221,0.00035951386882500006,0.000359513855073601,-0.00041156257996425395,-0.002833673,-0.002419257,0.0001050794,-0.001682296773096828,2
8224,-0.0006028750049795611,0.1770091489996772,0.14014772446285134,600.0,7423,8222,0.0003306427588250001,0.00033064273884519935,-0.0023365508320653742,0.002787811,0.003201164,0.0001072619,0.0006549108778093141,2
8225,0.0004564529364006743,1.0885023059768288,0.16391141525641673,600.0,7424,8223,0.00031564910382499996,0.0003156490856781602,0.0007179457864737664,0.01370154,0.01411753,0.0001076587,0.015357435916488592,2
8226,0.0008330585251967033,1.7720724127269125,0.16665071005996787,600.0,7425,8224,0.00032144080132500005,0.00032144077704288065,0.001783205750954843,-0.03426694,-0.03384901,0.0001083333,-0.06006653797142705,2
8227,7.412593331830301e-05,0.5546057396620706,0.2490695357017613,600.0,7426,8225,0.00034058677007499995,0.0003405867610126734,-0.000420729897310379,-0.007031444,-0.006612223,0.0001093254,-0.003618483922056408,2
8228,0.0003908332937244193,0.6891068636580218,0.26624677159057075,600.0,7427,8226,0.000310501682575,0.00031050166580826044,0.0005400205883400804,-0.01139846,-0.01097782,0.0001110317,-0.0075303721165559225,2
8229,-0.0007505136899730293,0.17227154761302801,0.26458810149331785,600.0,7428,8227,0.00030344858882500004,0.0003034485562238842,-0.0027078721751396823,-0.00802984,-0.00760905,0.0001140079,-0.0012164552367380222,2
8230,0.000713882455154582,1.2429359998449312,0.22310585501610766,600.0,7429,8228,0.000285258408825,0.00028525840025395155,0.0015098985497662828,0.002715295,0.003137811,0.0001134921,0.0038725269358214224,2
8231,0.00037853160892183124,0.9391829860584957,0.22586238901085756,600.0,7430,8229,0.000269278965075,0.0002692789421416819,0.0005814293989992646,-0.01096718,-0.01054437,0.0001136111,-0.00989618341485301,2
8232,-0.00020844023489432592,0.23478870264222848,0.2551793786272647,600.0,7431,8230,0.0002618127525750001,0.0002618127327878028,-0.001081767191835877,-0.004194343,-0.0037732,0.0001119048,-0.0008002739156210945,2
8233,-0.00012758819647428046,0.058695414745287305,0.26237242858968635,600.0,7432,8231,0.000245337157575,0.00024533714167773724,-0.00082016383809711,0.01754202,0.01796499,0.0001128968,0.0011607328144455232,2
8234,0.00017572793549565098,0.3997684907881728,0.17111618079000265,600.0,7433,8232,0.00023059232882500006,0.00023059231170918792,7.383693642838621e-05,0.006110598,0.006536276,0.0001163889,0.002682857476997459,2
8235,-0.0003679197310395091,0.09993912443336228,0.17721540564434848,600.0,7434,8233,0.0002544357563250001,0.0002544357266742736,-0.0015237227493514426,0.01510865,0.01553524,0.0001170635,0.0016579425597690422,2
8236,-0.0010551792355557223,0.02498403156490732,0.16724335175077862,600.0,7435,8234,0.0002694367563250001,0.0002694367431104183,-0.0035151803501196253,0.0103209,0.01074766,0.0001177778,0.00038335511241604646,2
8237,0.000623283330445288,1.2191912214761205,0.19269147382358934,600.0,7436,8235,0.00028725930545000003,0.000287259288597852,0.0012473279651458282,-0.04047555,-0.03963718,0.0001188492,-0.048351352601388314,2
8238,0.0005344235517602747,0.5878115057690445,0.47205334282373995,400.0,7437,8236,0.0002946829892,0.0002946829772554338,0.0009796560370310657,0.003384109,0.003815823,0.000125119,0.0022945572755878356,2
8239,7.947020250891937e-05,0.22671469018158888,0.37359713212210893,600.0,7438,8237,0.00024165016295,0.00024165013746824116,-0.00022172112711418582,-0.0117863,-0.01135327,0.000124127,-0.0024779675049460977,2
8240,0.00038936839954546406,0.2505985095200278,0.5019513611596047,400.0,7439,8238,0.00024077454545000005,0.00024077451962511986,0.0006653284401190631,-0.008059646,-0.007628872,0.0001228175,-0.00181974433496205,2
8241,-0.0003826905147775013,0.06264774789118556,0.49365294304173074,400.0,7440,8239,0.00022611582942500008,0.00022611580789089203,-0.0015133308467623246,0.007324823,0.007754954,0.0001218254,0.0006000237161537981,2
8242,0.00020916636439761364,0.1990004095461267,0.4278143665895576,600.0,7441,8240,0.00022085359067500004,0.00022085355885792524,0.0001874615474138281,-0.01190971,-0.01147857,0.0001204365,-0.0021877705438281855,2
8243,-0.000493802035513636,0.049748609883460075,0.41177136142290366,600.0,7442,8241,0.00023871652442500002,0.00023871650046203285,-0.0018541936228652785,-0.01787748,-0.01744383,0.0001286905,-0.0007455179670236049,2
8244,-0.00028994413858822986,0.012436779356290893,0.41619298496433105,600.0,7443,8242,0.000219742338175,0.00021974231640342623,-0.0012365047165197973,-0.008835282,-0.008399798,0.0001265873,2.0546527317177868e-05,2
8245,-0.00043035788770989217,0.003109101563227551,0.43666652597809363,400.0,7444,8243,0.00020482373317500007,0.00020482370746321976,-0.0016099808722129117,-0.01718818,-0.01675485,0.0001242063,7.172759967186414e-05,2
8246,-6.780045459651863e-05,0.0007772520725451635,0.3022362221487888,600.0,7445,8244,0.00019119564442500003,0.00019119562057312578,-0.0005487931860703219,-0.01032635,-0.009892649,0.0001233333,0.00011554835699874931,2
8247,0.0009008930116852971,1.5001493071887457,0.2198201164428465,600.0,7446,8245,0.00016125962692500003,0.00016125959518831223,0.002274497900833965,-0.002987993,-0.002552771,0.0001255952,-0.0038923539993277537,2
8248,0.00041133008151837095,1.0290670949078706,0.23583253736508444,600.0,7447,8246,0.00014296280692499997,0.00014296278823167086,0.0009097264673136749,0.01924047,0.01967637,0.0001289683,0.02024455618041617,2
8249,5.0077345485063804e-05,0.3071562435199843,0.3763426761333759,600.0,7448,8247,0.00014568722817500006,0.0001456871978007257,-0.00012748383485054345,-0.02132652,-0.020889,0.0001281746,-0.006327381799539628,2
8250,-0.00010041847036505456,0.07678675720816967,0.28396892591109474,600.0,7449,8248,0.000161851263175,0.00016185123240575194,-0.0005874908018844793,-0.01590111,-0.01546349,0.0001276984,-0.0010694983982576314,2
8251,0.00013508272895230023,0.2271370789382803,0.24360040622884813,600.0,7450,8249,0.0001379585944250001,0.00013795857375953346,0.0001297418565970386,0.025965,0.02640125,0.0001261905,0.006094230763759512,2
8252,0.0002550980621539454,0.30983536359451214,0.37801954549368544,600.0,7451,8250,0.00012163903442500009,0.00012163900828454643,0.0005029505683624404,0.03055169,0.03098661,0.000125,0.009687018155462033,2
8253,0.000164162021957241,0.28766227896992386,0.2928507328885341,600.0,7452,8251,0.0001682572219250001,0.00016825720376800746,0.00015655666874553816,-0.002768631,-0.002328227,0.0001315476,-0.0005760367671883329,2
8254,0.00012150780787683674,0.21284873142657867,0.3232976748865612,600.0,7453,8252,0.00021781829067500004,0.00021781826217193156,-5.7354488816683745e-05,-0.01075623,-0.01031584,0.0001306746,-0.002092852780439233,2
8255,-0.00030844353588915953,0.05321058649115897,0.37085933332865656,600.0,7454,8253,0.00022425656317500009,0.00022425653878599405,-0.00129774369547645,-0.02833499,-0.02789389,0.0001304762,-0.0013607167615450123,2
8256,-0.0003317350157701995,0.01330224754339106,0.32439448058245046,600.0,7455,8254,0.000248888575675,0.0002488885656930506,-0.001410035961329335,-0.008074886,-0.007635271,0.0001306746,2.737006922029138e-05,2
8257,-0.0003495197632814469,0.0033254621189911897,0.3177614400236957,600.0,7456,8255,0.00019642445067500003,0.00019642442930489779,-0.001363416139259032,-0.006772596,-0.006332982,0.0001303571,0.00010886351066075539,2
8258,-9.591067187196707e-05,0.000831340588781905,0.3354552162211648,600.0,7457,8256,0.00018607735855,0.00018607733363751322,-0.0006196027034574192,-0.003741663,-0.003298485,0.0001325397,0.00012968734990577674,2
8259,-0.0005280613991652484,0.0002078289121410604,0.30113206864009034,600.0,7458,8257,0.00015357060105,0.0001535705814603716,-0.0017939493799753671,0.02594075,0.02639107,0.0001401984,0.00014565409008738265,2
8260,-0.0001157104330791503,5.195566931842404e-05,0.42449472233260105,600.0,7459,8258,0.00015789177230000006,0.00015789175813551992,-0.0006238288003330923,-0.02324285,-0.02278875,0.0001421825,0.0001409911080538669,2
8261,-0.0007012536632453599,1.2988527662086122e-05,0.41399857900972215,600.0,7460,8259,0.00020601724730000002,0.00020601722644641995,-0.002386185333404591,0.0252428,0.02569695,0.0001439683,0.00014430019560965923,2
8262,-0.00017132334347997995,3.2470345015640648e-06,0.4582630494026077,400.0,7461,8260,0.00015800588480000002,0.00015800585970282555,-0.0007829347423313397,0.01129396,0.01174963,0.0001463492,0.00014638687625308892,2
8263,0.0005561366569065813,0.4824382268470977,0.43227366549463525,600.0,7462,8261,0.0002270017348000001,0.00022700171393807977,0.0011673872473950094,-0.00754756,-0.007086466,0.0001521032,-0.0033400592897580143,2
8264,-0.000556164201766227,0.12060593842507307,0.4555103425256899,400.0,7463,8262,0.00023829739730000008,0.00023829737619962543,-0.0020315928646459885,-0.008849909,-0.008385346,0.0001544841,-0.0008754701232011856,2
8265,-0.0005452892327664122,0.03015058006173008,0.4007392926165558,600.0,7464,8263,0.00021089674730000011,0.00021089673100505024,-0.0019496346080233708,0.02383682,0.02430147,0.0001543651,0.0008824143195464446,2
8266,-0.00021835226358550292,0.007537418886082057,0.3653363966291695,600.0,7465,8264,0.00018525111105000005,0.00018525109044276178,-0.0009679013673013415,0.01177324,0.0122365,0.0001541667,0.00024523630720335815,2
8267,-0.0004367918658764137,0.0018842981908788687,0.33104916126516837,600.0,7466,8265,0.00022510359605,0.00022510357666760683,-0.0016660262757859318,0.01550252,0.01596854,0.0001552778,0.0001850747013553532,2
8268,-0.0004620104390358118,0.00047106041548328556,0.31058466001970503,600.0,7467,8266,0.00023012941480000004,0.00023012940073385835,-0.0017474130106647492,-0.007998818,-0.007534033,0.0001573413,0.00015371819802660454,2
8269,-0.0003664385288302028,0.00011776157091770527,0.2840427484296196,600.0,7468,8267,0.00025037433355000005,0.0002503743162378669,-0.0015119481130813036,-0.00580624,-0.005340034,0.0001559524,0.00015530518400779365,2
8270,-0.0001316341914130618,2.9439509517644436e-05,0.3266228542045868,600.0,7469,8268,0.00027296778605000004,0.00027296776534058154,-0.0008830378431350438,0.02332454,0.02379073,0.0001559524,0.0001566481962601026,2
8271,0.00023939848233696438,0.24315688401963306,0.3692038381674804,600.0,7470,8269,0.00025236809854999997,0.0002523680741433054,0.00021531207663373576,-0.007691259,-0.007223279,0.0001575397,-0.001637157176605839,2
8272,-0.0003053603661143799,0.06078739732827812,0.40073606746180845,600.0,7471,8270,0.00028691060355000005,0.00028691059560514987,-0.0014052921589748069,-0.00484423,-0.004375858,0.0001577381,-0.00011784740745663207,2
8273,-0.0003228474542544582,0.015196393426589568,0.4471986453536983,400.0,7472,8271,0.00026897660229999995,0.0002689765824470669,-0.0014219492537169472,-0.02556594,-0.02509622,0.0001607143,-0.00022310001037232458,2
8274,-0.0002512588129214158,0.003798984383696693,0.4676553338078908,400.0,7473,8272,0.0002474375023,0.00024743747781030834,-0.0011774090881286393,-0.01076793,-0.0102969,0.0001597222,0.00011999765555598383,2
8275,-0.00031480815224996727,0.0009497176035412955,0.49975412267705144,400.0,7474,8273,0.000216517950675,0.00021651793213095516,-0.001301556610566576,0.01392193,0.01439314,0.0001597222,0.000173239927443218,2
8276,-0.0005078611628963073,0.00023742227800329732,0.5207779787156539,400.0,7475,8274,0.000210849300675,0.00021084927720949054,-0.0018426091432060829,0.00909543,0.009565564,0.000159246,0.00016147926944718344,2
8277,-0.0005599567534607141,5.935378883373931e-05,0.5943551556642453,400.0,7476,8275,0.00021454482567500002,0.00021454480884131044,-0.0019983168121647794,0.004926356,0.005395447,0.0001580556,0.00015836645902319525,2
8278,1.2973569645506044e-05,0.00529472947858649,0.6142730630014377,400.0,7477,8276,0.00021032555067499993,0.00021032552467659116,-0.0003535372262680024,-0.02107438,-0.02060209,0.0001623016,5.23597636905663e-05,2
8279,-0.00045590357835506795,0.001323642659175533,0.48314446855764054,400.0,7478,8277,0.0002159991983,0.0002159991709049791,-0.0017037229933194592,0.04055108,0.04065548,0.0001624206,0.0002160189408223688,2
8280,-0.00027588240081461443,0.00033090073747393947,0.46434198992051645,400.0,7479,8278,0.0001895080463000001,0.00018950802041217685,-0.0011401789195682182,0.009206089,0.009678482,0.0001609127,0.00016406207070032933,2
8281,-7.482853697004343e-05,8.272270261295382e-05,0.3338053721447526,600.0,7480,8279,0.00024097123105000002,0.00024097120331134647,-0.0006613137926971849,-0.00897908,-0.008506687,0.0001612302,0.00016051316646319068,2
8282,0.00026989483897122736,0.29444551542144975,0.3437465734552796,600.0,7481,8280,0.00024407028480000006,0.00024407026648987085,0.0003178547435993502,0.008056579,0.008529054,0.0001614286,0.0026252383737566144,2
8283,-0.0003049431413865571,0.07360917051399678,0.3371018004532837,600.0,7482,8281,0.00022899739855000007,0.00022899737814441323,-0.0012965469808631478,-0.008099743,-0.007628799,0.0001638889,-0.0004097243923934595,2
8284,0.00020412661312406262,0.2527781421552954,0.32659082986181903,600.0,7483,8282,0.00024037894855,0.0002403789258096367,0.00013680087007339941,-0.003534222,-0.003059805,0.0001636905,-0.0006511387037359551,2
8285,5.744497062991157e-05,0.1425984201263929,0.27128022186008877,600.0,7484,8283,0.0002345965448000001,0.00023459651856683195,-0.0002715507837385133,0.004066394,0.004540382,0.0001632143,0.0007873914986482769,2
8286,-0.00015885087068033044,0.035648535543447275,0.28510459880989536,600.0,7485,8284,0.00022749610480000002,0.00022749608615413308,-0.0008763523779265058,-0.004111457,-0.003636088,0.0001640873,2.8616615746619598e-05,2
8287,4.4815454195833176e-05,0.07336012244702998,0.2607563371317028,600.0,7486,8285,0.00023231348305000003,0.00023231346858665347,-0.0003033951563557016,0.01298381,0.01345701,0.000162619,0.0011378971516186934,2
8288,9.587448488556792e-05,0.16525236345729702,0.24471545652510304,600.0,7487,8286,0.0002277372398,0.00022773722594138235,-0.00014901347466833115,0.005828782,0.006301576,0.0001665873,0.00118040868245881,2
8289,0.00013772417254166516,0.2926851654688511,0.20545146374108655,600.0,7488,8287,0.00025035239604999994,0.0002503523719497025,-7.144250415923052e-05,-0.0006985593,-0.000223647,0.0001666667,5.242767013074048e-05,2
8290,0.00023118566093936716,0.4962712285280327,0.20489620683877396,600.0,7489,8288,0.00025841009942499996,0.00025841008755378425,0.0001806260013372648,-0.01643355,-0.01595705,0.0001656746,-0.007835569744461134,2
8291,0.00015663767727668734,0.3995825759177317,0.2131884746830863,600.0,7490,8289,0.00026782341529999994,0.00026782340137287974,-4.985010798234444e-05,-0.002194244,-0.001717562,0.0001659921,-0.0005866432991584048,2
8292,0.00010041513074257133,0.28773027557336217,0.20046326535479395,600.0,7491,8290,0.00024036668280000008,0.0002403666585450992,-0.00015949487025203833,0.03102251,0.03150065,0.0001687698,0.009183900324177569,2
8293,-0.00010724935139823972,0.07193041091627374,0.24027736044713763,600.0,7492,8291,0.00024070550279999998,0.0002407054853392765,-0.0007534512060199614,-0.001214708,-0.0007358713,0.0001687698,0.00010369859394525013,2
8294,-0.00017938513366450265,0.017982063250986564,0.22371527826161916,600.0,7493,8292,0.00028669133155000007,0.0002866912982426584,-0.001044955678612666,-0.001630475,-0.001153714,0.0001663889,0.0001426507261543892,2
8295,0.0001768623735200409,0.2749104992720749,0.2452577384695366,600.0,7494,8293,0.00027984824655,0.0002798482310026884,-1.439708941685725e-05,-0.01846522,-0.01798924,0.0001669841,-0.004824352532226679,2
8296,2.6652637060445712e-05,0.10338088626606728,0.2883954934044138,600.0,7495,8294,0.0002931524903000001,0.0002931524650193751,-0.00046827563653238744,-0.01489115,-0.01441478,0.000165,-0.0013422705779642826,2
8297,-7.297609073838854e-05,0.025844446209869826,0.2729165589239721,600.0,7496,8295,0.0002926235278,0.00029262350290082395,-0.000751946785981934,-0.002177837,-0.001701242,0.0001674603,0.00011916472392538998,2
8298,-0.00034701287499268774,0.006460917719120883,0.19329070201445603,600.0,7497,8296,0.0002642391928,0.0002642391773406416,-0.001482195271148321,0.007357386,0.007833961,0.0001659921,0.0002155342161356779,2
8299,0.0001757391527734605,0.3792774686877407,0.17449506442204632,600.0,7498,8297,0.00024506985905,0.00024506982299499214,4.698216288632358e-05,-0.007945954,-0.00747022,0.0001646825,-0.002731063993877703,2
8300,-4.388727018603898e-05,0.09481652259092002,0.19106106704857173,600.0,7499,8298,0.00026012780655,0.0002601277956273407,-0.000608486687487452,0.01394061,0.01441721,0.0001655952,0.00151688375664129,2
8301,7.224892729636119e-05,0.14823807448474985,0.21755016661186422,600.0,7500,8299,0.00027007005155,0.0002700700133573264,-0.00029513312241058015,0.007093395,0.007569871,0.0001653968,0.0012630217979800085,2
8302,0.0007400741911321735,1.537013406835629,0.16999118082179418,600.0,7501,8300,0.0002760922515500001,0.00027609223616309464,0.001601754951457401,-0.006871547,-0.006393512,0.0001685714,-0.009917438762573528,2
8303,6.638248147175397e-05,0.49610338967248196,0.22253115825311015,600.0,7502,8301,0.00027697197029999995,0.00027697195764631033,-0.00032471227084129894,-0.02493981,-0.02446169,0.0001674603,-0.012051144648583027,2
8304,5.986731275522172e-05,0.22058471936696525,0.23248722038816813,600.0,7503,8302,0.00025589068280000007,0.0002558906562626362,-0.0003041760622191456,-0.01228372,-0.01180614,0.0001671825,-0.002473949483552671,2
8305,-0.00012693575264264068,0.05514452545634606,0.246332501386697,600.0,7504,8303,0.0002265748603,0.00022657483350485563,-0.0007834554355981147,-0.008955749,-0.008479662,0.0001651984,-0.000311518324394358,2
8306,0.0002446550104547037,0.4376017473845462,0.216468632952088,600.0,7505,8304,0.0001993114853,0.00019931145652662963,0.0003288644430868096,0.0008930005,0.001368349,0.0001651984,0.0006916992049267652,2
8307,-0.00029664058893129575,0.10939715483303117,0.189370976209072,600.0,7506,8305,0.00019059033030000005,0.0001905903045553714,-0.0012014979846162164,0.01447625,0.01495244,0.0001678571,0.0017852484046530848,2
8308,0.00016800336051895574,0.4052663866930585,0.16670119906710248,600.0,7507,8306,0.00018848643842500008,0.00018848641775548458,0.0001299633793629603,-0.0147431,-0.01426611,0.0001668651,-0.0056823345680078845,2
8309,0.00034034885527707266,0.8376038526904059,0.1733378703776127,600.0,7508,8307,0.00021252003092499995,0.0002125200117006898,0.0005777452625838036,0.005273958,0.005752259,0.0001669841,0.004845231874575022,2
8310,-1.2206491499247285e-05,0.20939468114370632,0.1788705094885892,600.0,7509,8308,0.0001860835721750001,0.00018608354730531573,-0.0003804594420245938,-0.004420886,-0.003943485,0.0001663889,-0.0006941968348313408,2
8311,0.00015717104896498214,0.3700548882242516,0.18550812205351033,600.0,7510,8309,0.000197225654675,0.0001972256286535412,8.278395009640775e-05,-0.01290384,-0.0124279,0.0001664683,-0.0044941392535115575,2
8312,1.931223295095089e-05,0.13262684225696905,0.18052370471611995,600.0,7511,8310,0.0001885280996750001,0.0001885280798887834,-0.00029494578546463806,0.01751686,0.01800032,0.0001721429,0.0025366377319710077,2
8313,4.683945878854783e-05,0.12404630645492624,0.19324629741529992,600.0,7512,8311,0.00017082200092499996,0.00017082197882700711,-0.00018341381165258472,-0.003115125,-0.00263405,0.0001704365,-0.00017744969182770357,2
8314,0.00032878261863940697,0.5501978401188252,0.23746691876296538,600.0,7513,8312,0.00018806607967499997,0.00018806605658028275,0.0005901133569537372,-0.004689682,-0.004209921,0.0001690476,-0.002240251465668156,2
8315,0.00024838979703453815,0.4955867792722975,0.2601469204599108,600.0,7514,8313,0.00017759309842499998,0.00017759307229425758,0.00037986940629728,0.007239929,0.007720183,0.0001688492,0.00391119039715204,2
8316,0.00013207655554285408,0.29531874191586144,0.28891352916890467,600.0,7515,8314,0.00017256693992500003,0.0001725669135339558,5.68801537956273e-05,-0.0118987,-0.01141338,0.0001746032,-0.0032475454199661384,2
8317,9.453582349767332e-05,0.22346238628760912,0.23690908046403733,600.0,7516,8315,0.00017824655992500007,0.00017824654059950262,-6.0926953399007466e-05,0.02244244,0.02293215,0.0001784921,0.005263078791105908,2
8318,-2.5682318659187344e-05,0.05586392060400512,0.18325418309804994,600.0,7517,8316,0.0001671645299249999,0.0001671645004535094,-0.0003838264365583303,-0.001056024,-0.0005668934,0.0001782937,0.00013666462701047115,2
8319,0.00012158648045793091,0.27207858454230893,0.17664185142001013,600.0,7518,8317,0.00018409765742499997,0.00018409763288218528,5.494319204760231e-06,0.006523118,0.00701284,0.0001778968,0.0020375384712830796,2
8320,0.0001782786078101008,0.4690862293422413,0.16668586951954098,600.0,7519,8318,0.000178214774925,0.00017821474466472864,0.00017839718485698796,0.01215851,0.01264786,0.0001811508,0.00602911241093423,2
8321,0.0002910656390587657,0.7449994308059347,0.1738742742774527,600.0,7520,8319,0.00018821148867500013,0.0001882114593172446,0.00048208051912922883,0.003148571,0.003640777,0.000180754,0.002758469165575442,2
8322,0.0003205742847466237,0.8732545077475365,0.17497810622067947,600.0,7521,8320,0.000203585108425,0.00020358507754281163,0.0005378399287975418,0.003390493,0.003879484,0.0001775794,0.0034102842792013413,2
8323,0.00047089115829934344,1.2847593839056812,0.16557598101738324,600.0,7522,8321,0.00020358557842500006,0.00020358555775601417,0.0009673158273063958,-0.00232077,-0.00183187,0.0001780952,-0.0024042264520238595,2
8324,0.0003478374066134907,1.0884527433095992,0.16999841476715521,600.0,7523,8322,0.00020520243467500007,0.00020520240650512278,0.0006127309540977078,-0.0162771,-0.01578802,0.0001782937,-0.017200284247306637,2
8325,0.00027960668698688725,0.9893083996007956,0.14619195249571723,600.0,7524,8323,0.0002051494996750001,0.0002051494811894372,0.0004178843390516692,-0.007771363,-0.007279879,0.0001797619,-0.0072001235003756395,2
8326,3.6180585266509006e-05,0.32662265077022884,0.1710820203392509,600.0,7525,8324,0.0001826289646750001,0.00018262893718201667,-0.0002357949489991339,0.01813761,0.01862907,0.0001795635,0.006205590218432568,2
8327,-0.0001740176790515279,0.08165321302267643,0.15946787249641328,600.0,7526,8325,0.00017297207497500016,0.00017297205340582877,-0.0008184272006744801,0.0115075,0.01199859,0.0001800794,0.0011450987636325595,2
8328,0.00019428613421503045,0.3893259429312167,0.18713141503775416,600.0,7527,8326,0.0001942861524750001,0.00019428612722549587,0.0001942861255531625,-0.00156519,-0.00107331,0.0001799603,-0.00030797034129518885,3
8329,0.00020008685350744607,0.7073738893731581,0.12299138471757365,600.0,7528,8327,0.00020008687497500007,0.00020008684077765793,0.00020008684783647367,-0.000117314,0.0003748126,0.0001814683,0.0003182350094791307,3
8330,0.00019766999725497823,0.6532285704349156,0.15559512671703365,600.0,7529,8328,0.00019767001797500012,0.00019766998593695462,0.0001976699908129831,0.01049787,0.01099038,0.0001803571,0.007241772905335699,3
8331,0.00019834524806316368,0.7965812249807056,0.11744782126408726,600.0,7530,8329,0.00019834526785000015,0.00019834523845929652,0.0001983452407068853,0.001805223,0.002297715,0.0001802778,0.0018669885185957154,3
8332,0.00021657742544922042,1.0269255745182235,0.09810998765716722,600.0,7531,8330,0.0002165774428500001,0.00021657742036040872,0.0002165774156230782,-0.01303936,-0.01254684,0.0001804762,-0.012889530300760094,3
8333,0.00022130656856669633,1.0409047079948954,0.10582693509263705,600.0,7532,8331,0.00022130658784999996,0.0002213065599789843,0.0002213065606258624,0.01421123,0.01470331,0.0001799603,0.015297383378586252,3
8334,0.00020268938960089447,1.133407926533388,0.08704437689913286,600.0,7533,8332,0.00020268941035,0.0002026893780566752,0.00020268938336016619,0.01013622,0.01062783,0.0001813492,0.01202147334309885,3
8335,0.00021122817289363096,0.7835358236917178,0.15835546002887713,600.0,7534,8333,0.00021122819160000007,0.00021122816542629153,0.0002112281643269398,0.01406548,0.01455696,0.0001793651,0.01144472576267734,3
8336,0.0002215290688034294,0.716825866042726,0.1594611028780727,600.0,7535,8334,0.0002215290891000001,0.00022152905876282603,0.00022152906144697225,-0.01111954,-0.01062911,0.0001789683,-0.007568541787655095,3
8337,0.0002340016329848984,0.8104503787252072,0.13900685745277008,600.0,7536,8335,0.00023400165410000006,0.00023400162172038108,0.00023400162615075715,-0.006602706,-0.006111313,0.0001794841,-0.004918894792178436,3
8338,0.000225200919949728,0.7868804622131926,0.144534617814099,600.0,7537,8336,0.00022520093785000008,0.00022520091442856938,0.00022520091012779631,0.01258764,0.01307859,0.000179881,0.010329623099873467,3
8339,0.00022802805296669157,1.1431251109257368,0.09034971471708492,600.0,7538,8337,0.00022802807160000006,0.00022802804596722126,0.00022802804399475464,-0.01142647,-0.01093475,0.0001813492,-0.012525742931061495,3
8340,0.0002526067996865783,1.1322376860966192,0.11190623368038875,600.0,7539,8338,0.00025260682285,0.00025260678376071155,0.00025260679575808356,-0.009162726,-0.008669183,0.0001819444,-0.009839635606722387,3
8341,0.0002310725187314101,1.0038780058792558,0.12020857404902024,600.0,7540,8339,0.00023107253785000002,0.0002310725103598088,0.00023107251071564862,0.001838676,0.002333636,0.0001830556,0.0023419759634350124,3
8342,0.00021783209661622527,0.9212389395716484,0.12186691415464264,600.0,7541,8340,0.0002178321166000001,0.0002178320864913985,0.00021783208961210221,0.01124374,0.01173905,0.0001839286,0.01082895638515766,3
8343,0.00020917286038883278,0.9488914167193739,0.109154905074463,600.0,7542,8341,0.00020917287910000005,0.000209172852919437,0.00020917285182008526,-0.0009560272,-0.000460238,0.0001843254,-0.0004272952777914565,3
8344,0.0002276166565642138,1.122125264352148,0.09645470292003892,600.0,7543,8342,0.00022761667535000006,0.0002276166487718001,0.000227616648254525,0.002752887,0.003247383,0.0001849206,0.0036213870301685137,3
8345,0.00022827578765989944,1.1109286773231684,0.10308316081458492,600.0,7544,8343,0.00022827580760000006,0.00022827577777206898,0.0002282757804562152,-0.01426469,-0.01376878,0.000184246,-0.015316570718835777,3
8346,0.0002286293140922509,1.3740281983043658,0.07820220712376423,600.0,7545,8344,0.0002286293351000001,0.00022862930200062692,0.0002286293081772328,-0.002995511,-0.002498285,0.000185119,-0.0035019537634427282,3
8347,0.0002004863845994275,0.9521402652086121,0.12352080680774524,600.0,7546,8345,0.00020048640260000015,0.00020048637816216797,0.00020048637560762472,-0.02055823,-0.02006089,0.0001857143,-0.019091892887775824,3
8348,0.0001964540631988596,0.850967414735811,0.12018815047009046,600.0,7547,8346,0.00019645408110000005,0.00019645405700430274,0.00019645405404958183,-0.001875647,-0.001378135,0.0001860317,-0.0011450231929148447,3
8349,0.00016263020279539618,0.8598838294754018,0.09423572771246594,600.0,7548,8347,0.00016263022110000005,0.00016263019642792642,0.0001626301934732055,0.004820825,0.005319416,0.0001863095,0.0046001847743250765,3
8350,0.00016047286525972508,0.7526469146833953,0.11191647417054218,600.0,7549,8348,0.000160472882725,0.0001604728604434058,0.00016047285510580877,-0.01118053,-0.01068237,0.0001861111,-0.007994017667209795,3
8351,0.00016688126631526857,0.7209886832756599,0.117445136648529,600.0,7550,8349,0.00016688128347500006,0.00016688126197550446,0.00016688125594669146,0.002908672,0.003405823,0.000186627,0.002507630885246271,3
8352,0.00014824307775523177,0.6513543325020095,0.11799618619811798,600.0,7551,8350,0.00014824309847500002,0.0001482430670876056,0.00014824307066305665,-0.004192177,-0.003695975,0.000185119,-0.0023428483917475543,3
8353,0.0001468604284817525,0.7058425947194613,0.10141824347685412,600.0,7552,8351,0.00014686044972499996,0.00014686041686218232,0.0001468604218928249,-0.004332523,-0.003835865,0.0001869048,-0.002652537473591088,3
8354,0.00014017223064626547,0.542952295765852,0.14342004990517934,600.0,7553,8352,0.00014017224847500003,0.00014017222565598786,0.0001401722203547706,0.007277446,0.007777271,0.0001875,0.004308383588787087,3
8355,0.00013517912656589977,0.42735153426666883,0.17382580281828938,600.0,7554,8353,0.000135179148225,0.0001351791142951697,0.00013517912027168676,0.01553821,0.01603781,0.0001874206,0.006961108828814145,3
8356,0.00013808381761631222,0.4315901190067259,0.15944268114874294,600.0,7555,8354,0.00013808383822499993,0.0001380838075419888,0.00013808381002604618,0.000193224,0.0006927434,0.0001872222,0.00040540015486842287,3
8357,0.0001582780938046316,0.5186011797472996,0.14451304917982608,600.0,7556,8355,0.00015827811509999998,0.0001582780823810026,0.00015827808697508773,-0.01582809,-0.0153287,0.000187619,-0.00785916233873544,3
8358,0.00016587237165807743,0.7603494262070003,0.0986205412981377,600.0,7557,8356,0.00016587239135000005,0.00016587236314080656,0.0001658723632965575,0.00112994,0.001632059,0.0001922619,0.001287010798839503,3
8359,0.00014351032285935526,0.6571650948905517,0.11521443892461268,600.0,7558,8357,0.0001435103401,0.0001435103185940534,0.00014351031234696165,-0.01895469,-0.01844981,0.0001937698,-0.012058140088366573,3
8360,0.00013369372562199933,0.5666431992423785,0.12459994784056956,600.0,7559,8358,0.0001336937476,0.00013369371299631894,0.00013369371940939346,-0.01493328,-0.01442946,0.000192381,-0.00809298576305338,3
8361,0.00011992564442833719,0.47862305515167325,0.13345767845708098,600.0,7560,8359,0.0001199256638500001,0.00011992563668172807,0.00011992563552780666,-0.001925853,-0.001425203,0.0001905952,-0.0005827630709925744,3
8362,9.694932797482278e-05,0.36016130667709745,0.15115811579933663,600.0,7561,8360,9.694934760000006e-05,9.694931941339746e-05,9.694931971466758e-05,0.01603349,0.01653,0.0001848413,0.006071735015236527,3
8363,9.85162838644075e-05,0.4106674361917917,0.11521853834047058,600.0,7562,8361,9.851630259999998e-05,9.851627692114562e-05,9.851627474859015e-05,-0.00675045,-0.006254308,0.0001857143,-0.002458993146958966,3
8364,0.00011235543121495025,0.45316915746828934,0.12020364108588616,600.0,7563,8362,0.00011235545010000007,0.00011235542478971183,0.00011235542145300314,0.01705486,0.01754521,0.000180873,0.008049854968285442,3
8365,9.590144488483821e-05,0.35294048090987507,0.15005935447295937,600.0,7564,8363,9.590146510000011e-05,9.590143599780276e-05,9.590143644459203e-05,-0.01218245,-0.01169273,0.0001797619,-0.004010521100784596,3
8366,0.00012127697314997524,0.466495683746047,0.12022713098770724,600.0,7565,8364,0.00012127699385000003,0.00012127696390962228,0.00012127696464744986,0.009136159,0.009615631,0.0001703571,0.004576536606149192,3
8367,9.791250467209954e-05,0.5038792125157361,0.09481021130137585,600.0,7566,8365,9.791252510000011e-05,9.791249613044783e-05,9.79124957041222e-05,0.01264334,0.01313049,0.0001771825,0.006704084882574178,3
8368,0.00011169893172533884,0.5576486233056653,0.09702925912411443,600.0,7567,8366,0.00011169895260000003,0.00011169892241014168,0.00011169892314796925,-0.01753703,-0.01704645,0.0001827381,-0.009425094924639353,3
8369,0.0001251394822221263,0.5827191685949658,0.10585317611936274,600.0,7568,8367,0.00012513950385000007,0.00012513947149273008,0.00012513947441334495,0.002211014,0.002703323,0.0001810714,0.0016508357553393221,3
8370,9.328173779652302e-05,0.34622833011608545,0.1744158314132393,600.0,7569,8368,9.328175885000005e-05,9.328172745881602e-05,9.328173008839258e-05,0.00607223,0.006562047,0.0001786905,0.0023887893615306597,3
8371,9.261581042415895e-05,0.2766365486662301,0.18270996463593964,600.0,7570,8369,9.261583010000004e-05,9.26158027141355e-05,9.261580126917579e-05,0.0013794,0.001869868,0.0001786905,0.0006465320067819833,3
8372,0.00010311509279490005,0.25895801624580644,0.20372394852750245,600.0,7571,8370,0.00010311511385000007,0.00010311508231097832,0.00010311508523159319,-0.002736681,-0.002244697,0.0001818651,-0.00044651260771325817,3
8373,0.00010514874447883088,0.26368324327218207,0.19819277291941373,600.0,7572,8371,0.00010514876535000001,0.00010514873429201543,0.00010514873677607284,0.01404307,0.01453488,0.0001836508,0.003967829460398443,3
8374,0.0001007551693478566,0.27524396278594243,0.180494597487616,600.0,7573,8372,0.00010075518872500002,0.000100755161838606,0.00010075516024812714,0.005360358,0.005855239,0.0001837302,0.0017447787570873449,3
8375,0.00012988641247855886,0.4413413343651819,0.13074283582202095,600.0,7574,8373,0.000129886429975,0.00012988640810362995,0.0001298864018565382,0.01359771,0.01409462,0.000185119,0.006323956731693832,3
8376,0.0001570836089509033,0.5935563704932607,0.12189904448383167,600.0,7575,8374,0.00015708362747500002,0.00015708360297139734,0.00015708359905261204,0.003316893,0.003810547,0.0001819444,0.002335724589218409,3
8377,0.0001614421442472491,0.6276475714118794,0.12631685870284237,600.0,7576,8375,0.00016144216497500005,0.00016144213441293687,0.00016144213631491766,-0.006042778,-0.00554812,0.0001813492,-0.003414738228859164,3
8378,5.987802766055018e-05,0.30931832393122094,0.14732247902252693,600.0,7577,8376,0.00016708171497500002,-0.00013921450590714812,0.00016708168638729148,-0.003114082,-0.002618249,0.000187619,-0.000680287386932247,3
8379,4.709311264740925e-05,0.1884469307018065,0.1589222457896797,600.0,7578,8377,0.00015593225872500012,-0.0001550367014715448,0.00015593223012842826,0.003402292,0.003900883,0.0001867063,0.0008866314991991643,3
8380,-0.00026918972179865787,0.04711031932347136,0.1445472114227845,600.0,7579,8378,0.000175198331225,-0.001094481791369617,0.00017519830232345156,0.0005287517,0.001026418,0.0001869048,0.00022645453492826928,3
8381,6.680373809113284e-05,0.15727098776156626,0.17217680006006306,600.0,7580,8379,0.00017062603997500007,-0.00012600907939486206,0.00017062601110524157,-0.0002357806,0.0002685483,0.0001919841,0.00020402542736117413,3
8382,4.6688428006298464e-05,0.1450858038344666,0.16552672449059272,600.0,7581,8380,0.0001526967296,-0.00015018410340417176,0.00015269670090788166,-0.004578382,-0.004075954,0.0001936508,-0.00042580824446349693,3
8383,3.101373155804566e-05,0.09974282283089013,0.18322592864514334,600.0,7582,8381,0.0001384279288500001,-0.00016846974904183298,0.0001384279001933919,0.01277905,0.01328269,0.0001928571,0.0014984739838306569,3
8384,2.5223933436139248e-05,0.06841963905316567,0.21751777778202006,600.0,7583,8382,0.00012896007884999997,-0.00016742887964937836,0.00012896005045263338,-0.002946867,-0.002442741,0.0001926587,1.2345603765178889e-05,3
8385,4.7317545105017746e-05,0.08266836694091738,0.2706295394264042,600.0,7584,8383,0.00015205757385000005,-0.00014719962200615555,0.00015205754472049192,0.003082941,0.003588227,0.0001945635,0.000475112119491998,3
8386,-0.00011427775541305615,0.02066647172247729,0.28943554932625937,600.0,7585,8384,0.00013950271760000007,-0.0005855843191966414,0.00013950268864505234,0.0001468047,0.0006522685,0.0001953571,0.0002047998465277775,3
8387,3.839801209175284e-05,0.0503385496720619,0.31875486823652327,600.0,7586,8385,0.00014165097885000005,-0.00015335746866185218,0.00014165094990971737,-0.000677615,-0.0001689964,0.0001996032,0.00018104843072629787,3
8388,3.0170858326982444e-05,0.05791301643748549,0.24959282604273417,600.0,7587,8386,0.00013424264472500013,-0.00016310528735630214,0.000134242615669109,-0.005966504,-0.005457092,0.0001982143,-0.0001293015467109153,3
8389,0.0002683029696702201,0.4166906083752361,0.2501427057174129,600.0,7588,8387,0.00013519139347500017,0.0005155102116987109,0.0001351913643804892,0.000268779,0.0007769253,0.0001962302,0.0004382003944995186,3
8390,2.5114509364789866e-05,0.13969813164316366,0.2650725674543762,600.0,7589,8388,0.00012619289347500003,-0.00016260246047750115,0.00012619286425547216,0.0005366635,0.001043183,0.0001964286,0.00031471860764062805,3
8391,0.0002592132030345408,0.5174498465373564,0.20144398891480375,600.0,7590,8389,0.00013021223847500013,0.0004987864522263408,0.00013021220917948994,-0.01637832,-0.01587379,0.000193373,-0.008120578028640689,3
8392,0.00037257426576000436,0.7376952290763382,0.2296609263740656,600.0,7591,8390,0.0001253685666000001,0.000831670593470335,0.00012536853732967757,-0.00474238,-0.004235619,0.0001965476,-0.0030730405552914955,3
8393,0.00011049312974570562,0.6701478283313894,0.08530195514105571,600.0,7592,8391,0.00011049315035000007,0.00011049312161048874,0.00011049312022009872,0.01939787,0.019908,0.0001978175,0.013406553498390355,3
8394,-0.00016587857761060567,0.16753193097413488,0.07646017109359239,600.0,7593,8392,0.00011790025034999995,-0.0006928963703103364,0.00011790021969432018,0.008023645,0.008535196,0.0001984127,0.0015950901043619203,3
8395,0.0001840652920487429,0.9009590625543829,0.08034481980515544,600.0,7594,8393,0.00018406531284999997,0.00018406528397463262,0.0001840652822932043,-0.00151682,-0.001009785,0.0001953571,-0.0008904265966608203,3
8396,0.0001357021861530233,0.9260293165518737,0.07261281569148137,600.0,7595,8394,0.0002324324316,-4.393966810312122e-05,0.0002324324014546164,-0.01174549,-0.0112392,0.0001930556,-0.01039354823991433,3
8397,0.0002355933785789338,1.3868799110303849,0.07646393628109094,600.0,7596,8395,0.00023559340035,0.00023559336841572076,0.00023559337008123294,-0.007374049,-0.006863986,0.0002,-0.009596900275199884,3
8398,7.037882205859803e-05,0.7569957034473549,0.06432405278872752,600.0,7597,8396,0.00027004858784999996,-0.0003004364261869341,0.0002700485567686428,-0.007596009,-0.007082986,0.0002021825,-0.0053126587533900115,3
8399,6.550119580262735e-05,0.5301104148423846,0.07205801542418813,600.0,7598,8397,0.00026653770285000006,-0.00030785228591412306,0.0002665376714787726,0.01799886,0.01851258,0.0002005952,0.009907969058915443,3
8400,0.00032264967750740943,1.632478627882485,0.07703427640646547,600.0,7599,8398,0.00020793987910000002,0.0005356821930035949,0.00020793984636043204,-0.0002472543,0.0002665826,0.0002015873,0.0003076907381628105,3
8401,0.0001572470683909617,1.258546013648514,0.06933584811241733,600.0,7600,8399,0.00026667219160000005,-4.597098450176418e-05,0.00026667215853308333,-0.004899132,-0.004385327,0.0002017063,-0.005571286174187988,3
8402,0.00045859352153227383,1.8145820643170263,0.06602415631767346,600.0,7601,8400,0.00021722292372500002,0.0009068532381206751,0.00021722288877867868,0.004159273,0.004672328,0.0002032937,0.008312723185597597,3
8403,0.0002530706296038791,1.953586906713774,0.03903679752690018,600.0,7602,8401,0.00025307065872500004,0.0002530706115067005,0.00025307062274009694,-0.002257617,-0.001743975,0.0002009921,-0.0035986701605490597,3
8404,0.00027934820295787816,1.9883370747766431,0.055546603132598384,600.0,7603,8402,0.00027934822497500006,0.00027934819809161127,0.0002793481889523264,-0.001822024,-0.001310266,0.0001990079,-0.002801937351362736,3
8405,0.00012493873695328703,1.2859963259483382,0.059385244250965016,600.0,7604,8403,0.000325841841225,-0.0002481669944245368,0.0003258418075267855,0.002938159,0.003450035,0.0001995238,0.004379669260653924,3
8406,0.0002742803271057852,1.7594102273763665,0.07152830508094377,600.0,7605,8404,0.000274280348725,0.00027428031899034977,0.00027428031669046504,-0.007193361,-0.006682647,0.0001984127,-0.011908194111367353,3
8407,0.0003273424019495227,1.9397943612673865,0.06655903824492775,600.0,7606,8405,0.000327342422475,0.0003273423935752362,0.000327342392730543,0.01162754,0.01213894,0.0002007143,0.023358417196397398,3
8408,0.0001637682230817986,1.5588696552456032,0.057183354847052066,600.0,7607,8406,0.00036788563372499997,-0.0002153069362975657,0.0003678856019098475,0.009118744,0.009633215,0.0002019048,0.014904088079988342,3
8409,0.0002242875213059949,1.832190446525909,0.05830584951228879,600.0,7608,8407,0.000332858721225,2.2655323846265674e-05,0.00033285869026371983,-0.001969798,-0.001455048,0.000203373,-0.0028351701125179448,3
8410,0.0003940825263703964,1.0937459086082895,0.23245825945220489,600.0,7609,8408,0.00039408255122499997,0.0003940825117751956,0.0003940825196616515,-0.0001083597,0.0004060961,0.0002017857,0.00042524936408612306,3
8411,0.00034184095087628265,0.9751600759113994,0.18267165679152758,600.0,7610,8409,0.000341840978725,0.0003418409323785454,0.0003418409455036908,-0.01173754,-0.01122281,0.0002021825,-0.010939014053587168,3
8412,0.0001809298582001008,0.8216230924217749,0.11741419062002562,600.0,7611,8410,0.00039161019160000005,-0.00021033358643762767,0.0003916101599236299,-0.007759611,-0.007244802,0.0002044841,-0.005916021381816543,3
8413,0.00016431722894729437,1.0733990784950311,0.07098750009538814,600.0,7612,8411,0.0003746656665999999,-0.00022632983746007085,0.0003746656345094834,0.008141099,0.008659904,0.000205754,0.009280430819458766,3
8414,0.00030726619972788375,1.768296719130669,0.0682316506411136,600.0,7613,8412,0.00041489926534999993,0.00010737625416368246,0.00041489923190169976,0.01243366,0.01295068,0.000204881,0.02274323555439896,3
8415,0.0004574184871970179,1.9420159175572738,0.048884566105101265,600.0,7614,8413,0.00045741851409999995,0.0004574184713419527,0.0004574184799923842,-0.0001340059,0.0003809341,0.0002029762,0.0005485732744550656,3
8416,0.0004229909439332702,1.985444414269937,0.04449207515663054,600.0,7615,8414,0.0004229909641,0.0004229909391142428,0.0004229909314665292,-0.006061079,-0.005545242,0.0002040873,-0.011210886444483488,3
8417,0.00040449310019077426,1.9963012127343773,0.034595965308830835,600.0,7616,8415,0.00040449311922499995,0.00040449309744872153,0.0004044930866177765,0.008979767,0.009501017,0.000208254,0.018759408046553152,3
8418,0.00034689080915214793,1.999015330924499,0.05549995947804165,600.0,7617,8416,0.00034689083297500005,0.0003468907962087542,0.0003468908016759542,0.01394168,0.01446114,0.0002064683,0.02870177556559559,3
8419,0.0003957249954066668,1.9996938401161428,0.059914647566864924,600.0,7618,8417,0.00039572501672500006,0.00039572498644702137,0.0003957249860934553,-0.002436023,-0.001916246,0.0002069444,-0.004038786364273729,3
8420,0.00037293981738476857,1.999863462325235,0.036783828520383303,600.0,7619,8418,0.000372939841725,0.00037293980130925775,0.00037293981259722386,0.001660417,0.002177476,0.0002040873,0.004150595258095494,3
8421,0.0003889113458367365,1.9999058666053415,0.03068889487976162,600.0,7620,8419,0.0003889113629750002,0.00038891134317964315,0.00038891133380388967,-0.00397282,-0.003457702,0.0002046825,-0.0071197417473144705,3
8422,0.0004411516164771175,1.9999164673573357,0.04058623695149084,600.0,7621,8420,0.00044115163422499997,0.0004411516129039228,0.0004411516048378417,0.00553189,0.006048529,0.0002044841,0.011892085731485655,3
8423,0.0004077275622640257,1.9999191174658288,0.06596494004192051,600.0,7622,8421,0.0004077275842250001,0.00040772755164653063,0.00040772755405782846,0.001279475,0.001794328,0.000202381,0.0033861462392923737,3
8424,0.00043309672688043605,1.9999197799730764,0.05933903296924091,600.0,7623,8422,0.00043309674672500014,0.00043309672037139535,0.00043309671637985046,0.008556699,0.009071877,0.0002021825,0.017940859972868407,3
8425,0.0003845383648003886,1.9999199455949195,0.0505063211117466,600.0,7624,8423,0.00038453839047499996,0.00038453834713436663,0.0003845383604596009,0.006078476,0.0065929,0.0002021825,0.012983105894912498,3
8426,0.00039434690915509914,1.999919986999138,0.05713288742113868,600.0,7625,8424,0.00039434693485000005,0.00039434689097106457,0.0003943469053149329,0.0006772393,0.001190858,0.000202381,0.0021792559089889468,3
8427,0.00036037441571813586,1.999919997349882,0.06431261337856828,600.0,7626,8425,0.00036037444234999995,0.0003603743971325457,0.00036037441147641403,0.01188322,0.01239764,0.0002015873,0.02459271698346302,3
8428,0.0003425916798241535,1.9999199999374904,0.04443264418272669,600.0,7627,8426,0.00034259170397500004,0.00034259166568517685,0.0003425916732624046,-0.003919954,-0.003406189,0.0002005952,-0.0070126846570385416,3
8429,0.0003692522323102727,1.9999200005843731,0.05160383827931316,600.0,7628,8427,0.000369252250225,0.00036925222957506776,0.00036925221968999724,-0.005702558,-0.005188185,0.0002009921,-0.01057693096898129,3
8430,0.0003278800894440455,1.9999200007460889,0.05877916145003358,600.0,7629,8428,0.00032788010772499994,0.00032788008684292436,0.0003278800763757772,-0.005638089,-0.005123748,0.0002013889,-0.010448458893021026,3
8431,0.00034770311656589457,1.9999200007865168,0.041133568401904824,600.0,7630,8429,0.00034770313522499997,0.0003477031132206321,0.00034770310391763815,0.003092896,0.003609693,0.0002037698,0.007015343728822817,3
8432,0.00022663463040594416,1.9999200007966234,0.03783989773900439,600.0,7631,8430,0.00033501522147500005,2.5356421247124672e-05,0.00033501519007700153,-0.00807725,-0.007559964,0.0002037698,-0.01532307670748077,3
8433,0.00019473284677730765,1.5376740993986644,0.07036907250357059,600.0,7632,8431,0.00030550191647499996,-1.098110806196928e-05,0.00030550188473284836,-0.004603075,-0.004085778,0.0002038889,-0.00639222078717776,3
8434,0.0003178162902352573,1.8843619922939208,0.06263463399040416,600.0,7633,8432,0.000317816316475,0.0003178162733092904,0.0003178162846700161,0.01044529,0.01096329,0.0002045635,0.0204778988020854,3
8435,0.0003504043717772971,1.971031365358538,0.05987354967468262,600.0,7634,8433,0.0003504043977250001,0.00035040435614064336,0.0003504043651730626,-1.243825e-05,0.0005043906,0.0002055556,0.0007945687580669186,3
8436,0.0003361063590467271,1.9926980586043943,0.04772239959098601,600.0,7635,8434,0.00033610638522500014,0.00033610634272918105,0.00033610635292575353,0.003422873,0.003941428,0.0002051587,0.0076504152805332,3
8437,0.00022976024506611247,1.998114569415659,0.04330931665272359,600.0,7636,8435,0.00033656923003750006,3.1400733860209584e-05,0.0003365691977251117,0.01128196,0.01180069,0.0002053571,0.023374160704714726,3
8438,0.00032381354396437354,1.8961181771562674,0.08694403769131888,600.0,7637,8436,0.0003238135712875001,0.0003238135250285268,0.0003238135394803976,0.0006334235,0.001150514,0.0002044841,0.001998268589523326,3
8439,0.00022186666087840623,1.9739703234027384,0.04606345105899882,600.0,7638,8437,0.0003202821087875,3.909514634869993e-05,0.0003202820772003179,-0.002004011,-0.00148719,0.0002041667,-0.0031345212320883884,3
8440,0.0003272108165444927,1.7455869269408284,0.09799495115699876,600.0,7639,8438,0.00032721083441250007,0.0003272108151577413,0.00032721080261580935,-0.00834998,-0.007830659,0.0002060714,-0.013822740121587936,3
8441,0.0002923711582003658,1.9359456977088143,0.07311194263272401,600.0,7640,8439,0.0002923711831625001,0.0002923711435869336,0.000292371151417683,-0.003044487,-0.002524678,0.0002068651,-0.0050812540125511965,3
8442,0.00029396028716069205,1.7849369937376833,0.08473079068167819,600.0,7641,8440,0.00029396031316250007,0.0002939602709375322,0.000293960281096588,0.00201187,0.002531068,0.0002068651,0.004355420837162405,3
8443,0.00032363464027731603,1.9461758614069677,0.07035693927165838,600.0,7642,8441,0.0003236346669125001,0.00032363462378270924,0.0003236346339417651,0.005849288,0.006368557,0.0002073413,0.012198150572261635,3
8444,0.00023056401652544401,1.1685936063842415,0.1267606592123731,600.0,7643,8442,0.0003230909119125,5.872838664799929e-05,0.00032309087892826936,0.00752537,0.008045925,0.0002080556,0.00936733966851469,3
8445,0.00031924251705936637,1.7920946371440127,0.06814662187820557,600.0,7644,8443,0.00031924254066250003,0.00031924250652082264,0.0003192425073666527,0.007416027,0.007936864,0.0002075397,0.014059220326776901,3
8446,0.00033751169216546316,1.9479652185762246,0.061513893267273204,600.0,7645,8444,0.00033751171691250004,0.00033751167939044535,0.00033751168372873506,-0.001143946,-0.0006228314,0.0002072619,-0.0014097309765731597,3
8447,0.0003320877532027734,1.986931694904917,0.06704141764528841,600.0,7646,8445,0.0003320877756625,0.0003320877440273762,0.0003320877431269764,0.002952342,0.003472222,0.0002069444,0.006694827956103059,3
8448,0.00031036355502372676,1.9966730217385176,0.04108978938149058,600.0,7647,8446,0.0003103635806625,0.0003103635390289128,0.00031036354904244944,0.00690917,0.007430574,0.0002076587,0.01462945881781237,3
8449,0.00031418647497451435,1.9991082803869664,0.03390041356893423,600.0,7648,8447,0.00031418649328750014,0.00031418647267855704,0.00031418646157362675,0.001702664,0.002223739,0.000208254,0.004237426752495725,3
8450,0.0003481269073284676,1.9997170767846388,0.024005130317067535,600.0,7649,8448,0.00034812693078750006,0.0003481268940959126,0.00034812690045328055,-0.007156216,-0.006634446,0.0002081349,-0.013475090975010403,3
8451,0.00037275275481179706,1.999869271318084,0.0316887231681086,600.0,7650,8449,0.00037275277328750007,0.0003727527509909123,0.00037275274279636506,-0.0005218408,0.0,0.0002080556,-0.00020802840116564673,3
8452,0.00034923802285154084,1.999907318809986,0.030042833992576803,600.0,7651,8450,0.0003492380407875001,0.00034923802013508976,0.00034923801019431266,0.003945502,0.004467247,0.000208254,0.008725845271460498,3
8453,0.0003432291985516585,1.9999168303976054,0.026743024034784516,600.0,7652,8451,0.0003432292222875001,0.0003432291850913316,0.0003432291916669783,0.002207948,0.002730075,0.0002083333,0.0052516069677454695,3
8454,0.00031047566280249653,1.9999192082231734,0.021774572257859445,600.0,7653,8452,0.0003104756872875001,0.0003104756469838321,0.00031047565763401506,-0.0003682068,0.0001536974,0.0002089286,9.847066222678426e-05,3
8455,0.0003264640423100852,1.9999198026617317,0.01221845315830181,600.0,7654,8453,0.00032646405978750003,0.000326464039972052,0.000326464029667477,-0.00715149,-0.006629931,0.0002090476,-0.013468361132119808,3
8456,0.00030515867939474335,1.999919951266913,0.015164433528117437,600.0,7655,8454,0.00030515870128750006,0.00030515866819769144,0.0003051586718265753,0.009267915,0.009790272,0.0002090476,0.019370729435125356,3
8457,0.00030523925739496684,1.9999199884170937,0.01,600.0,7656,8455,0.00030523927378749995,0.00030523925670422614,0.00030523924403496493,0.001381998,0.001904053,0.0002085317,0.003599438638656936,3
8458,0.00031483988278878546,1.9999199977043605,0.01,600.0,7657,8456,0.00031483989878750007,0.00031483988277614117,0.0003148398690882459,-0.003383288,-0.002861574,0.000208254,-0.0059311564067127814,3
8459,0.0003015565782222418,1.9999200000261073,0.023395146837784195,600.0,7658,8457,0.0003015565962875,0.0003015565744135529,0.00030155656654642373,-0.0144317,-0.0139108,0.0002087302,-0.028029200637952622,3
8460,0.00031611596557528244,1.9999200006065267,0.030005884320640015,600.0,7659,8458,0.00027911886128750005,0.00038482490344904363,0.0002791188313767634,-0.003386608,-0.002865839,0.0002087302,-0.005940162236328808,3
8461,0.0002637766308903118,1.9999200007516271,0.03446424414558584,600.0,7660,8459,0.0002637766475375001,0.00026377663016319275,0.0002637766173484124,-0.005044436,-0.00452277,0.0002086508,-0.009253812289892263,3
8462,0.00025436484695849,1.9999200007879012,0.013645993542196476,600.0,7661,8460,0.00025436487253750013,0.000254364829743281,0.00025436484224883316,0.008206971,0.008728542,0.0002084524,0.01724794999954499,3
8463,0.00024339752207179903,1.9999200007969693,0.01962660022066506,600.0,7662,8461,0.00024339754128750013,0.00024339751689694822,0.00024339751077604889,-0.004870543,-0.004348694,0.0002087302,-0.008905753609696128,3
8464,0.00024369650731690366,1.9999200007992364,0.031163732841863367,600.0,7663,8462,0.00024369652753750013,0.00024369650054723024,0.00024369649675463735,-0.00720828,-0.006685237,0.0002093254,-0.013579247840518385,3
8465,0.00022136423934570785,1.9999200007998033,0.019647863807832927,600.0,7664,8463,0.00022136426128750014,0.00022136422921903431,0.0002213642306651309,-0.0001640659,0.0003589455,0.0002095238,0.000508355246383508,3
8466,0.00021602882645847124,1.999920000799945,0.019644218973699286,600.0,7665,8464,0.00021602885003750016,0.0002160288131562993,0.00021602881955004705,-0.001105851,-0.0005830774,0.0002090476,-0.0013751390306336565,3
8467,0.00018417819829700724,1.9999200007999802,0.04548250766498124,600.0,7666,8465,0.0001841782176625001,0.00018417819228488952,0.00018417818771013117,0.004997559,0.005520027,0.0002089286,0.010830700516376775,3
8468,0.00016807816878061313,1.6722188121430175,0.05376602046712208,600.0,7667,8466,0.00016807819141250013,0.00016807815700303763,0.0001680781611594284,-0.01217126,-0.01164893,0.000209127,-0.01962013899086419,3
8469,0.00022561710429813873,0.8011976685938892,0.22080819492276793,600.0,7668,8467,0.00018403807141250005,0.00030283533851616085,0.0001840380411249498,-0.007860173,-0.007338165,0.0002095238,-0.005837666869832209,3
8470,7.744490174062648e-05,0.3464638282130588,0.19867882221472982,600.0,7669,8468,0.00017619106266250007,-0.00010594079503789544,0.00017619103201468533,-0.008143295,-0.007619871,0.0002097222,-0.0025029486334229335,3
8471,0.00021673965241918083,1.4320573058084625,0.0604075193940229,600.0,7670,8469,0.0002167396714125,0.00021673964511137456,0.00021673964344699924,-4.071593e-05,0.0004813312,0.0002094444,0.0005988018782928842,3
8472,-0.0001379498733966128,0.3580035860223221,0.05046716825585114,600.0,7671,8470,0.00019198321516250005,-0.0007506827241741121,0.0001919831871873612,0.005983416,0.0065063,0.0002094444,0.00246374128546474,3
8473,-0.00014198305186448435,0.08949821147868535,0.04715532503325588,600.0,7672,8471,0.00018065447024999997,-0.0007411669939756393,0.00018065444271996966,-0.003231668,-0.002708608,0.0002095238,-5.164377695907673e-05,3
8474,0.00016446597167038885,0.3472603971157532,0.18982902088931008,600.0,7673,8472,0.00016446599024999995,0.00016446596418973058,0.0001644659632256662,0.01061539,0.01113774,0.000210119,0.004004849007990444,3
8475,0.00016601056867348145,0.4450278274993764,0.17378400631000618,600.0,7674,8473,0.00016601058649999998,0.00016601056267973036,0.00016601055938735953,-0.01438225,-0.01385911,0.000210119,-0.006051079416461224,3
8476,0.00017919009053094718,0.5948739005967502,0.13894013679868275,600.0,7675,8474,0.00017919010728749998,0.00017919008678290993,0.00017919007991622492,0.006525576,0.00704983,0.0002104365,0.004279013189061059,3
8477,0.00016874740892288559,1.1242746525266705,0.0648636050005288,600.0,7676,8475,0.00016874742853749996,0.00016874739958439022,0.00016874740144885437,0.00581739,0.006341341,0.0002109127,0.007103197846822167,3
8478,0.00016927690596693447,0.9929019262305735,0.08917282564945524,600.0,7677,8476,0.0001692769235375,0.0001692769001238048,0.00016927689674957946,0.01392973,0.01445478,0.0002112302,0.014353678232781102,3
8479,0.00017118522061428896,0.8520040687081929,0.1063166888448827,600.0,7678,8477,0.0001711852410374999,0.00017118520918302238,0.00017118521453994616,0.003595725,0.0041188,0.0002111111,0.0035404779420458426,3
8480,0.0002208742468618914,1.417618699540102,0.0687561867939094,600.0,7679,8478,0.00022087426603750003,0.00022087423712946475,0.00022087424015808211,-0.001986941,-0.001463382,0.0002109127,-0.002162598775260885,3
8481,0.0002123593401224998,1.4347408110307487,0.07371000297404713,600.0,7680,8479,0.0002123593597875,0.00021235932945273817,0.00021235933393654705,0.001342101,0.001865216,0.0002102381,0.0025847024344839652,3
8482,0.000239956013976868,1.4942963336290083,0.07923482843666228,600.0,7681,8480,0.00023995603353750002,0.00023995600349735469,0.00023995600769012527,-0.004843959,-0.004321904,0.0002090476,-0.006561536763730488,3
8483,0.00022365277715850464,1.8702444677019148,0.05603548264108812,600.0,7682,8481,0.00022365279728749996,0.00022365276527125388,0.00022365277179233088,-0.007244694,-0.006722465,0.0002094444,-0.0127549208059609,3
8484,0.000201976194417931,1.967502090091971,0.04224079458835182,600.0,7683,8482,0.0002019762110375,0.00020197618869133294,0.0002019761858991842,-0.003594075,-0.003070234,0.0002103175,-0.006244174432904351,3
8485,0.000184555021085988,1.991815766257317,0.027956725747439164,600.0,7684,8483,0.00018455503853749997,0.00018455501412972808,0.00018455501308380917,0.0009827332,0.001506126,0.0002096429,0.002791998379266162,3
8486,0.00017356950519443342,1.2101437403690434,0.09138750189515485,600.0,7685,8484,0.00017356952353749996,0.0001735694968374446,0.00017356949782879383,0.006053184,0.006576585,0.0002100397,0.007914474642570953,3
8487,0.00015589232057685185,1.4231711893827312,0.0521645136137789,600.0,7686,8485,0.0001558923400375,0.0001558923104312271,0.00015589231404192105,-0.006009136,-0.005485561,0.0002100397,-0.007895775122468116,3
8488,0.00017674216708387288,1.682267257649084,0.04996386510782391,600.0,7687,8486,0.00017674218253749998,0.00017674216360319406,0.00017674215731858567,0.0006433188,0.001165945,0.0002105159,0.0018178029919351326,3
8489,0.0001600611212753186,1.2938014115543937,0.0687332508117878,600.0,7688,8487,0.0001600611387875,0.00016006111400201917,0.00016006111353817688,0.008098797,0.008622427,0.0002105159,0.011093858355050073,3
8490,0.00016837243492409163,1.8233956493780117,0.03506373422649336,600.0,7689,8488,0.00016837245353749992,0.00016837242583278567,0.00016837242806104767,-0.01257242,-0.0120483,0.000210119,-0.022141828872852758,3
8491,0.00016612317462097887,1.9557902368771325,0.027372724911615208,600.0,7690,8489,0.0001661231935374999,0.00016612316539976746,0.00016612316762802947,6.260463e-05,0.0005864177,0.0002102381,0.000945966488992345,3
8492,0.0001616218142846907,1.9888878907925065,0.024118523263123783,600.0,7691,8490,0.0001616218322875,0.0001616218069102615,0.00016162180622814049,-0.002597685,-0.0020738,0.0002103175,-0.004332536136897254,3
8493,0.00014589194700602892,1.9971620560389458,0.019764554381746603,600.0,7692,8491,0.00014589196307499997,0.00014589194324798882,0.00014589193699066528,-0.00971642,-0.009193377,0.0002107143,-0.018570780015885965,3
8494,0.00013155158736668514,1.999230535294316,0.01,600.0,7693,8492,0.00013155160307500003,0.00013155158376321197,0.00013155157750588842,-0.01705241,-0.01652836,0.0002109127,-0.03325475242045853,3
8495,0.00012391345356556598,1.9997476395945644,0.012306799328147407,600.0,7694,8493,0.000123913473075,0.00012391344353090972,0.00012391344687785023,-0.002772561,-0.002248545,0.0002105159,-0.004706985330394285,3
8496,9.936351367456183e-05,1.9998769117913442,0.014480154954488681,600.0,7695,8494,9.936353307500007e-05,9.936350397765636e-05,9.936350674252026e-05,0.003680862,0.004205195,0.0002105159,0.008199382402105427,3
8497,8.618529563759077e-05,1.9999092288709976,0.01175869292376642,600.0,7696,8495,8.6185313075e-05,8.618528954684734e-05,8.618528678198344e-05,-0.01521566,-0.01469125,0.0002108333,-0.029591980621074373,3
8498,8.851664730156561e-05,1.9999173078985328,0.014907827852778803,600.0,7697,8496,8.851666682500002e-05,8.851663733366877e-05,8.851664053509011e-05,-0.0001242109,0.0003991735,0.0002113095,0.00058702196513105,3
8499,6.277159387997521e-05,1.9999193275948242,0.014439454565616445,600.0,7698,8497,6.277161307499997e-05,6.277158536249772e-05,6.277158594457433e-05,0.005272954,0.005797442,0.0002115079,0.011382925469261,3
8500,7.792079258018167e-05,1.5681299438077787,0.0273547790500105,600.0,7699,8498,7.792081195e-05,7.792078395141289e-05,7.792078460624907e-05,-0.002951104,-0.002426958,0.0002106349,-0.003925453506064796,3
8501,9.295182819135702e-05,1.8076237886825053,0.02462264370385114,600.0,7700,8499,9.295184695000004e-05,9.295182098867372e-05,9.295181931520346e-05,-0.0009212108,-0.0003976795,0.0002103175,-0.0008887123406475972,3
8502,8.053682486282174e-05,1.8667527501558734,0.021345147644665836,600.0,7701,8500,8.053684320000005e-05,8.053681813180447e-05,8.05368158762576e-05,-0.01390998,-0.01338607,0.0002109127,-0.025171292149046835,3
8503,8.770240544092563e-05,1.9666291868933423,0.013770379901081656,600.0,7702,8501,8.770242345000002e-05,8.770239946898073e-05,8.770239597652107e-05,0.006757151,0.007281956,0.0002119048,0.014116073842750298,3
8504,5.5330642177174895e-05,1.991597547004434,0.01,600.0,7703,8502,5.533066095000011e-05,5.533063449547626e-05,5.53306337678805e-05,-0.0009022713,-0.0003767718,0.0002117063,-0.00096030524042583,3
8505,6.862603052261717e-05,1.997839449769506,0.01,600.0,7704,8503,6.862604845000005e-05,6.86260245856829e-05,6.862602109322324e-05,0.01134743,0.01187279,0.0002113095,0.023509075285617822,3
8506,5.800898418146688e-05,1.9993998786465033,0.01,600.0,7705,8504,5.800900307500006e-05,5.80089763388969e-05,5.8008975829579865e-05,0.005876242,0.006402198,0.0002122222,0.012588459063344791,3
8507,6.389157656292729e-05,1.999789974162536,0.01,600.0,7706,8505,6.389159682500007e-05,6.389156624209136e-05,6.389156951627228e-05,0.004678883,0.005204839,0.0002122222,0.010196407221475443,3
8508,8.01445666280283e-06,0.30053310859136045,0.01,600.0,7707,8506,6.679702182500014e-05,6.679699436062947e-05,-0.00010115313688833579,0.003571814,0.004096286,0.0002112302,0.0013788180966248947,4
8509,-0.00021705600826780162,0.07513102314952567,0.01,600.0,7708,8507,6.5270451825e-05,6.527042569359764e-05,-0.0007413765508801737,-0.006621835,-0.006096443,0.0002117063,-0.0002622314110889642,4
8510,5.661146665582348e-05,1.4806497291826495,0.014521605125913956,600.0,7709,8508,6.176850182500006e-05,6.17684781900607e-05,4.7034139262292044e-05,-0.005506118,-0.004980861,0.0002117063,-0.007476667066507681,4
8511,0.0001897338045367751,1.8701063274226937,0.01,600.0,7710,8509,5.298245682500001e-05,5.298243195284158e-05,0.00044370061801651584,0.009996382,0.01052144,0.0002114286,0.019492246154940107,4
8512,-0.0004285429264936162,0.46751255605821773,0.01,600.0,7711,8510,4.275236557500003e-05,4.27523409598507e-05,-0.0013038055871487542,-0.0005706844,-4.586739e-05,0.0002114286,9.113949405157038e-05,4
8513,0.0001932991645630661,1.616829632670384,0.01,600.0,7712,8511,6.595492682499995e-05,6.595489685423672e-05,0.0004297956360473808,-0.01385019,-0.01332508,0.0002119048,-0.02167509336164857,4
8514,-8.283327933782983e-05,0.404195281945351,0.01,600.0,7713,8512,4.8202871325000016e-05,4.8202844482148066e-05,-0.0003261861037259476,-0.009311696,-0.008786407,0.0002115079,-0.0034254068499257745,4
8515,0.00017124681425604004,1.6010007890217233,0.01,600.0,7714,8513,3.353872757500001e-05,3.353870124556124e-05,0.00042699043013598177,-0.01281239,-0.01228807,0.0002107143,-0.019799849226112325,4
8516,4.11482139622333e-05,1.9001931897495132,0.01,600.0,7715,8514,2.2250929700000052e-05,2.2250904294196516e-05,7.624319585504145e-05,-0.002256791,-0.001733185,0.0002103175,-0.0034827127147611533,4
8517,0.00015962228801524075,1.9749890459884554,0.01,600.0,7716,8515,2.65339470000011e-06,2.6533689378993586e-06,0.0004511359727913598,0.00701558,0.007539362,0.0002100397,0.014685370957018912,4
8518,-2.479479656316955e-06,0.49373244907926894,0.01,600.0,7717,8516,-2.4794615499999435e-06,-2.4794874207145767e-06,-2.47948741161963e-06,-0.01487481,-0.01435215,0.0002106349,-0.006979484554091597,4
8519,-0.0003690916925779558,0.12342940927644915,0.01,600.0,7718,8517,1.1883464699999971e-05,1.1883438673976343e-05,-0.0010766169586395645,-0.01249869,-0.01197461,0.0002109127,-0.0012931391685857617,4
8520,0.0002059892948613617,1.5308114265985426,0.015060928593152532,600.0,7719,8518,-1.0213117799999991e-05,-1.0213144378212746e-05,0.0006075080878106748,-0.005056414,-0.004532784,0.0002103175,-0.0070504764737166865,4
8521,3.313745692592858e-05,0.9907946491526873,0.020434314516182644,600.0,7720,8519,-2.9881996549999887e-05,-2.9882023227401078e-05,0.00015017361148719695,0.01143215,0.01195578,0.0002105159,0.011847660723165154,4
8522,0.0001352686339402347,1.3467115856363097,0.04615402777266529,600.0,7721,8520,-4.84802652999999e-05,-4.848029129789211e-05,0.0004765166156699912,0.005756419,0.006280228,0.0002108333,0.008384557460289615,4
8523,0.00012280443964897322,1.568254066778563,0.037391033347592216,600.0,7722,8521,-3.817571904999994e-05,-3.817574543063529e-05,0.00042176761789913017,0.01014057,0.01066475,0.0002111111,0.016605072817559585,4
8524,-4.4356152909056856e-05,0.3920517547891399,0.01,600.0,7723,8522,-4.3123481549999997e-05,-4.312350574764423e-05,-4.664537552108966e-05,0.0186406,0.01916434,0.0002103175,0.00764127528143784,4
8525,0.00015149564847364335,1.5979649983091242,0.01834346890295787,600.0,7724,8523,-3.279222279999994e-05,-3.2792246202006936e-05,0.0004937445756695593,0.008600637,0.00912341,0.000209127,0.014453839219022055,4
8526,5.198204322433234e-05,1.8668131470874736,0.013284421253381836,600.0,7725,8524,-1.7176780299999923e-05,-1.7176806068164296e-05,0.0001804198841091138,0.001779054,0.00230049,0.0002084524,0.004113895695881326,4
8527,0.00017592246314010264,1.9666442856732653,0.014277219380887678,600.0,7726,8525,-1.5087165499998515e-06,-1.5087412066350225e-06,0.0005054375357926425,0.002323624,0.00284606,0.0002087302,0.0053954197806058155,4
8528,0.0001730174582730637,1.9916013215861739,0.013236338694730948,600.0,7727,8526,-1.0669176549999992e-05,-1.0669201401469763e-05,0.0005141498049387946,0.0002100659,0.0007323829,0.000209246,0.0012511261414104942,4
8529,0.00013641605432338107,1.9978403933866316,0.01,600.0,7728,8527,-2.5455434049999928e-05,-2.5455459763179533e-05,0.00043703455844426825,-0.008321337,-0.007798742,0.0002090476,-0.015789237924621377,4
8530,0.000193278229224335,1.9994001145437077,0.01,600.0,7729,8528,1.8214235825000023e-05,1.8214210285805166e-05,0.0005183970996480091,0.01508217,0.01560483,0.0002088492,0.030991574975032726,4
8531,-1.1724377453384742e-05,0.4998350331350679,0.014773487806161773,600.0,7730,8529,1.840761457500003e-05,1.840758886828553e-05,-6.768376551367053e-05,-0.001475073,-0.000953224,0.0002083333,-0.00037225373153378,4
8532,3.165443791666592e-05,1.126929360017383,0.011846668630232794,600.0,7731,8530,7.180312707500005e-05,7.180310058174655e-05,-4.290738688412967e-05,0.01887838,0.01940071,0.0002087302,0.021836735713480545,4
8533,-1.5891243572951218e-05,0.28172388803414566,0.022229673615842337,600.0,7732,8531,4.5664848324999984e-05,4.566482675727457e-05,-0.00013020967838713518,0.001596217,0.002117086,0.0002084524,0.0007461600786246083,4
8534,9.135669273313135e-05,1.382801113642023,0.02610366981855124,600.0,7733,8532,9.135671082500003e-05,9.135668369708583e-05,9.135668626186088e-05,0.0007011163,0.001223092,0.0002085317,0.001611466812696985,4
8535,4.375162945619888e-05,0.9058022461546585,0.029291211253770696,600.0,7734,8533,9.310498382500005e-05,9.310495806857944e-05,-4.790457432943981e-05,0.0007223844,0.001243809,0.0002080556,0.0011462433561823244,4
8536,8.948880297737031e-05,1.293849960013031,0.03143816723123959,600.0,7735,8534,7.79069542e-05,7.790693052811548e-05,0.00011099797437865686,0.007176475,0.007697598,0.0002076587,0.009898516363805029,4
8537,7.201468685779447e-05,0.6738211479164719,0.07707515960813931,600.0,7736,8535,7.28839997000001e-05,7.288397318916395e-05,7.040027523310588e-05,-0.002700459,-0.002179369,0.0002078571,-0.0014007063310381624,4
8538,-0.00016168149365492206,0.1684502333205086,0.023219577066221853,600.0,7737,8536,8.720453470000008e-05,8.720451296539977e-05,-0.00062389838172232,0.003339723,0.003860834,0.0002085317,0.0008237628745920301,4
8539,0.0001359400573021852,1.5420662949533772,0.01892542451828806,600.0,7738,8537,9.521193220000014e-05,9.521190804662183e-05,0.00021157802807390716,9.327847e-05,0.0006153574,0.0002089286,0.0008356687537783472,4
8540,0.000113111107939897,1.8854600082411324,0.012440692167883126,600.0,7739,8538,0.0001141658609500001,0.00011416583583923057,0.00011115230603190367,-0.002322478,-0.00180101,0.0002084524,-0.0035803085932642454,4
8541,0.00012858274082416327,1.9713058611102214,0.01,600.0,7740,8539,0.0001285827590375002,0.00012858273112215102,0.0001285827349147439,0.0004689128,0.0009901424,0.0002086508,0.0017492097714884047,4
8542,0.00011333729908197372,1.992766680483597,0.01,600.0,7741,8540,0.00011333731528750009,0.00011333729344187304,0.00011333729083162325,-0.001225515,-0.0007034048,0.0002087302,-0.0016089420361029057,4
8543,0.00014626099158495116,1.9981317243707957,0.01,600.0,7742,8541,0.00014330080628750013,0.00014330078556668013,0.0001517584992867517,0.003415882,0.003937441,0.0002079365,0.007659977757633642,4
8544,0.000136977777519661,1.9994729451047661,0.01,600.0,7743,8542,0.00013882570503750006,0.00013882567873224616,0.00013354593843464233,0.005394646,0.005915863,0.0002078571,0.011620860467548382,4
8545,0.00014711290738444292,1.9998082402291033,0.011172955954000356,600.0,7744,8543,0.00012327570753750013,0.00012327567674219608,0.0001913820236097836,-0.005769178,-0.005249401,0.0002069444,-0.010704700092456164,4
8546,0.0001159572650154623,1.999892061495474,0.016377761435821217,600.0,7745,8544,0.00010964610253750007,0.00010964607645291835,0.00012767802141625957,-0.0007176451,-0.0001970702,0.0002072619,-0.0006013586569977941,4
8547,0.00011772903416856862,1.9999130161834076,0.028966544442340866,600.0,7746,8545,0.00010963081503750006,0.00010963078966597095,0.00013276860935493938,-0.004549721,-0.004029785,0.0002080556,-0.008267256976450503,4
8548,5.3744645843658846e-05,1.124525586303766,0.03226841668836838,600.0,7747,8546,9.964493491250003e-05,9.964490891434252e-05,-3.1498722143174396e-05,0.007108942,0.007630398,0.0002080556,0.008554669539107301,4
8549,-0.00012196118196167447,0.28112296263404424,0.04219432535970346,600.0,7748,8547,8.632157866250004e-05,8.632155368104577e-05,-0.0005087719981394014,0.003777933,0.004299151,0.0002076587,0.0013578711369703798,4
8550,0.0001066254855738228,1.5702336322362913,0.025692567892401107,600.0,7749,8548,0.00010746434991249998,0.00010746432963060215,0.00010506761494103447,0.003369006,0.003889613,0.0002076587,0.005989187174217031,4
8551,9.04090124373449e-05,1.871729928649946,0.022919649392681284,600.0,7750,8549,9.040902866250001e-05,9.040900476975366e-05,9.040900619766034e-05,0.004046211,0.004567198,0.0002076587,0.008367538882935635,4
8552,0.00010037093990878394,1.967873444188022,0.01466639201392274,600.0,7751,8550,0.00011277874866249995,0.0001127787254517898,7.732788971973582e-05,0.01326916,0.01379013,0.000208254,0.02693566710265463,4
8553,9.646664657892481e-05,1.9919086019961743,0.01,600.0,7752,8551,9.646666241249997e-05,9.646663966123015e-05,9.646663992498362e-05,0.002689035,0.003209352,0.0002072619,0.006187150994157555,4
8554,0.00010236372856468747,1.9979172111845287,0.01,600.0,7753,8552,0.00010236374366249996,0.00010236372327199206,0.00010236372091640078,-0.002167146,-0.001646444,0.0002069444,-0.0034959721833697555,4
8555,9.383819255933502e-05,1.9994193184170483,0.01,600.0,7754,8553,9.495105491249994e-05,9.49510358623229e-05,9.177146723934866e-05,0.005104227,0.00562504,0.0002073413,0.01103959274214293,4
8556,7.137825370597547e-05,1.999794833959374,0.01,600.0,7755,8554,7.252149741249996e-05,7.252147770486772e-05,6.925510653006224e-05,0.005559907,0.006080895,0.0002073413,0.011953243646242968,4
8557,8.744834593767702e-05,1.999888710028589,0.01,600.0,7756,8555,8.744836241249995e-05,8.744833758100867e-05,8.744834017306857e-05,-0.01437754,-0.0138573,0.0002078571,-0.02792089178906845,4
8558,0.00010264113543895445,1.999912178341822,0.01,600.0,7757,8556,0.00010264115241249995,0.00010264112643199041,0.00010264112989716523,0.008960972,0.009481912,0.0002075397,0.018755469809246052,4
8559,8.66032483478019e-05,1.999918045244118,0.01,600.0,7758,8557,8.660326366250002e-05,8.660324238007888e-05,8.660324118864082e-05,0.001489343,0.002009731,0.000206746,0.003812568236804466,4
8560,9.894879043905824e-05,1.9999195119256903,0.01,600.0,7759,8558,9.894880753750003e-05,9.894878166960552e-05,9.894878455270373e-05,0.003702674,0.004222527,0.0002066667,0.008238064071137755,4
8561,0.00012020357032137746,1.9999198785850831,0.01,600.0,7760,8559,0.00012020358628750009,0.00012020356371067464,0.00012020356324683234,0.001287819,0.001808052,0.0002064683,0.003409507378847848,4
8562,0.0001202134291921745,1.9999199702471815,0.01,600.0,7761,8560,0.00012021344503750004,0.00012021342263324186,0.00012021342216939956,-0.0001435031,0.0003777464,0.0002077381,0.000547741094277774,4
8563,0.00012457793904160992,1.9999199931620186,0.01,600.0,7762,8561,0.00012457795753750004,0.00012457792763598263,0.0001245779345936171,-0.003415562,-0.002894963,0.0002070635,-0.005996741316668401,4
8564,0.00011793053249205211,1.999919998890556,0.01,600.0,7763,8562,0.0001179305486625001,0.00011793052544817328,0.00011793052567554696,-0.006115371,-0.005596348,0.0002055556,-0.011397787441275113,4
8565,0.00010980583313009372,1.9999200003226474,0.01,600.0,7764,8563,0.0001098058486625001,0.00010980582737829536,0.00010980582556840091,-0.008686953,-0.00816672,0.0002068651,-0.016539635215893717,4
8566,0.00012565011917274667,1.9999200006806594,0.01,600.0,7765,8564,0.00012565013491250005,0.0001256501127500087,0.00012565011210426746,-0.003742308,-0.003221058,0.0002077381,-0.006649579798645842,4
8567,0.00011948868457146935,1.9999200007701599,0.01,600.0,7766,8565,0.00011948869991250011,0.00011948867904720828,0.00011948867694627552,0.0008487202,0.001369629,0.0002074603,0.002531704727399056,4
8568,0.0001579231580741296,1.9999200007925344,0.01,600.0,7767,8566,0.00015792317741250008,0.0001579231466166675,0.00015792315295584558,0.01375554,0.01427594,0.0002071429,0.028343611607382007,4
8569,0.00014666828392053186,1.9999200007981277,0.01,600.0,7768,8567,0.00014666830266250004,0.00014666827337350696,0.00014666827840301267,-0.002037745,-0.001517067,0.0002071429,-0.0032411389645841393,4
8570,0.0001772823710767417,1.999920000799526,0.01,600.0,7769,8568,0.0001772823901625001,0.0001772823598003015,0.0001772823659939604,0.005135298,0.00565544,0.0002075397,0.011102904472331738,4
8571,0.000161113219886935,1.9999200007998756,0.01,600.0,7770,8569,0.00016111323391250013,0.0001611132174730301,0.000161113210278927,-0.0009612845,-0.000440658,0.0002073413,-0.0010886054605743188,4
8572,0.00014585095411894772,1.999920000799963,0.01,600.0,7771,8570,0.00014585096891250006,0.0001458509505027905,0.00014585094505491724,0.0001722763,0.0006927679,0.0002070635,0.0011784334440365456,4
8573,0.0001171015336003051,1.9999200007999849,0.01,600.0,7772,8571,0.00011710155078750002,0.00011710152466548607,0.00011710152780324279,-0.004191079,-0.003671226,0.0002062698,-0.007548411603437938,4
8574,9.33269043628669e-05,1.9999200007999904,0.01,600.0,7773,8572,9.332692116250006e-05,9.332689660368487e-05,9.332689772236336e-05,-0.006078638,-0.005558714,0.0002064683,-0.01132343509002809,4
8575,8.876212968239998e-05,1.9999200007999918,0.01,600.0,7774,8573,8.87621471625001e-05,8.87621208676137e-05,8.876212351424328e-05,0.008372421,0.008892841,0.0002069444,0.017578042735220643,4
8576,6.584528359462107e-05,1.999920000799992,0.01,600.0,7775,8574,6.584529966250002e-05,6.584527727682143e-05,6.584527613995306e-05,0.01194629,0.01246616,0.0002063492,0.024724990024943754,4
8577,7.853274899284267e-05,1.2571476580357115,0.03889272568180607,600.0,7776,8575,7.85327646625e-05,7.853274291846901e-05,7.853274163608149e-05,0.001595138,0.002114296,0.0002062698,0.002604940468800778,4
8578,8.456861639674653e-05,1.4282868607023325,0.028466797918567727,600.0,7777,8576,8.456863341249999e-05,8.456860814476386e-05,8.456861006379768e-05,0.002396788,0.002916537,0.0002063492,0.00407727482477576,4
8579,9.907727641365042e-05,1.3266310858994559,0.03831890514358677,600.0,7778,8577,9.907729341250003e-05,9.907726780511439e-05,9.907727045174397e-05,0.0005734765,0.001093099,0.000206746,0.0013826094428802404,4
8580,8.515625008943391e-05,1.8316028217417197,0.012027140689151406,600.0,7779,8578,8.515626591249998e-05,8.515624358551577e-05,8.5156243030724e-05,0.004918711,0.005438925,0.000206746,0.009790019820257768,4
8581,7.065834510242397e-05,1.7374420260781462,0.02070726409803831,600.0,7780,8579,7.065836153750005e-05,7.0658337790519e-05,7.065833832712088e-05,-0.001790183,-0.001270414,0.0002061508,-0.002359294937747673,4
8582,8.391762863653313e-05,1.6882853363447479,0.02509547534461273,600.0,7781,8580,8.391764528749995e-05,8.391762094106525e-05,8.391762205974374e-05,0.007399633,0.007919411,0.0002063492,0.013228198335260824,4
8583,9.711161152717997e-05,1.176896573668521,0.048243154899841253,600.0,7782,8581,9.711162903750003e-05,9.711160237202421e-05,9.711160567348997e-05,-0.001293565,-0.0007735055,0.0002063492,-0.0009468384391229966,4
8584,0.00010148624181924664,1.0740256638071368,0.04880186458518296,600.0,7783,8582,0.00010148625778749998,0.00010148623550776392,0.00010148623444365512,-0.01683713,-0.0163173,0.0002064683,-0.017540482917002824,4
8585,0.00010881618682022803,1.2619787747018432,0.04107262237164136,600.0,7784,8583,0.00010881620278750006,0.00010881618072744459,0.00010881617922677833,0.01256803,0.01308814,0.000205873,0.01646302052404199,4
8586,8.066416335517513e-05,0.49292243854100487,0.1704724383144405,600.0,7785,8584,8.066418028750004e-05,8.066415466601029e-05,8.06641575309186e-05,0.01000721,0.01052739,0.0002063492,0.005293821799417203,4
8587,7.661963888125552e-05,0.25807035934503103,0.21307303638405142,600.0,7786,8585,7.661965528750009e-05,7.661963172722608e-05,7.661963197278964e-05,-0.004161339,-0.003641145,0.000206746,-0.0007862806130905109,4
8588,9.144379301894761e-05,0.26697534666914113,0.169368990141322,600.0,7787,8586,9.14438102875002e-05,9.144378418568522e-05,9.144378705059353e-05,0.002383199,0.002903258,0.0002074603,0.0009271718255073734,4
8589,8.314908873673294e-05,0.2753643094926924,0.14945644196785063,600.0,7788,8587,8.31491040375001e-05,8.31490833661519e-05,8.314908099237073e-05,0.007820173,0.008340419,0.0002072619,0.0024468430888370885,4
8590,9.204988555696688e-05,0.13634569503270264,0.3408815250479145,400.0,7789,8588,9.204990153750009e-05,9.204987873090431e-05,9.204987868542958e-05,-7.915835e-05,0.0004416785,0.0002072619,0.00023922359425420303,4
8591,8.854115116834385e-05,0.06227491531474654,0.7852077058240007,400.0,7790,8589,8.854116778750007e-05,8.854114275891334e-05,8.854114533278334e-05,0.005258407,0.005779419,0.0002070635,0.0005540814668661622,4
8592,8.620062084938415e-05,0.047940126004596316,0.665686367315963,400.0,7791,8590,8.620063735000006e-05,8.620061271358281e-05,8.620061484180042e-05,-0.0009596563,-0.0004389464,0.0002071429,0.0001761692975477786,4
8593,9.350247979247246e-05,0.059661413491534636,0.49027928343752575,400.0,7792,8591,9.350249572499996e-05,9.350247273687273e-05,9.350247319162008e-05,-0.0142941,-0.013773,0.0002074603,-0.0006266337227602844,4
8594,8.19189222323442e-05,0.04159776428928133,0.7675008380594902,400.0,7793,8592,8.191893784999998e-05,8.191891538444906e-05,8.191891569367727e-05,0.008566419,0.009087597,0.0002076587,0.0005770442803067616,4
8595,6.700783123778455e-05,0.03515171804075186,0.6767556833519003,400.0,7794,8593,6.700784784999993e-05,6.700782250845805e-05,6.70078257280693e-05,0.006378896,0.006899733,0.0002070635,0.0004423223312039397,4
8596,7.444588571663508e-05,0.04279415335083872,0.5472753719937286,400.0,7795,8594,7.444590034999997e-05,7.444588118232787e-05,7.444587770805811e-05,-0.005500369,-0.00497998,0.0002070635,-1.4911634976471217e-05,4
8597,9.401824254545785e-05,0.0577873536905561,0.4991354130029962,400.0,7796,8595,9.401825784999994e-05,9.401823626831174e-05,9.401823570442502e-05,-0.006025867,-0.005505395,0.0002072619,-0.00012285742479309578,4
8598,8.79394703939915e-05,0.07244251945334046,0.3790634642737193,400.0,7797,8596,8.793948522499994e-05,8.793946471996605e-05,8.7939463355724e-05,0.0003856363,0.00090587,0.0002068651,0.0002575027760662303,4
8599,8.226059362803804e-05,0.07519385511585731,0.36025181881306245,400.0,7798,8597,8.226060897499995e-05,8.22605870780535e-05,8.226058702348382e-05,0.02017423,0.02069548,0.0002077381,0.001748290396079679,4
8600,8.872657017402051e-05,0.0827251200011982,0.3469723387488242,400.0,7799,8598,8.872658560000001e-05,8.872656326275319e-05,8.872656386301969e-05,0.0001680245,0.000689655,0.0002076587,0.0002475319017576335,4
8601,9.743248102883073e-05,0.08224041690150725,0.39567065508766,400.0,7800,8599,9.743249810000005e-05,9.74324721028097e-05,9.743247532242095e-05,-0.004184141,-0.003662499,0.0002079365,-0.00011036972911039372,4
8602,9.606842800050018e-05,0.07842523277347889,0.41503632833453225,400.0,7801,8600,9.606844497500003e-05,9.606841922504827e-05,9.606842222638079e-05,0.001335824,0.001857744,0.0002083333,0.0003376887180865667,4
8603,8.423627643404315e-05,0.07734976498593149,0.36468587095123073,400.0,7802,8601,8.423629122500005e-05,8.423627150477841e-05,8.423626868534484e-05,-0.00184255,-0.001321681,0.0002081349,8.980399966325873e-05,4
8604,9.128545667833324e-05,0.1887762902406254,0.20202510992452438,600.0,7803,8602,9.128547122500008e-05,9.128545207204297e-05,9.128544881605194e-05,0.003073638,0.003594991,0.0002079365,0.0008473320833528163,4
8605,9.383993648547954e-05,0.2169572771410757,0.20728064775343255,600.0,7804,8603,9.383995122500002e-05,9.383993165101856e-05,9.383992868606583e-05,0.008867377,0.009388285,0.0002072619,0.002199151673145318,4
8606,0.00010017706518562093,0.12830476747163352,0.338119398459894,400.0,7805,8604,0.00010017708122500009,0.00010017705790232867,0.00010017705872087391,-0.001593045,-0.001072438,0.0002069444,4.279353866069955e-05,4
8607,0.00011052609752507342,0.10604706508370795,0.3735299421488041,400.0,7806,8605,0.00011052611397500008,0.00011052608897443861,0.00011052609197577112,-0.01051482,-0.009994144,0.0002072619,-0.0008745672554226222,4
8608,0.0001040599522610954,0.08624498837741885,0.43550072005919216,400.0,7807,8606,0.00010405996772500011,0.0001040599454427138,0.00010405994582470157,0.004547195,0.005067234,0.0002073413,0.0006264826894270027,4
8609,8.056624781309264e-05,0.07415657700723138,0.38293723115055,400.0,7808,8607,8.056626272500001e-05,8.056624210439622e-05,8.056624074015417e-05,0.009405288,0.009926435,0.0002075397,0.0009282597077396692,4
8610,8.902333550768677e-05,0.08393101771085233,0.3403324563207206,400.0,7809,8608,8.902335147500003e-05,8.902332774596289e-05,8.902332958314218e-05,-0.006523123,-0.006002214,0.0002074603,-0.0003137239836519246,4
8611,9.93849978537199e-05,0.13551491690872952,0.3253937625631915,600.0,7810,8609,9.938501397500003e-05,9.938498988049105e-05,9.938499200870865e-05,-0.001380761,-0.0008598452,0.0002074603,6.282448385126997e-05,4
8612,8.526792037437325e-05,0.13506640944993753,0.31598895880176686,600.0,7811,8610,8.526793522500004e-05,8.526791498297825e-05,8.526791303665959e-05,0.01023591,0.01075732,0.0002079365,0.0016328038512554153,4
8613,0.0001009466298112572,0.17222902035249882,0.27338518379552057,600.0,7812,8611,0.00010094664647500002,0.00010094662138726562,0.00010094662395204068,-0.002088267,-0.001567398,0.0002079365,-9.782762173299333e-05,4
8614,0.00010551970748571687,0.3551355331184229,0.12679043117879213,600.0,7813,8612,0.00010551972397499996,0.00010551969899097458,0.00010551970184678794,-0.002498315,-0.001976859,0.0002078571,-0.0005680132168859017,4
8615,9.582429349135686e-05,0.26099943338090686,0.20864826827029181,600.0,7814,8613,9.582430772500005e-05,9.582428901921958e-05,9.582428576322855e-05,-0.007387914,-0.006866593,0.0002078571,-0.0016385703675815,4
8616,7.451788529194222e-05,0.17871469054221628,0.24626913948951473,600.0,7815,8614,7.451790147499999e-05,7.451787678292021e-05,7.451787992977187e-05,0.005422448,0.005943158,0.0002078571,0.0012328396255099944,4
8617,5.854904113209421e-05,0.12819901266464986,0.26286865452771585,600.0,7816,8615,5.8549056475000076e-05,5.8549034292809665e-05,5.854903482031659e-05,0.005035771,0.005557072,0.0002078571,0.0008936211687110338,4
8618,7.414091023838811e-05,0.16321064947589597,0.2119671657598448,600.0,7817,8616,7.414092647500009e-05,7.414090214297175e-05,7.414090441670851e-05,0.008728932,0.009249384,0.0002078571,0.001683530577602784,4
8619,8.055985994748564e-05,0.24368459499780343,0.14889871427452614,600.0,7818,8617,8.055987508750007e-05,8.055985381361097e-05,8.05598531042051e-05,0.002783702,0.003304642,0.0002074603,0.0009621957681991084,4
8620,8.849291938416787e-05,0.12581701503606885,0.3408837019085604,400.0,7819,8618,8.849293633749999e-05,8.849291043588892e-05,8.849291380101932e-05,-0.00241663,-0.001895825,0.0002074603,-5.716877821524259e-05,4
8621,9.673827124312233e-05,0.14144331538477448,0.32980963431227694,600.0,7820,8619,9.673828633750008e-05,9.673826571088284e-05,9.673826383732375e-05,-0.003282996,-0.002762802,0.0002071429,-0.0002129359531661025,4
8622,0.00010322129822717304,0.15533750928326465,0.3226167219724512,600.0,7821,8620,0.00010322131508750006,0.00010322128946427256,0.00010322129253836465,-0.002366823,-0.001846971,0.0002070635,-0.00011200510321189588,4
8623,8.969059721102224e-05,0.08069268517095485,0.5356488049138411,400.0,7822,8621,8.96906125875001e-05,8.969059126684442e-05,8.969058997536194e-05,0.007883911,0.008403847,0.0002070635,0.0008684839703799774,4
8624,6.982156722799158e-05,0.04813690733855888,0.6241830620947295,400.0,7823,8622,6.982158383750007e-05,6.982155900914222e-05,6.98215612101194e-05,-0.0007115626,-0.0001911425,0.0002069444,0.00018778172778200584,4
8625,7.892473390144572e-05,0.05478679780529612,0.46150265298830784,400.0,7824,8623,7.892474933750008e-05,7.892472785897553e-05,7.89247267130122e-05,-0.002259923,-0.001739729,0.0002064683,9.984238203568676e-05,4
8626,8.284740007622607e-05,0.0501762235000384,0.5677430261900029,400.0,7825,8624,8.284741608750005e-05,8.28473930596374e-05,8.28473933688656e-05,-0.006878573,-0.006358204,0.0002070635,-0.00012235682941753835,4
8627,7.548055633520908e-05,0.044896929990760275,0.5832357715069344,400.0,7826,8625,7.548057108750011e-05,7.54805514588952e-05,7.548054856670205e-05,0.0005786408,0.001098605,0.0002068651,0.0002469014838602676,4
8628,6.922115478363908e-05,0.04688207790139269,0.4852958985354782,400.0,7827,8626,6.922117108750008e-05,6.92211469868198e-05,6.922114860572037e-05,-0.0127263,-0.01220616,0.000206746,-0.0003751968260746648,4
8629,0.00010088244200008343,0.052632583749087504,0.6164352149218149,400.0,7828,8627,0.00010088245958750014,0.0001008824328891933,0.00010088243603604496,0.009927013,0.01044692,0.0002064683,0.0007454497317287355,4
8630,7.461161792305774e-05,0.0458836476553307,0.5699567287649197,400.0,7829,8628,7.461163333749998e-05,7.461161294486374e-05,7.46116096888727e-05,3.915556e-05,0.0005593813,0.0002069444,0.00022311549054033702,4
8631,0.00011243179500492239,0.06505043900457295,0.5245832973050206,400.0,7830,8629,0.00011243181208750008,0.00011243178596487269,0.00011243178940276266,0.0006361898,0.001156693,0.0002072619,0.0002690228098595946,4
8632,9.206053966159137e-05,0.0679913016280648,0.44490255925681127,400.0,7831,8630,9.206055653750003e-05,9.206053073285148e-05,9.206053412526672e-05,-0.01053272,-0.01001309,0.0002071429,-0.0004877440378129714,4
8633,7.556709099812664e-05,0.0506321386577391,0.5616561708135144,400.0,7832,8631,7.556710628750002e-05,7.556708442280069e-05,7.556708446827542e-05,0.007025317,0.007546876,0.0002080556,0.0005796357720770443,4
8634,6.180490006909171e-05,0.03904892444779008,0.5854497248129812,400.0,7833,8632,6.180491491250006e-05,6.180489435791969e-05,6.180489305734226e-05,-0.01432451,-0.01380309,0.0002078571,-0.0003392553147498836,4
8635,5.6765695859342305e-05,0.03713144324288161,0.5184967073106493,400.0,7834,8633,5.6765711162500047e-05,5.676568980561569e-05,5.6765688796076575e-05,-0.01304895,-0.01252814,0.0002075397,-0.00026535446794006954,4
8636,3.432561054470013e-05,0.02660914520935073,0.4952595186547318,400.0,7835,8634,3.432562616250006e-05,3.4325603337492794e-05,3.432560436522181e-05,-0.00234455,-0.001823769,0.0002078571,0.0001537972660939931,4
8637,9.372344939537141e-06,0.012108380060731467,0.4294153195009491,400.0,7836,8635,9.372359912500056e-06,9.372338354296517e-06,9.372338690809556e-06,-0.00643836,-0.005918217,0.0002076587,0.00013348426881960057,4
8638,7.659437714859384e-06,0.00795610550686133,0.3884687825694799,400.0,7837,8636,7.65945253750011e-06,7.659431503270753e-06,7.659431221327395e-06,-0.002579506,-0.002057737,0.0002079365,0.0001899105625899002,4
8639,5.415451904516137e-07,0.002641926110618887,0.31100456257439757,600.0,7838,8637,5.415601625000447e-07,5.415387818175077e-07,5.415387659013505e-07,-0.009250117,-0.008728379,0.0002080556,0.00018444620009442196,4
8640,-4.3154886035562625e-06,0.0006604617132088921,0.2340933311229097,600.0,7839,8638,-4.315473587499958e-06,-4.315495061746333e-06,-4.315495016271598e-06,0.008688538,0.009209145,0.0002081349,0.00021407972255125653,4
8641,-2.1666749521892745e-05,0.00016511047483937395,0.22081499191252377,600.0,7840,8639,-2.1666734837499957e-05,-2.1666755856131203e-05,-2.166675577427668e-05,0.01134514,0.01186665,0.0002081349,0.000210059842964083,4
8642,-9.337619315213102e-06,4.127638038128219e-05,0.2733808677001939,600.0,7841,8640,-9.33760483749992e-06,-9.33762567001395e-06,-9.337625369880698e-06,-0.0009944656,-0.0004746367,0.0002081349,0.00020810671765972486,4
8643,4.942952484755926e-06,0.0036003071971486694,0.3442075314347867,400.0,7842,8641,4.9429670374999744e-06,4.942946361552458e-06,4.942946134178783e-06,-0.004320975,-0.003798896,0.0002085317,0.00019410372920963706,4
8644,9.405750374351626e-06,0.00786566205974598,0.33756789234884416,400.0,7843,8642,9.405765037500037e-06,9.405744094692636e-06,9.40574408559769e-06,0.008951928,0.009473872,0.0002081349,0.00028101605676305073,4
8645,6.5976591251353536e-06,0.006005058791937214,0.40838992052227,400.0,7844,8643,6.597673787500005e-06,6.597652827622369e-06,6.59765285490721e-06,0.003020059,0.003541495,0.0002078571,0.0002278757915805301,4
8646,2.778787777916602e-05,0.018351436966415894,0.41226536782294126,400.0,7845,8644,2.778789253750004e-05,2.7787871658802032e-05,2.7787871249529417e-05,-0.01636278,-0.01584127,0.0002080556,-8.647258710188494e-05,4
8647,3.043064552309314e-05,0.038558667933623524,0.33590909173644645,600.0,7846,8645,3.0430660162499985e-05,3.0430639526457526e-05,3.0430638971665758e-05,-0.003768526,-0.003247141,0.0002081349,7.490406395284783e-05,4
8648,-3.4116178465671553e-06,0.00963937779339638,0.2844577368923167,600.0,7847,8646,-3.411602337499986e-06,-3.411624447835493e-06,-3.411624538784963e-06,0.008831477,0.009353453,0.0002083333,0.00029648656375413175,4
8649,2.238322408656265e-05,0.02883300255826451,0.31765446890712856,600.0,7848,8647,2.2383240162500048e-05,2.2383217583410442e-05,2.2383216810339944e-05,0.01187378,0.0123953,0.0002078571,0.0005592576723144027,4
8650,4.024925782996478e-05,0.060370407031215705,0.28390416252727646,600.0,7849,8648,4.024927391250002e-05,4.024925146950409e-05,4.0249250405395285e-05,0.009805698,0.01032682,0.0002077381,0.0008186311930852075,4
8651,2.5177156661720536e-05,0.045720413285840256,0.30824960927530604,600.0,7850,8649,2.517717391250004e-05,2.5177148927468807e-05,2.5177149609589833e-05,0.000582028,0.001103432,0.0002079365,0.0002488789243556102,4
8652,4.757428993615894e-05,0.06471318763347232,0.3348099859131847,600.0,7851,8650,4.7574307662500045e-05,4.7574281779816374e-05,4.7574282898494854e-05,-0.0004246988,9.668562e-05,0.0002080556,0.00020084849358752393,4
8653,6.524476288050874e-05,0.11664573299949517,0.24352103363869507,600.0,7852,8651,6.524478016250002e-05,6.52447561151348e-05,6.524475483274728e-05,0.005240759,0.005761906,0.0002081349,0.0008559586008709125,4
8654,8.056843932191955e-05,0.15266524703882878,0.24462438378198628,600.0,7853,8652,8.056845666250003e-05,8.05684321676381e-05,8.056843161284633e-05,0.0007667195,0.00128804,0.0002079365,0.0003728307676550036,4
8655,6.450942559021654e-05,0.13682986787678184,0.24517693353370384,600.0,7854,8653,6.45094429125e-05,6.450941873481497e-05,6.45094175979466e-05,-0.000387141,0.0001343982,0.0002080556,0.00019797706768985272,4
8656,7.207680569442819e-05,0.20920821407786513,0.1544440993747317,600.0,7855,8654,7.207682228750009e-05,7.207680027931929e-05,7.207679688690404e-05,0.00406724,0.004588125,0.0002079365,0.001124307913409403,4
8657,5.4131941468204666e-05,0.2730807551330173,0.09194149913921347,600.0,7856,8655,5.4131958537500005e-05,5.413193503045477e-05,5.4131933275129996e-05,0.01186209,0.01238295,0.0002077381,0.003532554159556499,4
8658,5.1820833865268164e-05,0.36284086669446686,0.06596751158143986,600.0,7857,8656,5.182085228750011e-05,5.1820825319737196e-05,5.182082662031462e-05,-0.002579017,-0.002057458,0.0002079365,-0.0006140412037848784,4
8659,5.436032853346146e-05,0.41040534071226425,0.06376180491408942,600.0,7858,8657,5.436034728750004e-05,5.436032006400637e-05,5.436032092802634e-05,0.0009159881,0.001437515,0.0002080556,0.000712632303948896,4
8660,4.983874166517797e-05,0.22810797490796933,0.14890454516718948,600.0,7859,8658,4.9838759787500106e-05,4.9838734412333e-05,4.983873338460398e-05,0.00063081,0.001152139,0.0002079365,0.0004233166201780419,4
8661,4.3914565625762624e-05,0.2500831047528826,0.08529811387187408,600.0,7860,8659,4.391458366250007e-05,4.3914558773394674e-05,4.39145570180699e-05,0.001931148,0.002452553,0.0002079365,0.0007692771632995488,4
8662,4.6664637915047336e-05,0.30733466469780524,0.07147707298566375,600.0,7861,8660,4.666465616250011e-05,4.666463064495474e-05,4.666462954446615e-05,-0.003400375,-0.002879404,0.0002079365,-0.0007409102573754543,4
8663,4.520114965320762e-05,0.2864386120793957,0.08086515391539813,600.0,7862,8661,4.5201168662500066e-05,4.520114089245908e-05,4.520114212027693e-05,-0.007826205,-0.00730423,0.0002081349,-0.001943696475389968,4
8664,5.9522168761497436e-05,0.4587199126116764,0.05765804248775249,600.0,7863,8662,5.952218741250008e-05,5.9522160881897435e-05,5.952216065452376e-05,0.006094632,0.006616473,0.0002081349,0.003147767193218076,4
8665,5.24364736363164e-05,0.45566361898420804,0.05766519843603904,600.0,7864,8663,5.243649241250012e-05,5.24364659213461e-05,5.243646525741497e-05,0.0001772411,0.0006988518,0.0002081349,0.0004317367385507117,4
8666,5.045766191427435e-05,0.5935021049302597,0.03945259628726359,600.0,7865,8664,5.0457681162500124e-05,5.045765283284709e-05,5.045765449722239e-05,-0.007524296,-0.00700251,0.000208254,-0.004071349612155339,4
8667,6.090212660644239e-05,0.8000082322255347,0.03504651641499788,600.0,7866,8665,6.090214503750007e-05,6.090211900300346e-05,6.090211841183191e-05,-0.007155695,-0.00663372,0.0002083333,-0.0052653656653258865,4
8668,5.823545984029596e-05,0.6860803598069967,0.04492562752955941,600.0,7867,8666,5.823547878750012e-05,5.823545143357478e-05,5.8235452006556445e-05,0.008586083,0.00910813,0.000208254,0.006314284128317655,4
8669,4.26439802695464e-05,0.23260711206959322,0.261752258152804,600.0,7868,8667,4.2643998787500085e-05,4.264397284714505e-05,4.2643971819416035e-05,0.0002936212,0.0008153668,0.0002081349,0.0003493813586155321,4
8670,3.361792018807345e-05,0.19956349951765653,0.08914527180988092,600.0,7869,8668,3.361794003750005e-05,3.361791095812805e-05,3.361791240422463e-05,0.0005961338,0.001117848,0.0002080556,0.0003896169551785676,4
8671,3.500132635313042e-05,0.15344080205295474,0.12674961988165798,600.0,7870,8669,3.500134578750001e-05,3.50013178831432e-05,3.500131816508656e-05,0.01136398,0.01188516,0.0002079365,0.0019996990395916114,4
8672,3.9447511133775195e-05,0.34167628752626206,0.04876865224353217,600.0,7871,8670,3.9447530537500064e-05,3.9447502786060795e-05,3.9447502849725425e-05,-0.0005402621,-1.870309e-05,0.0002079365,0.00013049912628232586,4
8673,4.897051301679234e-05,0.5942297376405526,0.03609063294847065,600.0,7872,8671,4.8970531787499995e-05,4.897050530416891e-05,4.897050464023778e-05,-0.001737047,-0.001215726,0.0002076587,-0.0006381588168425769,4
8674,3.5181372932837e-05,0.5378837713532005,0.033885372731864837,600.0,7873,8672,3.51813916625e-05,3.518136509228498e-05,3.518136471939215e-05,0.002568707,0.00308983,0.0002078571,0.0017580235523897204,4
8675,1.545358914678717e-05,0.6922864009199577,0.010388525603881716,600.0,7874,8673,1.5453607912500022e-05,1.545358099974692e-05,1.54535812089307e-05,0.001887463,0.002408244,0.0002076587,0.0017310939772543655,4
8676,1.978776829349737e-05,0.4897862646030427,0.023428245324349634,600.0,7875,8674,1.9787787162499973e-05,1.9787759811151773e-05,1.9787760602412164e-05,0.007692667,0.008213055,0.0002081349,0.004128834814224815,4
8677,2.1085514930021073e-05,0.5628775350406106,0.017952336459414086,600.0,7876,8675,2.1085533537500007e-05,2.1085506887175143e-05,2.1085507023599347e-05,0.001492369,0.002013448,0.0002080556,0.0012242704238930521,4
8678,2.515263360542472e-05,0.5431188094354834,0.023439038634970533,600.0,7877,8676,2.5152652287500007e-05,2.51526253123302e-05,2.5152625885311862e-05,8.761349e-05,0.0006083511,0.0002079365,0.0004254092008325853,4
8679,1.8315193951900835e-05,0.531161638161099,0.017370345754124,600.0,7878,8677,1.8315212287500008e-05,1.8315186025574803e-05,1.8315186161999007e-05,0.007438177,0.007959026,0.0002079365,0.004325017896353292,4
8680,1.8353707022814852e-05,0.3501957637024534,0.03165656876396714,600.0,7879,8678,1.8353725150000064e-05,1.835369948821608e-05,1.8353699019826308e-05,0.002019646,0.002540669,0.0002080556,0.0010249269310355765,4
8681,2.4331391841572994e-05,0.6475490259682066,0.016292775061421023,600.0,7880,8679,2.4331410150000044e-05,2.433138433843851e-05,2.4331383651770012e-05,-0.003237422,-0.002716549,0.0002077381,-0.0016858811632563917,4
8682,3.150973180456502e-05,1.1074474459572612,0.012496014939614327,600.0,7881,8680,3.150975015000005e-05,3.1509724067291245e-05,3.15097238171802e-05,-0.00186112,-0.001340692,0.0002073413,-0.0015070242243417908,4
8683,1.4419866476451578e-05,0.519128581219582,0.02231879943915052,600.0,7882,8681,1.4419885150000027e-05,1.4419858416658826e-05,1.4419858530345664e-05,-0.003770652,-0.003250629,0.0002069444,-0.0015879807736045666,4
8684,8.30001140820507e-06,0.19583111460788577,0.04712000014156927,600.0,7883,8682,8.30003015000004e-06,8.300003173644654e-06,8.300003578369797e-06,0.003331252,0.003850831,0.000206746,0.0009203712272758774,4
8685,1.0112732968702784e-05,0.17087678853453775,0.031103561420257532,600.0,7884,8683,1.0112751400000035e-05,1.0112725249200594e-05,1.0112724889950187e-05,0.0007286398,0.001248096,0.0002072619,0.0003851162884052359,4
8686,2.3813827888635847e-05,0.1206588166035973,0.1145729319631351,600.0,7885,8684,2.3813846400000045e-05,2.3813820007489994e-05,2.3813819902898105e-05,0.00105584,0.001576506,0.0002075397,0.00037271755372820516,4
8687,1.3281894344455122e-05,0.10638004440065928,0.06534776077443098,600.0,7886,8685,1.3281912400000088e-05,1.3281886822369415e-05,1.3281886390359432e-05,-0.00445549,-0.003935062,0.0002072619,-0.0002333987004039121,4
8688,0.00015637405285639808,0.12938626152431457,0.3021367179803458,400.0,7887,8686,2.640296990000006e-05,2.6402944058645517e-05,0.000397748947045349,0.001538071,0.002057991,0.0002068651,0.0004463753598118322,5
8689,4.680473425871682e-05,0.10011728657465571,0.2589761061270115,600.0,7888,8687,7.665632400000073e-06,7.665606972295791e-06,0.00011949166313832363,0.006209755,0.006729747,0.0002070635,0.0008600968732052783,5
8690,0.0001413290504849256,0.12133174444079058,0.36687474882121224,400.0,7889,8688,7.363714900000054e-06,7.363689292105846e-06,0.00039012184217911014,0.003942126,0.004462578,0.0002074603,0.0007237411533418846,5
8691,6.268300022284066e-05,0.08326351536404424,0.29604834773466415,400.0,7890,8689,1.5779956024999965e-05,1.5779929526615888e-05,0.00014978868023150034,0.005245499,0.005766511,0.0002075397,0.0006703991922458309,5
8692,0.00015222753719634725,0.2505629572270257,0.24846217471445256,600.0,7891,8690,2.145128177500004e-05,2.145125654351432e-05,0.00039509775106747776,0.0006331918,0.001153902,0.0002073413,0.00044451434818688353,5
8693,0.00013670510446727114,0.300782842505445,0.21526001086269492,600.0,7892,8691,2.0426580524999932e-05,2.042655432887841e-05,0.0003526509608418963,0.0004519075,0.0009724824,0.0002070635,0.00043728837244939097,5
8694,0.00017843615191929658,0.3239973386763995,0.26893289810611154,600.0,7893,8692,2.981558652500004e-05,2.9815559173584916e-05,0.0004544458007172625,0.009375421,0.00989529,0.0002073413,0.003346210896033484,5
8695,0.00018556435179552288,0.47892521742180444,0.17486703533733608,600.0,7894,8693,2.806897215000003e-05,2.8068945539416745e-05,0.0004780557977477915,-0.009142993,-0.008622533,0.0002073413,-0.004021508168934703,5
8696,0.0002019486587659028,1.544251273084873,0.05316056343726727,600.0,7895,8694,4.7884402150000005e-05,4.788437581737526e-05,0.00048806801881377565,0.005788211,0.006307504,0.0002062698,0.009628108480738968,5
8697,0.0001756784714514101,1.88600623638667,0.027774537453815806,600.0,7896,8695,3.644933618749999e-05,3.644930984592065e-05,0.00043424689185453684,0.002231058,0.002750049,0.0002062698,0.005003853235190695,5
8698,0.00014715743248045,1.9714424140498947,0.02226086503495247,600.0,7897,8696,3.408742118749995e-05,3.408739576116204e-05,0.0003571446217365523,0.005411473,0.005930226,0.0002060714,0.011490912563018811,5
8699,0.000154566813839546,1.6817253580175044,0.04875247184203404,600.0,7898,8697,2.8163499937499982e-05,2.8163472961750813e-05,0.0003893158523476664,-0.01454011,-0.01402117,0.0002060714,-0.023720241237016458,5
8700,0.0002059037304462832,1.9203737265641911,0.02281570034250248,600.0,7899,8698,4.76903661875e-05,4.7690340579720214e-05,0.0004997285753918033,-0.008203964,-0.007684849,0.0002061508,-0.014947517892243287,5
8701,0.0001869572006860942,1.9800340288380986,0.01741155859718862,600.0,7900,8699,4.105529243750003e-05,4.105526386410929e-05,0.0004579179160068741,-0.007159698,-0.006640611,0.0002060714,-0.013350592736646903,5
8702,0.00013460290027473052,1.9949486569543085,0.020715377757844274,600.0,7901,8700,5.7741449937500027e-05,5.774142482550815e-05,0.00027734561887015046,0.009790953,0.01030984,0.0002060714,0.020362570998747113,5
8703,0.00015558231353581542,1.99867720212365,0.01,600.0,7902,8701,3.416070243750001e-05,3.416067556827329e-05,0.00038107961815905654,-0.002087104,-0.001568557,0.0002059524,-0.0033407190827341167,5
8704,0.0001577161661824576,1.9996093104518966,0.01,600.0,7903,8702,2.7589843687500088e-05,2.7589818273554556e-05,0.00039937936194418144,-0.02318013,-0.02266243,0.0002052778,-0.045521203625573464,5
8705,0.00014876033999338369,1.9998423305431459,0.019667438824884042,600.0,7904,8703,2.8545781187500062e-05,2.8545755412778817e-05,0.0003720159749790317,-0.00572854,-0.005210354,0.0002051587,-0.010625012839054005,5
8706,0.00010475142727047382,1.9999005838183075,0.017712789867032095,600.0,7905,8704,1.0724789937500041e-05,1.0724763342295773e-05,0.0002793723517697723,0.0106817,0.01119964,0.0002047619,0.022193425031201124,5
8707,9.388287449188024e-05,1.9999151467001983,0.01825725955883973,600.0,7906,8705,7.225694937500054e-06,7.225668014143594e-06,0.0002548176634447999,7.041912e-05,0.0005877599,0.0002045635,0.0009709237845209877,5
8708,0.00010990285139638795,1.9999187873114495,0.01831071683346044,600.0,7907,8706,7.514819937500077e-06,7.5147927418584e-06,0.00030005207987282144,-0.005583558,-0.005066451,0.000204246,-0.010336719952526094,5
8709,0.00011826691239613385,1.9999196974369575,0.010488443803752509,600.0,7908,8707,9.010653837500001e-06,9.010626854433212e-06,0.0003211714195595207,0.01573758,0.01625461,0.0002037698,0.032304161276392955,5
8710,9.961293133596292e-05,1.9999199249615085,0.015126314796926018,600.0,7909,8708,-1.0327443662500013e-05,-1.032747150020441e-05,0.00030378794131366994,-0.01467807,-0.01416096,0.0002037698,-0.028524539543708347,5
8711,0.00013866568910991925,1.9999199818409399,0.025942567450337933,600.0,7910,8709,1.2502273837500001e-05,1.2502246136136819e-05,0.00037296920231720396,-0.01913428,-0.01861844,0.0002029762,-0.037438350144924776,5
8712,9.587776851181375e-05,1.0729308248156528,0.06274909036920986,600.0,7911,8710,-7.94128991249997e-06,-7.94131847214885e-06,0.00028868461985947385,-0.02963641,-0.02912366,0.0001996032,-0.03126222977146248,5
8713,1.4247465695466162e-05,0.48206903953134705,0.02498377251766096,600.0,7912,8711,-3.2130821787500034e-05,-3.213085074094124e-05,0.00010037859997441602,0.008705363,0.009219529,0.0002007937,0.004548446763858456,5
8714,-3.664846712893642e-05,0.12051364436504028,0.02305543030118945,600.0,7913,8712,-7.102785303749998e-05,-7.102787640178576e-05,2.7198987208395956e-05,-0.00719768,-0.006683903,0.0002015873,-0.0006282082292931345,5
8715,-2.1566581630761474e-06,0.030127507238927334,0.0148350625265491,600.0,7914,8713,-5.866065928749994e-05,-5.866068750037812e-05,0.00010277937213801764,0.02260269,0.02311726,0.0002015873,0.0008919793951541394,5
8716,-5.539225886974913e-05,0.007531650853427542,0.01,600.0,7915,8714,-6.923893178749997e-05,-6.923895853105932e-05,-2.9676982421795365e-05,0.003895349,0.004409686,0.0002017063,0.00023339933389871078,5
8717,4.52313095945708e-05,1.5018378562259755,0.01,600.0,7916,8715,-3.596144678749989e-05,-3.596147143980488e-05,0.0001960178818135785,1.129507e-05,0.0005253383,0.0002013889,0.000687908372421691,5
8718,2.2484125317513545e-05,1.218577605038348,0.01,600.0,7917,8716,-4.2139640537499944e-05,-4.2139665310969576e-05,0.00014249971525029395,0.01593159,0.0164457,0.0002013095,0.019996359970797697,5
8719,-3.3748556570377117e-05,0.30463526192754925,0.01,600.0,7918,8717,-4.052788044999995e-05,-4.0527906094212085e-05,-2.115835800686545e-05,0.0026419,0.003154749,0.0002005159,0.0011004794742135358,5
8720,-5.193974138849902e-06,0.07615653071742286,0.01,600.0,7919,8718,-2.0494702587499983e-05,-2.0494728232733905e-05,2.3221690053877026e-05,0.01662638,0.01714023,0.0002009127,0.0014909523382896223,5
8721,9.35176713313885e-05,1.5189935615053753,0.016606143903736763,600.0,7920,8719,-1.4942040087499858e-05,-1.4942066627554595e-05,0.00029494287622080736,0.001727488,0.002242031,0.0002015873,0.003301008142914205,5
8722,4.155680742574177e-07,0.38239694912656325,0.05858504193332122,600.0,7921,8720,4.155861625001339e-07,4.1556032215339656e-07,4.1556032215339656e-07,0.00904729,0.009561437,0.0002013889,0.0037806427371178852,5
8723,0.00011365689890399555,1.5955513693045225,0.01620927971864195,600.0,7922,8721,8.946536625000987e-07,8.946278740040725e-07,0.000323072522998126,-0.002139632,-0.001626132,0.0002009127,-0.0027142309728655704,5
8724,0.0001045214759125018,0.8754976072875533,0.08223371911574866,600.0,7923,8722,9.790392412500036e-06,9.790366675588302e-06,0.0002804506567208454,0.00292401,0.003436549,0.0001997222,0.003033556318604228,5
8725,0.00014228751202278328,1.7188228355898336,0.021788213619424044,600.0,7924,8723,9.793477412500077e-06,9.793451681616716e-06,0.00038834788774419265,-0.008360032,-0.007848454,0.0001986111,-0.013632868153357987,5
8726,0.00015269032243738238,1.9296478177261913,0.011201597244262855,600.0,7925,8724,2.081252741250008e-05,2.081250204355456e-05,0.0003976062528525379,0.01011312,0.01062529,0.0001994048,0.0203176914240438,5
8727,6.663145990293557e-05,1.982352482072915,0.01038074043245742,600.0,7926,8725,1.1162482662500119e-05,1.1162456758029293e-05,0.0001696453006825008,-0.002894742,-0.00238379,0.0001984127,-0.004920423231560383,5
8728,8.62329764518606e-05,1.9955282528746134,0.01,600.0,7927,8726,4.1052470162500044e-05,4.1052444430533797e-05,0.00017013965672121073,0.000862246,0.001373063,0.0001983333,0.002542539605840919,5
8729,0.00010088304663639007,1.998822096756757,0.01,600.0,7928,8727,1.992469266250012e-05,1.9924667867599055e-05,0.00025123430023994394,-0.006315074,-0.005805257,0.0001971429,-0.01180058665369055,5
8730,0.00015565268967753293,1.9996455330234637,0.01,600.0,7929,8728,1.4705543912500035e-05,1.470551887905458e-05,0.00041741169970318235,-0.000420438,8.955758e-05,0.000196627,-1.747388742641309e-05,5
8731,0.00014058139430056992,1.9998513859143683,0.01,600.0,7930,8729,8.704190162500125e-06,8.70416533871321e-06,0.00038549622680934364,0.009035397,0.009545984,0.0001970238,0.01889355481282827,5
8732,0.00010854233119566197,1.999902847593198,0.01,600.0,7931,8730,1.1699839125000473e-06,1.169959205071791e-06,0.00030794814371467666,-0.02108932,-0.02057905,0.0001971429,-0.041353224442855586,5
8733,8.38356011473094e-05,1.9999157126269427,0.01,600.0,7932,8731,8.410516412500033e-06,8.410492227994837e-06,0.00022391078269646056,-0.002557042,-0.002046805,0.0001972222,-0.004290643056842243,5
8734,4.627148023223514e-05,1.999918928788891,0.01,600.0,7933,8732,-2.0084581087499996e-05,-2.0084604329895228e-05,0.00016950418878270993,-0.002941059,-0.002432163,0.0001963492,-0.005060462103332532,5
8735,4.900213455591435e-05,1.999919732805257,0.01031570994163366,600.0,7934,8733,-2.3567151212499915e-05,-2.3567174139316194e-05,0.00018377368819550002,-0.01733826,-0.01683012,0.0001957143,-0.03385458768404258,5
8736,3.4385757303396435e-05,1.789392148703718,0.01,600.0,7935,8734,-2.7909320462499998e-05,-2.7909343771170825e-05,0.00015007663932016063,0.01068838,0.01119624,0.0001947619,0.019880720436275895,5
8737,2.4782363473319718e-05,1.2790094244219512,0.011173967775637787,600.0,7936,8735,-5.6116610462499937e-05,-5.611663073068485e-05,0.00017502333533659826,0.003849109,0.004355703,0.000194246,0.0055167887223267,5
8738,-5.192425482200563e-05,0.31974276353480463,0.01477780836374528,600.0,7937,8736,-5.192424046249996e-05,-5.192426033318043e-05,-5.192426161897856e-05,0.009754751,0.01025893,0.0001918651,0.0034107362518102312,5
8739,-4.444988875162359e-05,0.07993329281297465,0.037986429449003774,600.0,7938,8737,-4.4449874212499924e-05,-4.4449894630815834e-05,-4.444989533453736e-05,0.007917309,0.008423217,0.0001934524,0.0008512845835536532,5
8740,-3.6287605646121084e-05,0.019982723703547565,0.039603310641285236,600.0,7939,8738,-3.628759046249999e-05,-3.628761260188185e-05,-3.62876117048927e-05,0.00471844,0.005222773,0.0001920635,0.0002925907779713119,5
8741,-1.5819370125695614e-05,0.004995531055459115,0.025952253415018712,600.0,7940,8739,-1.5819355462499857e-05,-1.5819376130821183e-05,-1.5819376689023556e-05,0.000975779,0.001476842,0.0001890079,0.00019544131524082924,5
8742,-2.2878320097116985e-05,0.0012488452973818628,0.01,600.0,7941,8740,-2.2878305462499977e-05,-2.2878326490172185e-05,-2.287832624801922e-05,-9.167522e-05,0.0004086418,0.0001882937,0.000188568880688472,5
8743,-2.574958465533139e-05,0.00031220195800573536,0.01,600.0,7942,8741,-2.5749570462499928e-05,-2.5749590349732898e-05,-2.5749591126214e-05,-0.003465633,-0.002965883,0.0001878968,0.0001869121837713211,5
8744,-2.1216402568620517e-05,7.80481479867488e-05,0.01,600.0,7943,8742,-2.1216388237499974e-05,-2.1216408640611917e-05,-2.1216408780446726e-05,0.01656857,0.01706448,0.0001831349,0.00018445245772058018,5
8745,-2.702743653665672e-05,1.95114516355773e-05,0.01,600.0,7944,8743,-2.7027421987499933e-05,-2.7027443138649687e-05,-2.7027442405369585e-05,-0.002223087,-0.001728639,0.0001822619,0.0001822246155495093,5
8746,-1.6608680619453336e-06,4.877716573007059e-06,0.010645734170481261,600.0,7945,8744,-1.6608532374999541e-06,-1.6608744317636592e-06,-1.6608743987944764e-06,0.00200679,0.0024989,0.0001803571,0.00018036840919512855,5
8747,5.750923495539923e-06,0.215654380686375,0.01,600.0,7946,8745,5.750938012500061e-06,5.750917352997931e-06,5.750917194973226e-06,0.002370758,0.002861306,0.0001786905,0.0007572082842721701,5
8748,2.7105748949709615e-05,1.0703470694102808,0.01,600.0,7947,8746,2.7105763012500034e-05,2.7105743356514722e-05,2.710574248908415e-05,-0.00269565,-0.002205496,0.000178373,-0.0023731941980080166,5
8749,1.2542208333169177e-05,0.7378974422590189,0.01,600.0,7948,8747,1.2542223012500034e-05,1.2542202057375107e-05,1.2542202026679661e-05,0.003474091,0.003964634,0.0001780556,0.002972162116273248,5
8750,-5.614604273991575e-07,0.18446882633393777,0.01,600.0,7949,8748,-5.614457374999992e-07,-5.614667202280543e-07,-5.614667259123962e-07,-0.001940812,-0.001450288,0.0001773016,-0.00012293794326532326,5
8751,1.5499207835787362e-06,0.10423610879060803,0.01,600.0,7950,8749,1.5499355124999962e-06,1.5499144865316339e-06,1.5499144558361877e-06,0.00351717,0.004007209,0.0001778571,0.0005770138412459216,5
8752,-1.3349764262451004e-05,0.026058245426836078,0.01,600.0,7951,8750,-1.334974948749998e-05,-1.3349770597415045e-05,-1.3349770591730703e-05,-0.009449084,-0.008958449,0.0001784921,-5.960055363434563e-05,5
8753,-1.1635484219963682e-05,0.006514365919868318,0.01,600.0,7952,8751,-1.1635469487500002e-05,-1.1635490409389604e-05,-1.1635490658363778e-05,-6.665526e-05,0.0004220744,0.0001778571,0.00017944802085616225,5
8754,-1.736352439544502e-05,0.0016285426222226805,0.01,600.0,7953,8752,-1.73635094875e-05,-1.736353078740649e-05,-1.7363530781722146e-05,-0.002317749,-0.001828218,0.0001775,0.00017423360274884076,5
8755,-1.6548032901263407e-05,0.0004071234414860035,0.01,600.0,7954,8753,-1.6548017812499995e-05,-1.6548039639019407e-05,-1.654803909673319e-05,0.008598189,0.009087387,0.0001771825,0.00018081005312038407,5
8756,-2.4242916576451357e-05,0.00010177780694568972,0.01,600.0,7955,8754,-2.424290156249998e-05,-2.424292324576527e-05,-2.424292277623863e-05,-0.009530923,-0.009040455,0.0001787698,0.0001778314875181167,5
8757,-7.038185232314385e-06,2.544368840287034e-05,0.01,600.0,7956,8755,-7.03817031250005e-06,-7.0381915975303855e-06,-7.0381916555106725e-06,0.008965774,0.009457555,0.0001795635,0.00017979956632473048,5
8758,-1.5943028049196202e-05,6.3607312730545635e-06,0.01,600.0,7957,8756,-1.5943012812499982e-05,-1.5943034668453038e-05,-1.5943034489964703e-05,0.006435396,0.006926392,0.0001796825,0.00017972541400610687,5
8759,-1.4518853044413638e-05,1.590135112779093e-06,0.06262269304797144,600.0,7958,8757,-1.4518837812499963e-05,-1.4518859643430915e-05,-1.4518859501322368e-05,-0.002242008,-0.001750009,0.0001799603,0.00017995723108804948,5
8760,6.038835733004552e-08,0.00013238413666101794,0.17157008430396561,600.0,7959,8758,6.04034375000298e-08,6.038189326318388e-08,6.038189553692064e-08,0.005496669,0.005988232,0.0001797619,0.00018053084929950985,5
8761,-1.0271658125861126e-05,3.309504128422953e-05,0.20697764669136406,600.0,7960,8759,-1.0271642812499961e-05,-1.0271664905303624e-05,-1.0271664472156772e-05,0.00768738,0.008178336,0.0001791667,0.00017943143283822305,5
8762,-5.079880345785017e-06,8.27351210824775e-06,0.23076906371763392,600.0,7961,8760,-5.079865312499938e-06,-5.079886705061654e-06,-5.079886872181305e-06,-0.008260671,-0.007769715,0.0001792857,0.0001792199338464601,5
8763,5.932734625743895e-06,0.0027795335714613,0.5339901761136474,400.0,7962,8761,5.9327496875000166e-06,5.932728072366444e-06,5.932728269044673e-06,0.003855746,0.004346476,0.0001791667,0.0001907498761020129,5
8764,-5.561534508344741e-06,0.000694862546363539,0.6501920818566261,400.0,7963,8762,-5.561519437499926e-06,-5.561541001952719e-06,-5.561540932603748e-06,-0.000404899,8.586642e-05,0.0001786905,0.00017862600002340734,5
8765,-3.461515636855195e-06,0.00017371042512178705,0.516284524032947,400.0,7964,8763,-3.4615006874999174e-06,-3.461522055658861e-06,-3.461522031784625e-06,0.003355024,0.003846484,0.0001791667,0.00017980375124723946,5
8766,-7.327069418103001e-06,4.342630345225835e-05,0.5129610520650026,400.0,7965,8764,-7.327054437499952e-06,-7.327075763896573e-06,-7.327075912826331e-06,-0.002133259,-0.001642177,0.0001790873,0.00017900820922384144,5
8767,-5.021589486609332e-06,1.0856250165788696e-05,0.3552611161579486,400.0,7966,8765,-5.021574437499947e-06,-5.021595825382974e-06,-5.021596047072308e-06,-0.001022011,-0.0005311585,0.0001792857,0.00017927798724003596,5
8768,-1.0244974713350426e-05,2.7139811195709307e-06,0.33976815208061767,400.0,7967,8766,-1.0244959437499916e-05,-1.0244981240248308e-05,-1.02449812800387e-05,-0.009628331,-0.009137352,0.0001785714,0.000178546116759781,5
8769,-2.9411298279299613e-06,6.784749250343359e-07,0.460947539656993,400.0,7968,8767,-2.9411144374999475e-06,-2.9411364721454447e-06,-2.9411363755116325e-06,0.001671505,0.002162667,0.0001787698,0.00017877114602450408,5
8770,-9.080441896811703e-07,1.6961364269664622e-07,0.44324238012795225,400.0,7969,8768,-9.08028187499993e-07,-9.080510494641203e-07,-9.080510460535151e-07,-0.0008358035,-0.0003452801,0.0001780556,0.00017805551123512556,5
8771,-3.6716915692463004e-07,4.240213857184133e-08,0.447115559138779,400.0,7970,8769,-3.6715318749987874e-07,-3.671759998269408e-07,-3.671760021006776e-07,0.002600046,0.003091324,0.0001789683,0.00017896842349010998,5
8772,-1.0971727252327618e-05,1.0600216626921043e-08,0.5240289932138296,400.0,7971,8770,-1.097171131249991e-05,-1.0971733900078107e-05,-1.0971734267286593e-05,0.001128049,0.001618374,0.0001778571,0.00017785711526979118,5
8773,-1.833083117859272e-05,2.649974655105559e-09,0.6761970416958255,400.0,7972,8771,-1.8330815062499937e-05,-1.8330838429392315e-05,-1.8330837741586946e-05,-0.003514802,-0.003025251,0.0001777778,0.00017777779151205488,5
8774,-1.851877998203857e-05,6.624737889664764e-10,0.5937482267236637,400.0,7973,8772,-1.8518763812499958e-05,-1.8518787328503095e-05,-1.8518786495178573e-05,-0.02009213,-0.01960311,0.0001771032,0.00017710318689612725,5
8775,-2.5149060869277378e-05,1.6561347868820185e-10,0.670109400230082,400.0,7974,8773,-2.5149045062499917e-05,-2.5149067369056866e-05,-2.5149067918164293e-05,0.003732942,0.004220596,0.000175873,0.00017587300066986063,5
8776,-4.249869727553649e-05,4.14021275709603e-11,0.6612604828396713,400.0,7975,8774,-4.249868131249994e-05,-4.249870471539907e-05,-4.2498703518276674e-05,-0.002640012,-0.002153965,0.0001746032,0.0001746031999035923,5
8777,-4.8622322064399234e-05,1.0350221376783293e-11,0.6197594609178428,400.0,7976,8775,-4.862230631249995e-05,-4.862232890445739e-05,-4.8622328725969056e-05,0.01160491,0.01209175,0.0001753175,0.00017531750012333774,5
8778,-5.7032740451453385e-05,2.5874777175354972e-12,0.5699582362707822,400.0,7977,8776,-5.703272506249999e-05,-5.703274655388668e-05,-5.703274753955157e-05,0.02437843,0.02486561,0.0001755159,0.00017551590006388508,5
8779,-4.028837556428334e-05,6.468500233009928e-13,0.46980579191945077,400.0,7978,8777,-4.0288360062500016e-05,-4.028838156955317e-05,-4.0288382846256356e-05,0.007244868,0.007732133,0.0001757937,0.00017579370000488784,5
8780,-1.0093660832298677e-05,1.6170765445007342e-13,0.5068869763980761,400.0,7979,8778,-1.0093644937499979e-05,-1.0093667697219644e-05,-1.0093667591490884e-05,0.003844345,0.004331694,0.0001753968,0.0001753968000006721,5
8781,-4.497263150794971e-06,4.0425700805109984e-14,0.49858757178081936,400.0,7980,8779,-4.497247437499942e-06,-4.4972698560741264e-06,-4.4972699140544134e-06,0.0004659265,0.0009528744,0.0001755159,0.00017551590000003143,5
8782,9.978667043405129e-07,0.0005146094809249245,0.4847543648853562,400.0,7981,8780,9.97882437499993e-07,9.97859956441971e-07,9.978599666737864e-07,-0.003593368,-0.00310642,0.0001751984,0.0001735096480585823,5
8783,6.435601151555461e-06,0.005211137943117827,0.31654803069649423,400.0,7982,8781,6.4356168125000165e-06,6.43559451418696e-06,6.435594365257202e-06,-1.290955e-06,0.0004858435,0.0001755159,0.00017713305993115672,5
8784,3.852644889402977e-06,0.004272693874292306,0.32429260526870674,400.0,7983,8782,3.852660562500068e-06,3.85263820135151e-06,3.852638143371223e-06,-0.006915939,-0.006430114,0.0001742063,0.00014598806111032567,5
8785,9.587487622919793e-06,0.00759093761266976,0.3674497761411305,400.0,7984,8783,9.587503118750027e-06,9.587481144990306e-06,9.587480818709082e-06,-0.01329556,-0.01280863,0.0001739286,7.537880761457073e-05,5
8786,1.1184277500609595e-05,0.007205106315168672,0.5268060251461353,400.0,7985,8784,1.118429311875009e-05,1.1184270988451317e-05,1.1184270625790305e-05,0.003611677,0.004097311,0.0001743254,0.00020259092832087576,5
8787,-8.248091481221339e-06,0.0018012225404948042,0.5113153896346232,400.0,7986,8785,-8.248075631249879e-06,-8.248098311014473e-06,-8.248098237118028e-06,0.003169094,0.00365553,0.0001747222,0.00018099190946849013,5
8788,7.610388505770802e-05,0.034289991348221964,0.5622213235503557,400.0,7987,8786,3.398149368750193e-06,3.3981268643401563e-06,0.00021112884527018259,-0.0001479386,0.0003388109,0.0001749206,0.0001805403969690575,5
8789,0.00024646631835806976,0.12639697997263105,0.5229354331924531,400.0,7988,8787,-2.695516881249908e-06,-2.695539023989113e-06,0.000709195463088117,0.00488109,0.005368332,0.000175,0.000831421480795224,5
8790,0.00023675050586382184,0.16462534983168547,0.44491589931771625,400.0,7989,8788,-5.12965131249897e-07,-5.129873557052633e-07,0.0006773826885076962,0.002611834,0.003099365,0.000175119,0.0006565240207439069,5
8791,0.00019318214705691658,0.1280805723566389,0.555580408441369,400.0,7990,8789,1.8150384868750104e-05,1.8150361938751303e-05,0.000518241156907796,0.002904587,0.00339205,0.0001751984,0.0005872145941143696,5
8792,7.549418150766986e-05,0.06274526390851265,0.6142331952564654,400.0,7991,8790,4.2643739868750106e-05,4.2643718188628554e-05,0.00013650216623149953,0.004734571,0.005221495,0.0001748016,0.0004914577092483489,5
8793,0.0001389741973593577,0.07865857918752907,0.5517071427098393,400.0,7992,8791,4.7840527368750025e-05,4.784050543094054e-05,0.0003082224635654386,-0.003515487,-0.003030051,0.0001744048,-7.765314029723684e-05,5
8794,0.00015157571715101315,0.08544402060982603,0.5760536971480078,400.0,7993,8792,4.195045361875e-05,4.1950432205339894e-05,0.0003551655136957691,0.005726412,0.006212114,0.0001740079,0.0006899279620527163,5
8795,4.646194303097438e-05,0.046200137706248985,0.4676023856432306,400.0,7994,8793,2.2754132368749994e-05,2.2754109522793442e-05,9.049075710677625e-05,0.00130695,0.001792382,0.0001735317,0.0002483228067858025,5
8796,0.00023218018318690766,0.13281138552201163,0.4786614866509741,400.0,7995,8794,2.8238576118749976e-05,2.823855356837157e-05,0.0006109289045781504,-2.062325e-05,0.0004638604,0.0001738095,0.00021233156190090646,5
8797,0.0001803297282585626,0.13206926639077043,0.45597509646717793,400.0,7996,8795,3.3833973618749986e-05,3.383395232958719e-05,0.00045239329387880594,0.005725642,0.006209534,0.0001728968,0.0009701510464712345,5
8798,0.00011092044771114815,0.09128402633108283,0.475894533404976,400.0,7997,8796,5.938338205624994e-05,5.938335743849166e-05,0.0002066321656880031,-0.002129839,-0.001645657,0.0001724206,6.459156489648117e-06,5
8799,0.00013635133250480312,0.09563255465887097,0.4681467553495133,400.0,7998,8797,6.482207830624999e-05,6.48220520815812e-05,0.0002691914022410706,0.001411979,0.001895625,0.0001718254,0.00033667675946793987,5
8800,0.00010340838088390106,0.09925704204440676,0.3430849345236971,400.0,7999,8798,7.782350455625e-05,7.782348257023841e-05,0.00015092317319269322,-0.005631163,-0.005149636,0.0001704365,-0.00035761815981179214,5
8801,9.046192236722947e-05,0.06523758845114688,0.5594389877792146,400.0,8000,8799,6.511910330625003e-05,6.511907849926502e-05,0.0001375271825731763,-0.003590792,-0.003109082,0.0001703571,-4.358559835639954e-05,5
8802,0.00014506046478936926,0.0799352823478978,0.5699527675296548,400.0,8001,8800,7.458604955625e-05,7.458602340193465e-05,0.00027594154780519187,0.007249988,0.007730591,0.0001700397,0.0007743945028712658,5
8803,3.505089168980836e-05,0.03366970421103499,0.6402272922838455,400.0,8002,8801,5.747684705625002e-05,5.7476823712931946e-05,-6.597287790265212e-06,-0.005632979,-0.005152603,0.0001688492,-1.0322521547161389e-05,5
8804,0.0001402589887063848,0.06499396078232925,0.6197540888595293,400.0,8003,8802,6.173026830625004e-05,6.173024303279817e-05,0.00028609806615151546,-0.0006776895,-0.000198567,0.0001675794,0.00014378209523780897,5
8805,5.433332251728242e-05,0.03897633030133714,0.5976208805187779,400.0,8004,8803,4.4268255806249945e-05,4.426823215908371e-05,7.3025612913509e-05,0.003791182,0.004270039,0.000167381,0.0003272875533214232,5
8806,0.0002276120051441458,0.10805173821206801,0.5788066517226748,400.0,8005,8804,4.608723143125e-05,4.6087210648693144e-05,0.0005647294628220806,-0.004598366,-0.004120042,0.0001677778,-0.0002955285825301218,5
8807,8.230871381780834e-05,0.06423475625082507,0.5527970480874049,400.0,8006,8805,6.026244768125005e-05,6.026242772350088e-05,0.00012325179945773718,-0.03028263,-0.02980357,0.000168254,-0.001756978809032629,5
8808,3.4264870182196864e-05,0.03052566461920093,0.5920847299724743,400.0,8007,8806,5.797793768125003e-05,5.797791527584195e-05,-9.773661339208075e-06,-0.0007865755,-0.0003070204,0.0001679365,0.00015343812496202463,5
8809,4.046657227308776e-05,0.022878664022548227,0.6634763046296801,400.0,8008,8807,1.6013918931249983e-05,1.6013897038646974e-05,8.587866465767522e-05,0.01153182,0.01201094,0.0001674603,0.0004384232929141702,5
8810,6.686387982654852e-05,0.03043909515308167,0.6762030121397421,400.0,8009,8808,-5.6087879437500405e-06,-5.60880835109856e-06,0.0002014559975215944,0.005509574,0.005988328,0.0001672619,0.000344449884910278,5
8811,5.062129777248687e-05,0.026747044437096572,0.6612642969551787,400.0,8010,8809,-3.2774544375002713e-07,-3.277665143741615e-07,0.0001452409705304081,0.0106364,0.01111503,0.0001672619,0.00046008233985772834,5
8812,0.00014754962255942236,0.05726251787298559,0.7293247807521713,400.0,8011,8810,3.2450095562500113e-06,3.2449886475660605e-06,0.00041554392475971215,-0.0004117984,6.652256e-05,0.0001666667,0.0001609321943933752,5
8813,0.00017970560702902492,0.07409894866681672,0.751459300672128,400.0,8012,8811,7.28325205625005e-06,7.283231752808206e-06,0.0004999185722819058,-0.01100531,-0.01052649,0.0001672619,-0.0006251338730937739,5
8814,0.0001755268280816393,0.07257919768781373,0.8117727752688237,400.0,8013,8812,2.2451140562499557e-06,2.2450938104157103e-06,0.0004973357458031967,-0.01188858,-0.01141157,0.0001657937,-0.0006744820686860186,5
8815,-9.222904988967905e-05,0.018144255077970777,0.7719335078887888,400.0,8014,8813,-1.4385422193749948e-05,-1.4385443137143739e-05,-0.00023679576609586788,-0.004115289,-0.003638095,0.0001659524,9.693079364570845e-05,5
8816,9.581972330297815e-05,0.035237236289521905,0.7802342397973328,400.0,8015,8814,-2.756438219374997e-05,-2.7564403353608213e-05,0.0003249616546710458,-0.002935633,-0.002457002,0.0001669841,7.452208177387894e-05,5
8817,-3.417020987656384e-06,0.008809044793108305,0.7492474527821232,400.0,8016,8815,-3.902522094374992e-05,-3.902524258592166e-05,6.271251485868907e-05,0.01202512,0.01250342,0.0001669841,0.0002756563164304093,5
8818,-1.6711594903934653e-05,0.002202195130441128,0.7044273886277858,400.0,8017,8816,-4.343310481874991e-05,-4.343312684795819e-05,3.291408839564482e-05,0.005282892,0.005760622,0.0001663889,0.00017870849289137254,5
8819,-1.4629760081163531e-05,0.0005505322661468038,0.6347091880278986,400.0,8018,8817,-2.2477267318749932e-05,-2.247728843940422e-05,-5.579694784878461e-08,-0.01178179,-0.01130408,0.0001662698,0.00015995500233110946,5
8820,0.00011478542293452276,0.04162293252003773,0.6917026600974013,400.0,8019,8818,-2.754804731875001e-05,-2.754806882876437e-05,0.000379119032057758,0.0009826788,0.00146102,0.0001667857,0.00022065552693401828,5
8821,8.68616628042545e-05,0.046605665805927045,0.5998513084600137,400.0,8020,8819,-4.4425179818749947e-05,-4.44252036686521e-05,0.0003306801086683078,-0.01574576,-0.01526743,0.0001668651,-0.0005524604993806573,5
8822,0.00010351287546773849,0.05576750635049165,0.5865714198146255,400.0,8021,8820,-4.496040506875e-05,-4.496042674873024e-05,0.000379248989572626,0.001071661,0.001550414,0.0001671825,0.00024432187146045006,5
8823,-0.00010471068482052667,0.013941458331325285,0.5533746474872328,400.0,8022,8821,-6.931021881874992e-05,-6.931024108780548e-05,-0.00017045438512619938,0.0008972789,0.001376013,0.000167381,0.00018423109266590634,5
8824,7.112278804559798e-05,0.03730664980428073,0.5257076573402226,400.0,8023,8822,-7.521587006874993e-05,-7.52158957766369e-05,0.00034289460739441677,0.0177117,0.01818994,0.0001671825,0.000839551202559974,5
8825,8.28752761939053e-05,0.05101832718581298,0.4969352644778369,400.0,8024,8823,-7.959862144374993e-05,-7.959864160511643e-05,0.000384612534825203,-0.002401256,-0.001923142,0.0001668651,6.0236433951527826e-05,5
8826,7.050093563909348e-05,0.05286526780500715,0.43939754655502655,400.0,8025,8824,-6.141010394375e-05,-6.141012272564694e-05,0.0003154785993605569,0.009561898,0.01003989,0.0001664683,0.000688429382322269,5
8827,1.201982634579222e-05,0.01979761069919281,0.4565493557647077,400.0,8026,8825,-6.509267644374994e-05,-6.509269587695599e-05,0.00015522877953100513,0.008675674,0.009153586,0.0001663889,0.0003443139294627146,5
8828,-5.599639220467594e-06,0.004949254192717959,0.4117343456403707,400.0,8027,8826,-4.862251644374996e-05,-4.86225399072282e-05,7.43000133719636e-05,0.005143429,0.005621424,0.0001665476,0.00019354516989345823,5
8829,0.00018089823477445276,0.11426721116423649,0.4000993370711332,400.0,8028,8827,-2.733570144374992e-05,-2.7335723643773235e-05,0.0005676184242368526,0.00497935,0.005458083,0.0001672619,0.000771829271865898,5
8830,0.00021556632901134713,0.172620429962719,0.3740943283627638,400.0,8029,8828,-2.0924423081250045e-05,-2.0924444470438175e-05,0.0006547634614296443,-0.00339784,-0.002919229,0.0001671825,-0.0003655951801718806,5
8831,3.652838231006101e-05,0.06838542344586324,0.36191988519372725,400.0,8030,8829,-2.3747373081249994e-05,-2.3747394152451307e-05,0.00014846909196512562,-0.01462368,-0.01414543,0.0001668651,-0.0008118872608956536,5
8832,9.038066810503194e-05,0.06067185575312491,0.5185074936550106,400.0,8031,8830,-2.8036397168750003e-05,-2.8036418370902538e-05,0.0003102980962442081,0.008114649,0.008592355,0.0001661905,0.0006774215370961019,5
8833,2.7120497564872863e-05,0.029090183455956584,0.48696972409483225,400.0,8032,8831,-5.087684341874995e-05,-5.087686440674588e-05,0.00017197272323673973,-0.004960312,-0.004482896,0.0001662698,3.102471396084085e-05,5
8834,0.00012312035842133813,0.0798829950092456,0.42389317352378275,400.0,8033,8832,-3.731080091874998e-05,-3.731082324520685e-05,0.00042106396237938723,0.00488954,0.005367143,0.0001661905,0.0005816581626008234,5
8835,8.955352924837157e-05,0.07655152480750257,0.39567279145002704,400.0,8034,8833,-4.7370420918749944e-05,-4.737044218927622e-05,0.0003438408865435521,-0.005799442,-0.005321962,0.0001659524,-0.00025415581533305064,5
8836,0.0001285296635168563,0.08892640305362123,0.4604079111753928,400.0,8035,8834,-3.8636498418750005e-05,-3.8636520912405103e-05,0.0004389811296052088,-0.007207007,-0.006729587,0.0001661905,-0.0004470261893330927,5
8837,0.00010741006162997118,0.07938477089840223,0.46981464766795344,400.0,8036,8835,-4.198055841874996e-05,-4.198058013571426e-05,0.00038484980629456046,0.00623056,0.006708266,0.0001662698,0.000685604669555218,5
8838,0.00020669968724393295,0.14881902495625832,0.40065130095326523,400.0,8037,8836,-5.2260528418749916e-05,-5.226055145612918e-05,0.0006876258250834375,0.003576194,0.004054638,0.0001671825,0.0007457098370708436,5
8839,-7.777267792626699e-05,0.03720364009637741,0.34697891801859626,400.0,8038,8837,-4.742335466874997e-05,-4.74233747809194e-05,-0.0001341356867209149,0.002996925,0.003475555,0.0001670635,0.0002901514270279238,5
8840,0.0001830215599710462,0.15384140881424185,0.31654746862403127,400.0,8039,8838,-1.4687224668750026e-05,-1.4687247130495962e-05,0.0005501950396209852,-0.009632399,-0.009153582,0.0001671825,-0.0012667370419057727,5
8841,0.00017709352902234746,0.19655847487923653,0.2800269238295456,400.0,8040,8839,-2.5888143418749987e-05,-2.5888166419463232e-05,0.000554059515127956,0.006312118,0.006791284,0.0001677778,0.0014696840770251675,5
8842,8.593483288323836e-05,0.12755956635430393,0.27394381803017515,400.0,8041,8840,-1.322047966875e-05,-1.3220502296462655e-05,0.0002700804359646437,0.0002811705,0.0007605192,0.0001677778,0.00024338763594424303,5
8843,7.752968916545105e-05,0.14133414103479802,0.2656375939395912,600.0,8042,8841,8.940217831249972e-06,8.940194675233215e-06,0.00020491015908498408,-0.00370014,-0.00322149,0.0001676587,-0.00031134372035370236,5
8844,2.4725759681383146e-05,0.05391789190705281,0.3325862740710264,400.0,8043,8842,-9.467419043750064e-06,-9.467442396271508e-06,8.822740066629485e-05,0.0100784,0.01055754,0.0001677778,0.0007279718752395833,5
8845,-0.0001219737130045762,0.0134790685925739,0.30049549547070586,400.0,8044,8843,-2.8298590437500493e-06,-2.8298816232563695e-06,-0.0003432408477808899,-0.0005279158,-4.9202e-05,0.0001671825,0.0001642658384821302,5
8846,4.9649165610603666e-05,0.04230905264372047,0.3187497318600625,400.0,8045,8844,-4.64959654375003e-06,-4.649618404073408e-06,0.00015048974575758393,0.002457343,0.00293587,0.0001671825,0.00028432304519151086,5
8847,-0.00013517586611204032,0.01057694584303529,0.26563261944990596,600.0,8046,8845,-3.0779378793750094e-05,-3.0779399821767583e-05,-0.0003290550358179904,0.001876293,0.002354904,0.0001671825,0.00019032191182514395,5
8848,6.610886303185418e-05,0.06285444520927749,0.2744833228623062,400.0,8047,8846,-3.063063754375005e-05,-3.063065742026083e-05,0.00024576795540591566,-0.004639181,-0.004160345,0.000167381,-0.00010463581674776564,5
8849,-5.743710336397296e-06,0.015713139893980304,0.3082333272708798,400.0,8048,8847,-1.9458628793749994e-05,-1.945865005836822e-05,1.9726873777590227e-05,-0.01758261,-0.0171041,0.0001668651,-0.00010451599072035155,5
8850,0.00037000718540827174,0.663693366418146,0.2102998644001017,600.0,8049,8848,-3.663784754374996e-05,-3.663786992547102e-05,0.0011252051261294617,-0.00502849,-0.004550455,0.0001665476,-0.0029640957349971477,5
8851,0.0004179739269157894,0.8883753187722544,0.21694790164403321,600.0,8050,8849,-4.7156447543749965e-05,-4.715647082775831e-05,0.0012817875027675138,-0.005450732,-0.004973125,0.0001662698,-0.004399441693746467,5
8852,0.00029607227539858407,0.9090048396043648,0.16162602429596434,600.0,8051,8850,-4.445552254374999e-05,-4.445554441190325e-05,0.0009284810648739291,2.753345e-05,0.0005048465,0.0001659524,0.0004740087770133656,5
8853,0.0005731916928124886,1.3060557129977524,0.19923820995132832,600.0,8052,8851,-7.041402504374996e-05,-7.041404751362279e-05,0.001768459477015376,-0.01643983,-0.01596192,0.0001663889,-0.020898081079837497,5
8854,0.0001454152836841418,0.809335256343193,0.11293616505710076,600.0,8053,8852,-5.897028073124999e-05,-5.8970301324734464e-05,0.0005249884953347825,0.01512761,0.0156055,0.0001664683,0.012661820978610183,5
8855,0.00025580942002347695,0.7456291787250526,0.1765606503762973,600.0,8054,8853,-6.583065573125002e-05,-6.583067442988977e-05,0.0008531410079808953,-0.01799777,-0.01751994,0.0001663889,-0.013021053992368163,5
8856,0.00034257124148725956,0.8257893183815445,0.20091155729782698,600.0,8055,8854,-3.324355573124991e-05,-3.324357749079354e-05,0.0010405130295097493,-0.01231466,-0.01183685,0.0001663889,-0.009745757569601839,5
8857,1.092720512727391e-05,0.22894134967707735,0.18211289379020604,600.0,8056,8855,-7.755338073125e-05,-7.755340629955754e-05,0.00017524831871855442,0.01027043,0.01074784,0.0001664683,0.0025889818184328304,5
8858,4.4104980083955836e-05,0.14409129016176916,0.19041348205680456,600.0,8057,8856,-0.0001050582907312499,-0.00010505830869078636,0.00032112250098601723,-0.01822939,-0.01775117,0.0001668651,-0.0024149676947228644,5
8859,3.8217096803335405e-05,0.3161837967962477,0.05115247088673822,600.0,8058,8857,-9.961066823125e-05,-9.961069008568302e-05,0.00029418296800771276,0.005126939,0.005604931,0.0001665476,0.0018860763118456866,5
8860,-4.551079612877132e-05,0.07904357782058595,0.16608852901416782,600.0,8059,8858,-0.00013970054323124992,-0.00013970056897960603,0.00012941304566704506,-0.02711368,-0.02663564,0.0001665476,-0.0019519932013225434,5
8861,-9.535739872815897e-05,0.019760301628312833,0.17991695552470627,600.0,8060,8859,-0.00013188411948124995,-0.00013188413868192583,-2.752204098602843e-05,-0.008790013,-0.008312819,0.0001660714,-1.4740317774060712e-06,5
8862,-0.0003877004554910561,0.004939927204815996,0.26124919885736275,600.0,8061,8860,-0.0001669887696062499,-0.00016698878607712686,-0.000797593569949105,0.004829206,0.005306519,0.0001664683,0.00019185977628706353,5
8863,0.00015772601827330316,0.11559677445079476,0.34478568353578976,400.0,8062,8861,-0.00017413447835624995,-0.0001741345040500164,0.0007740383948505254,-0.01380848,-0.01333047,0.0001665476,-0.0013936640992656074,5
8864,8.464465529733735e-05,0.0935930398950955,0.3270828159476514,400.0,8063,8862,-0.00016456198085624995,-0.0001645620068302378,0.0005474570055565588,0.02017787,0.02065576,0.0001661905,0.002083871595646832,5
8865,0.00010383063642616214,0.22963395588127222,0.18878976247669607,600.0,8064,8863,-0.0001886742446062499,-0.00018867426842916757,0.0006470540107378451,0.007233576,0.007711306,0.0001661905,0.001898805219846103,5
8866,0.00012240422603883682,0.4322060027474846,0.12246611866925491,600.0,8065,8864,-0.00016264632423124988,-0.0001626463490538299,0.0006517838442201494,-0.01128593,-0.01080843,0.0001661905,-0.0045771063579756015,5
8867,7.600952370911049e-05,0.45726973661754466,0.08161787897412037,600.0,8066,8865,-0.00012921370423124993,-0.00012921373127028346,0.0004571384026373848,0.01041354,0.01089088,0.0001664683,0.005070417213437114,5
