date_id,prediction,allocation,risk_volatility,signal_multiplier,training_start,training_end,prediction_enet,prediction_xgb,prediction_lgb,target,forward_returns,risk_free_rate,strategy_return,fold
7968,0.00044989466687831467,0.5072746200307293,0.33257220468500065,600.0,7167,7966,0.00044989467019999993,0.0004498946655075997,0.00044989466540187097,-0.0112548,-0.01094496,2.5e-06,-0.005550868611801608,1
7969,0.00044989466687831467,0.67415848422011,0.3082258171191538,600.0,7167,7966,0.00044989467019999993,0.0004498946655075997,0.00044989466540187097,0.001238805,0.00154834,2.18254e-06,0.0010445377095992154,1
7970,0.00044989466687831467,0.6578969093517447,0.34474544407741314,600.0,7167,7966,0.00044989467019999993,0.0004498946655075997,0.00044989466540187097,0.007647843,0.007957077,1.706349e-06,0.005235520113040478,1
7971,0.00044989466687831467,0.5624795955144094,0.42387203985845784,600.0,7167,7966,0.00044989467019999993,0.0004498946655075997,0.00044989466540187097,0.008487329,0.008796463,1.706349e-06,0.004948577512702141,1
7972,0.00044989466687831467,0.3329075852562512,0.5848935373770647,400.0,7167,7966,0.00044989467019999993,0.0004498946655075997,0.00044989466540187097,0.001278408,0.001587443,1.587302e-06,0.0005295306929860468,1
7973,0.00044989466687831467,0.23790727959566033,0.7271023945587126,400.0,7167,7966,0.00044989467019999993,0.0004498946655075997,0.00044989466540187097,0.001789423,0.002098355,1.904762e-06,0.0005006655349302547,1
7974,0.00044989466687831467,0.19764878564196156,0.8139772747775637,400.0,7167,7966,0.00044989467019999993,0.0004498946655075997,0.00044989466540187097,-0.006212421,-0.005903188,1.785714e-06,-0.0011653251698198037,1
7975,0.00044989466687831467,0.18824512363707296,0.8101038700687729,400.0,7167,7966,0.00044989467019999993,0.0004498946655075997,0.00044989466540187097,0.008631842,0.008940976,1.706349e-06,0.001684480269677629,1
7976,0.00044989466687831467,0.19131358532257284,0.7796699830825107,400.0,7167,7966,0.00044989467019999993,0.0004498946655075997,0.00044989466540187097,0.004088323,0.004397557,1.706349e-06,0.0008426922975853759,1
7977,0.00044989466687831467,0.19950857196119157,0.7414893087689025,400.0,7167,7966,0.00044989467019999993,0.0004498946655075997,0.00044989466540187097,-0.001790582,-0.001481547,1.507937e-06,-0.0002943742356208649,1
7978,0.00044989466687831467,0.20076901856644913,0.7453627094451724,400.0,7167,7966,0.00044989467019999993,0.0004498946655075997,0.00044989466540187097,0.0002226579,0.0005314908,1.587302e-06,0.00010797550722838834,1
7979,0.00044989466687831467,0.19865927646528042,0.7575362558937513,400.0,7167,7966,0.00044989467019999993,0.0004498946655075997,0.00044989466540187097,0.00276775,0.003076582,1.587302e-06,0.0006124635238392535,1
7980,0.00044989466687831467,0.19032322252955328,0.7995903439474276,400.0,7167,7966,0.00044989467019999993,0.0004498946655075997,0.00044989466540187097,-0.0005517589,-0.0002427237,1.587302e-06,-4.4910755200064134e-05,1
7981,0.00044989466687831467,0.19813743585744426,0.7470227383752123,400.0,7167,7966,0.00044989467019999993,0.0004498946655075997,0.00044989466540187097,-0.003884261,-0.003575528,1.587302e-06,-0.0007071731517047073,1
7982,0.00044989466687831467,0.20098843330925253,0.7425959946971453,400.0,7167,7966,0.00044989467019999993,0.0004498946655075997,0.00044989466540187097,-0.001527003,-0.00121827,1.388889e-06,-0.00024374844027181357,1
7983,0.00044989466687831467,0.1957384178641685,0.7730298640663975,400.0,7167,7966,0.00044989467019999993,0.0004498946655075997,0.00044989466540187097,-0.004589165,-0.004280233,1.587302e-06,-0.0008365294294921562,1
7984,0.00044989466687831467,0.2036160165163951,0.7271023945587126,400.0,7167,7966,0.00044989467019999993,0.0004498946655075997,0.00044989466540187097,-0.008193371,-0.007884538,1.507937e-06,-0.0016042173227572426,1
7985,0.00044989466687831467,0.20057360614957964,0.7514494823107783,400.0,7167,7966,0.00044989467019999993,0.0004498946655075997,0.00044989466540187097,0.002250335,0.002559267,1.507937e-06,0.0005145268959276799,1
7986,0.00044989466687831467,0.20273449623209178,0.7370625656096053,400.0,7167,7966,0.00044989467019999993,0.0004498946655075997,0.00044989466540187097,-0.005705303,-0.00539657,1.507937e-06,-0.0010928686741792642,1
7987,0.00044989466687831467,0.2071511351328931,0.7188022535276641,400.0,7167,7966,0.00044989467019999993,0.0004498946655075997,0.00044989466540187097,0.008044027,0.008352658,1.388889e-06,0.001731363765143917,1
7988,0.00044989466687831467,0.2056494543476936,0.7309757942213383,400.0,7167,7966,0.00044989467019999993,0.0004498946655075997,0.00044989466540187097,-0.00189398,-0.001585246,1.388889e-06,-0.0003249017101718634,1
7989,0.00044989466687831467,0.2104509031663873,0.7071820583233445,400.0,7167,7966,0.00044989467019999993,0.0004498946655075997,0.00044989466540187097,-0.01004959,-0.009741061,1.190476e-06,-0.00204907514599827,1
7990,0.00044989466687831467,0.21934870156533665,0.6745348585638826,400.0,7167,7966,0.00044989467019999993,0.0004498946655075997,0.00044989466540187097,-0.01698285,-0.01667422,1.111111e-06,-0.0036566011163699126,1
7991,0.00044989466687831467,0.2222598013914554,0.6717681478336345,400.0,7167,7966,0.00044989467019999993,0.0004498946655075997,0.00044989466540187097,-0.001252843,-0.0009446134,9.920635e-07,-0.00020917801901218513,1
7992,0.00044989466687831467,0.2126369008435409,0.7160355401475414,400.0,7167,7966,0.00044989467019999993,0.0004498946655075997,0.00044989466540187097,0.00944663,0.00975486,7.936508e-07,0.0020748680899161593,1
7993,0.00044989466687831467,0.22113536125980998,0.6695547794147377,400.0,7167,7966,0.00044989467019999993,0.0004498946655075997,0.00044989466540187097,0.01184157,0.01215,9.920635e-07,0.0026875673224862257,1
7994,0.00044989466687831467,0.2138260460025372,0.7093954286727604,400.0,7167,7966,0.00044989467019999993,0.0004498946655075997,0.00044989466540187097,0.001338857,0.001647186,9.920635e-07,0.00035299120389514684,1
7995,0.00044989466687831467,0.21463903523638564,0.6977752357015198,400.0,7167,7966,0.00044989467019999993,0.0004498946655075997,0.00044989466540187097,-0.003169368,-0.00286094,9.920635e-07,-0.0006132902735217184,1
7996,0.00044989466687831467,0.21000682148802455,0.7193555962551603,400.0,7167,7966,0.00044989467019999993,0.0004498946655075997,0.00044989466540187097,-0.02046015,-0.02015182,9.920635e-07,-0.004231235942001152,1
7997,0.00044989466687831467,0.20896916190443685,0.7188022535276641,400.0,7167,7966,0.00044989467019999993,0.0004498946655075997,0.00044989466540187097,0.001374685,0.001683113,1.190476e-06,0.0003526604162284751,1
7998,0.00044989466687831467,0.19762946929885145,0.7735832073194155,400.0,7167,7966,0.00044989467019999993,0.0004498946655075997,0.00044989466540187097,-0.01253098,-0.01222235,1.190476e-06,-0.00241454134122491,1
7999,0.00044989466687831467,0.19733414100677982,0.7603029713488987,400.0,7167,7966,0.00044989467019999993,0.0004498946655075997,0.00044989466540187097,0.0115755,0.01188423,1.111111e-06,0.002346056169442255,1
8000,0.00044989466687831467,0.20169588278436254,0.7381692513663807,400.0,7167,7966,0.00044989467019999993,0.0004498946655075997,0.00044989466540187097,-0.01320472,-0.01289609,1.111111e-06,-0.0026002012525306066,1
8001,0.00044989466687831467,0.20617210174362807,0.7221223098145786,400.0,7167,7966,0.00044989467019999993,0.0004498946655075997,0.00044989466540187097,0.01009657,0.010405,1.111111e-06,0.0021461027495523095,1
8002,0.00044989466687831467,0.2141440054804562,0.6916884690810121,400.0,7167,7966,0.00044989467019999993,0.0004498946655075997,0.00044989466540187097,0.003847251,0.004156084,1.388889e-06,0.0008910919416196086,1
8003,0.00044989466687831467,0.23089291661077158,0.6341409009957235,400.0,7167,7966,0.00044989467019999993,0.0004498946655075997,0.00044989466540187097,0.008336631,0.008645666,1.587302e-06,0.001997443843994261,1
8004,0.00044989466687831467,0.23539008050569896,0.6330342178616967,400.0,7167,7966,0.00044989467019999993,0.0004498946655075997,0.00044989466540187097,-0.00213287,-0.001823736,1.587302e-06,-0.0004280756970067083,1
8005,0.00044989466687831467,0.24774224079993434,0.5954070127623458,400.0,7167,7966,0.00044989467019999993,0.0004498946655075997,0.00044989466540187097,-0.007548991,-0.007239757,1.587302e-06,-0.0017923995617813166,1
8006,0.00044989466687831467,0.26297459521269023,0.5594398770656801,400.0,7167,7966,0.00044989467019999993,0.0004498946655075997,0.00044989466540187097,-0.002770758,-0.002461524,1.587302e-06,-0.0006461483956072524,1
8007,0.00044989466687831467,0.27399185157048594,0.5400729793773841,400.0,7167,7966,0.00044989467019999993,0.0004498946655075997,0.00044989466540187097,0.003288585,0.00359762,1.587302e-06,0.0009868709592330302,1
8008,0.00044989466687831467,0.28728160069532527,0.5140660300964772,400.0,7167,7966,0.00044989467019999993,0.0004498946655075997,0.00044989466540187097,0.01651159,0.01682063,1.785714e-06,0.004833530222327505,1
8009,0.00044989466687831467,0.2748674919263365,0.5539064760066746,400.0,7167,7966,0.00044989467019999993,0.0004498946655075997,0.00044989466540187097,0.007306986,0.007615819,1.587302e-06,0.002094492071775271,1
8010,0.00044989466687831467,0.2668165768854802,0.5677399808969654,400.0,7167,7966,0.00044989467019999993,0.0004498946655075997,0.00044989466540187097,0.00265137,0.002960504,1.507937e-06,0.0007910171375472728,1
8011,0.00044989466687831467,0.29278859378580224,0.4974658683302033,400.0,7167,7966,0.00044989467019999993,0.0004498946655075997,0.00044989466540187097,0.007405806,0.007714842,1.706349e-06,0.0022600244899354284,1
8012,0.00044989466687831467,0.46058531575341133,0.43549208958494795,600.0,7167,7966,0.00044989467019999993,0.0004498946655075997,0.00044989466540187097,0.003618712,0.003927747,1.984127e-06,0.001810132859433724,1
8013,0.00044989466687831467,0.5238232459185629,0.41280533782131507,600.0,7167,7966,0.00044989467019999993,0.0004498946655075997,0.00044989466540187097,0.002299119,0.002608254,1.984127e-06,0.0013672088716146207,1
8014,0.00044989466687831467,0.383437575398652,0.44545214168122255,400.0,7167,7966,0.00044989467019999993,0.0004498946655075997,0.00044989466540187097,-0.001345412,-0.001036178,1.984127e-06,-0.00039608624184758745,1
8015,0.00044989466687831467,0.3098060239375663,0.5256861522179169,400.0,7167,7966,0.00044989467019999993,0.0004498946655075997,0.00044989466540187097,0.005053382,0.005362818,1.984127e-06,0.0016628027541839543,1
8016,0.00044989466687831467,0.4703306892989307,0.4294053953132571,600.0,7167,7966,0.00044989467019999993,0.0004498946655075997,0.00044989466540187097,0.0005906741,0.0009000109,1.984127e-06,0.00042435367815398434,1
8017,0.00044989466687831467,0.5562475898620554,0.38458530737864743,600.0,7167,7966,0.00044989467019999993,0.0004498946655075997,0.00044989466540187097,-0.00473955,-0.004430213,1.984127e-06,-0.0024634148426872756,1
8018,0.00044989466687831467,0.388139934018346,0.45153884425400737,400.0,7167,7966,0.00044989467019999993,0.0004498946655075997,0.00044989466540187097,0.009339516,0.009648852,1.984127e-06,0.003746318786709922,1
8019,0.00044989466687831467,0.3344753110681812,0.47367233182344265,400.0,7167,7966,0.00044989467019999993,0.0004498946655075997,0.00044989466540187097,0.001719916,0.00202915,1.904762e-06,0.000679968243591539,1
8020,0.00044989466687831467,0.5024009785953463,0.4028453167526211,600.0,7167,7966,0.00044989467019999993,0.0004498946655075997,0.00044989466540187097,0.001410859,0.001720196,1.904762e-06,0.000865175961483009,1
8021,0.00044989466687831467,0.5251716314714258,0.422212033769146,600.0,7167,7966,0.00044989467019999993,0.0004498946655075997,0.00044989466540187097,0.003734091,0.004043127,1.587302e-06,0.002124089298855193,1
8022,0.00044989466687831467,0.5142994552478669,0.44047211462168206,600.0,7167,7966,0.00044989467019999993,0.0004498946655075997,0.00044989466540187097,0.005796182,0.006105218,1.785714e-06,0.003140777613832043,1
8023,0.00044989466687831467,0.6049354261071707,0.35415205637499025,600.0,7167,7966,0.00044989467019999993,0.0004498946655075997,0.00044989466540187097,0.00440348,0.004712515,1.785714e-06,0.0028514727419019377,1
8024,0.00044989466687831467,0.5849060458448623,0.3890119725597791,600.0,7167,7966,0.00044989467019999993,0.0004498946655075997,0.00044989466540187097,0.003160886,0.003469619,1.388889e-06,0.0020299776493050976,1
8025,0.00044989466687831467,0.534599431774916,0.4343854176758026,600.0,7167,7966,0.00044989467019999993,0.0004498946655075997,0.00044989466540187097,0.000544802,0.0008537341,1.587302e-06,0.0004571444959996141,1
8026,0.00044989466687831467,0.5326980203683978,0.422765369130768,600.0,7167,7966,0.00044989467019999993,0.0004498946655075997,0.00044989466540187097,-0.00361423,-0.003305397,1.388889e-06,-0.0017601294078524521,1
8027,0.00044989466687831467,0.5848358721258672,0.3735186553090577,600.0,7167,7966,0.00044989467019999993,0.0004498946655075997,0.00044989466540187097,-0.008353778,-0.008044846,1.587302e-06,-0.004704255535677791,1
8028,0.00044989466687831467,0.3727951122604106,0.49635919145604973,400.0,7167,7966,0.00044989467019999993,0.0004498946655075997,0.00044989466540187097,1.440631e-05,0.0003235408,1.785714e-06,0.00012173443740572806,1
8029,0.00044989466687831467,0.3401597042718891,0.4554122019269637,400.0,7167,7966,0.00044989467019999993,0.0004498946655075997,0.00044989466540187097,0.00723771,0.007546844,1.587302e-06,0.00256817958904717,1
8030,0.00044989466687831467,0.3178570071831487,0.4830790745275011,400.0,7167,7966,0.00044989467019999993,0.0004498946655075997,0.00044989466540187097,3.337927e-05,0.0003424145,1.706349e-06,0.0001100028221997643,1
8031,0.00044989466687831467,0.2773707439957111,0.5682933212006737,400.0,7167,7966,0.00044989467019999993,0.0004498946655075997,0.00044989466540187097,0.003648677,0.003957812,1.507937e-06,0.0010988709384275647,1
8032,0.00044989466687831467,0.24546962718426749,0.638567633962241,400.0,7167,7966,0.00044989467019999993,0.0004498946655075997,0.00044989466540187097,-0.002738185,-0.002429253,1.587302e-06,-0.0005951101606764322,1
8033,0.00044989466687831467,0.26161419774856687,0.5616532377798452,400.0,7167,7966,0.00044989467019999993,0.0004498946655075997,0.00044989466540187097,0.003087384,0.00339642,1.785714e-06,0.0008898702393816691,1
8034,0.00044989466687831467,0.25842393031627225,0.5826801745845543,400.0,7167,7966,0.00044989467019999993,0.0004498946655075997,0.00044989466540187097,-0.002097598,-0.001788261,1.785714e-06,-0.0004608051932816081,1
8035,0.00044989466687831467,0.28552997229968907,0.5090859799870823,400.0,7167,7966,0.00044989467019999993,0.0004498946655075997,0.00044989466540187097,-0.003124194,-0.002815159,1.785714e-06,-0.0008025364321581755,1
8036,0.00044989466687831467,0.2869179876519456,0.5218127774331675,400.0,7167,7966,0.00044989467019999993,0.0004498946655075997,0.00044989466540187097,0.001016969,0.001326005,1.587302e-06,0.00038158656272078214,1
8037,0.00044989466687831467,0.32020057209160674,0.45264551774353357,400.0,7167,7966,0.00044989467019999993,0.0004498946655075997,0.00044989466540187097,0.002360821,0.002669856,1.785714e-06,0.0008561033459578169,1
8038,0.00044989466687831467,0.4640229534480042,0.43936544215095785,600.0,7167,7966,0.00044989467019999993,0.0004498946655075997,0.00044989466540187097,-0.02261271,-0.02230317,1.984127e-06,-0.010348119368123479,1
8039,0.00044989466687831467,0.5048749254566409,0.43383208172001253,600.0,7167,7966,0.00044989467019999993,0.0004498946655075997,0.00044989466540187097,0.01195766,0.0122666,1.706349e-06,0.006193943616782254,1
8040,0.00044989466687831467,0.5310963222262669,0.41667868213082576,600.0,7167,7966,0.00044989467019999993,0.0004498946655075997,0.00044989466540187097,-0.01976653,-0.0194576,1.507937e-06,-0.010333152722144658,1
8041,0.00044989466687831467,0.5196688671671481,0.4360454256217615,600.0,7167,7966,0.00044989467019999993,0.0004498946655075997,0.00044989466540187097,-0.01141644,-0.01110721,1.904762e-06,-0.005771156321598381,1
8042,0.00044989466687831467,0.35828596939439933,0.4924858228466241,400.0,7167,7966,0.00044989467019999993,0.0004498946655075997,0.00044989466540187097,0.01500728,0.01531632,1.984127e-06,0.00548889580088923,1
8043,0.00044989466687831467,0.509507089519186,0.40173864842881213,600.0,7167,7966,0.00044989467019999993,0.0004498946655075997,0.00044989466540187097,-0.009010188,-0.008701355,1.706349e-06,-0.00443256510883591,1
8044,0.00044989466687831467,0.354469814193051,0.49525251457091624,400.0,7167,7966,0.00044989467019999993,0.0004498946655075997,0.00044989466540187097,0.01153419,0.01184332,1.706349e-06,0.004199200939615866,1
8045,0.00044989466687831467,0.28461523824416796,0.5738267253998779,400.0,7167,7966,0.00044989467019999993,0.0004498946655075997,0.00044989466540187097,0.02037591,0.02068484,1.706349e-06,0.005888441360715332,1
8046,0.00044989466687831467,0.468643079983398,0.4244253753079603,600.0,7167,7966,0.00044989467019999993,0.0004498946655075997,0.00044989466540187097,0.00233835,0.002647988,2.301587e-06,0.0012421842162585483,1
8047,0.00044989466687831467,0.34578678468899715,0.4919324846075249,400.0,7167,7966,0.00044989467019999993,0.0004498946655075997,0.00044989466540187097,-0.007061314,-0.006751576,2.380952e-06,-0.0023330481063599793,1
8048,0.00044989466687831467,0.29279153105203837,0.5450530372328882,400.0,7167,7966,0.00044989467019999993,0.0004498946655075997,0.00044989466540187097,0.009104194,0.009413531,2.103175e-06,0.0027576895372675055,1
8049,0.00044989466687831467,0.260352829695266,0.6009404225007695,400.0,7167,7966,0.00044989467019999993,0.0004498946655075997,0.00044989466540187097,-0.00916773,-0.008858393,1.984127e-06,-0.0023048401301816617,1
8050,0.00044989466687831467,0.2527618280274356,0.5992803994787952,400.0,7167,7966,0.00044989467019999993,0.0004498946655075997,0.00044989466540187097,-0.00718923,-0.006879997,1.706349e-06,-0.0017377255694357655,1
8051,0.00044989466687831467,0.21953723376484113,0.7193555962551603,400.0,7167,7966,0.00044989467019999993,0.0004498946655075997,0.00044989466540187097,0.01531607,0.015625,1.904762e-06,0.0034317558733951824,1
8052,0.00044989466687831467,0.2182694328090936,0.6883684149702978,400.0,7167,7966,0.00044989467019999993,0.0004498946655075997,0.00044989466540187097,-0.009127462,-0.00881853,1.785714e-06,-0.0019234195940919156,1
8053,0.00044989466687831467,0.22594260739455319,0.656274571179766,400.0,7167,7966,0.00044989467019999993,0.0004498946655075997,0.00044989466540187097,-0.01095153,-0.0106429,1.388889e-06,-0.0024036094964415317,1
8054,0.00044989466687831467,0.2585240362539549,0.556673176333321,400.0,7167,7966,0.00044989467019999993,0.0004498946655075997,0.00044989466540187097,-0.01094207,-0.01063344,1.190476e-06,-0.0027481171187248377,1
8055,0.00044989466687831467,0.2540536809150933,0.5937469901368164,400.0,7167,7966,0.00044989467019999993,0.0004498946655075997,0.00044989466540187097,0.01745009,0.01775902,1.507937e-06,0.004512869240499322,1
8056,0.00044989466687831467,0.2343123539464678,0.6584879388699028,400.0,7167,7966,0.00044989467019999993,0.0004498946655075997,0.00044989466540187097,0.009689268,0.009998704,2.579365e-06,0.0023447948585691263,1
8057,0.00044989466687831467,0.24318369938263484,0.6092405388942446,400.0,7167,7966,0.00044989467019999993,0.0004498946655075997,0.00044989466540187097,0.005912332,0.00622207,2.579365e-06,0.0015150581058949526,1
8058,0.00044989466687831467,0.2646579688410307,0.5516931160139537,400.0,7167,7966,0.00044989467019999993,0.0004498946655075997,0.00044989466540187097,0.01384251,0.01415215,2.301587e-06,0.003747171727393062,1
8059,0.00044989466687831467,0.3016798483387312,0.47754569579391265,400.0,7167,7966,0.00044989467019999993,0.0004498946655075997,0.00044989466540187097,-0.0011262,-0.0008171647,1.706349e-06,-0.0002453305448712977,1
8060,0.00044989466687831467,0.30125295038500755,0.4980192067525532,400.0,7167,7966,0.00044989467019999993,0.0004498946655075997,0.00044989466540187097,0.0009700401,0.001279175,1.984127e-06,0.00038674164569605344,1
8061,0.00044989466687831467,0.28334800587193926,0.5406263191111427,400.0,7167,7966,0.00044989467019999993,0.0004498946655075997,0.00044989466540187097,-0.003073446,-0.002764514,1.785714e-06,-0.0007820397936060159,1
8062,0.00044989466687831467,0.3018025912430185,0.4869524408012556,400.0,7167,7966,0.00044989467019999993,0.0004498946655075997,0.00044989466540187097,-0.002828792,-0.002520161,9.920635e-07,-0.0007598984639845743,1
8063,0.00044989466687831467,0.2880551457571812,0.5290061883927285,400.0,7167,7966,0.00044989467019999993,0.0004498946655075997,0.00044989466540187097,0.005481331,0.005789961,1.309524e-06,0.0016687603686567022,1
8064,0.00044989466687831467,0.2699205021531799,0.5682933212006737,400.0,7167,7966,0.00044989467019999993,0.0004498946655075997,0.00044989466540187097,-0.0006444663,-0.0003349311,2.103175e-06,-8.886928575083293e-05,1
8065,0.00044989466687831467,0.2354558319602099,0.6695547794147377,400.0,7167,7966,0.00044989467019999993,0.0004498946655075997,0.00044989466540187097,-0.01951252,-0.01920218,3.174603e-06,-0.004518838143140211,1
8066,0.00044989466687831467,0.23715416229815134,0.6308208516989441,400.0,7167,7966,0.00044989467019999993,0.0004498946655075997,0.00044989466540187097,-0.001250154,-0.0009394082,3.373016e-06,-0.00022021147351091247,1
8067,0.00044989466687831467,0.2253432094129473,0.6773015694751414,400.0,7167,7966,0.00044989467019999993,0.0004498946655075997,0.00044989466540187097,-0.004264545,-0.003953498,3.571429e-06,-0.0008881272960007187,1
8068,0.00044989466687831467,0.20950165684227862,0.7342958511895051,400.0,7167,7966,0.00044989467019999993,0.0004498946655075997,0.00044989466540187097,-0.001555442,-0.001244395,3.492063e-06,-0.0002579423442505449,1
8069,0.00044989466687831467,0.20226572311930188,0.7503427962952329,400.0,7167,7966,0.00044989467019999993,0.0004498946655075997,0.00044989466540187097,0.008797445,0.00910829,3.571429e-06,0.0018451439145610517,1
8070,0.00044989466687831467,0.20607622935393774,0.7232289952630164,400.0,7167,7966,0.00044989467019999993,0.0004498946655075997,0.00044989466540187097,0.002391816,0.002703566,4.68254e-06,0.000560858266902509,1
8071,0.00044989466687831467,0.21347222904144678,0.6944551810665842,400.0,7167,7966,0.00044989467019999993,0.0004498946655075997,0.00044989466540187097,-0.01409056,-0.01377861,4.563492e-06,-0.0029377612766022217,1
8072,0.00044989466687831467,0.20359068659562327,0.7486827672695617,400.0,7167,7966,0.00044989467019999993,0.0004498946655075997,0.00044989466540187097,9.706364e-05,0.0004090156,4.365079e-06,8.674815640166666e-05,1
8073,0.00044989466687831467,0.20593298531720702,0.7254423663139394,400.0,7167,7966,0.00044989467019999993,0.0004498946655075997,0.00044989466540187097,-0.01802144,-0.01770959,4.68254e-06,-0.003643270486884824,1
8074,0.00044989466687831467,0.19697451878201708,0.7730298640663975,400.0,7167,7966,0.00044989467019999993,0.0004498946655075997,0.00044989466540187097,-0.01069593,-0.01038358,5.15873e-06,-0.002041158082093853,1
8075,0.00044989466687831467,0.1996887695562995,0.7475760813067922,400.0,7167,7966,0.00044989467019999993,0.0004498946655075997,0.00044989466540187097,-0.01138203,-0.01106807,6.547619e-06,-0.0022049291466446253,1
8076,0.00044989466687831467,0.19635689732430356,0.7680497753416118,400.0,7167,7966,0.00044989467019999993,0.0004498946655075997,0.00044989466540187097,-0.01994463,-0.01963067,6.666667e-06,-0.0038492598326449004,1
8077,0.00044989466687831467,0.19573525929810168,0.7669430890213024,400.0,7167,7966,0.00044989467019999993,0.0004498946655075997,0.00044989466540187097,0.003933008,0.004246769,6.269841e-06,0.0008362850434402471,1
8078,0.00044989466687831467,0.20735264003408205,0.7099487712129631,400.0,7167,7966,0.00044989467019999993,0.0004498946655075997,0.00044989466540187097,-0.01252255,-0.01220899,6.150794e-06,-0.002526690898023913,1
8079,0.00044989466687831467,0.2034051060102748,0.7420426517303047,400.0,7167,7966,0.00044989467019999993,0.0004498946655075997,0.00044989466540187097,-0.002823272,-0.002508804,7.34127e-06,-0.0005044555253816015,1
8080,0.00044989466687831467,0.20671883298458532,0.7215689670573718,400.0,7167,7966,0.00044989467019999993,0.0004498946655075997,0.00044989466540187097,-0.005252699,-0.00493793,7.063492e-06,-0.0010151597917826094,1
8081,0.00044989466687831467,0.2046152050567273,0.7354025369742623,400.0,7167,7966,0.00044989467019999993,0.0004498946655075997,0.00044989466540187097,0.02452039,0.02483536,7.34127e-06,0.005087531413591216,1
8082,0.00044989466687831467,0.20810459343346,0.7165888828449822,400.0,7167,7966,0.00044989467019999993,0.0004498946655075997,0.00044989466540187097,0.01769672,0.01801109,6.865079e-06,0.0037536269862692736,1
8083,0.00044989466687831467,0.21917349424458657,0.6728748320871364,400.0,7167,7966,0.00044989467019999993,0.0004498946655075997,0.00044989466540187097,0.00644234,0.006756907,6.865079e-06,0.0014862953531230118,1
8084,0.00044989466687831467,0.2224922740916058,0.6706614636094531,400.0,7167,7966,0.00044989467019999993,0.0004498946655075997,0.00044989466540187097,0.009399125,0.009714097,8.055556e-06,0.002167574789302933,1
8085,0.00044989466687831467,0.21197007230253817,0.7193555962551603,400.0,7167,7966,0.00044989467019999993,0.0004498946655075997,0.00044989466540187097,-0.02381974,-0.02350497,7.34127e-06,-0.004976565049901683,1
8086,0.00044989466687831467,0.21018602399402492,0.7154821975398191,400.0,7167,7966,0.00044989467019999993,0.0004498946655075997,0.00044989466540187097,0.004387223,0.004702194,7.65873e-06,0.000994384432901016,1
8087,0.00044989466687831467,0.2098616916082211,0.7149288548544983,400.0,7167,7966,0.00044989467019999993,0.0004498946655075997,0.00044989466540187097,-0.003525553,-0.003209271,8.849206e-06,-0.000666510944229757,1
8088,0.00044989466687831467,0.2039194093150286,0.7425959946971453,400.0,7167,7966,0.00044989467019999993,0.0004498946655075997,0.00044989466540187097,0.007912099,0.008227877,8.055556e-06,0.0016842366895354853,1
8089,0.00044989466687831467,0.19678424828669608,0.7713698345035778,400.0,7167,7966,0.00044989467019999993,0.0004498946655075997,0.00044989466540187097,0.0143183,0.01463609,1.09127e-05,0.0028889172210401514,1
8090,0.00044989466687831467,0.19437563658954204,0.7746898937561764,400.0,7167,7966,0.00044989467019999993,0.0004498946655075997,0.00044989466540187097,-0.01828374,-0.01796564,1.071429e-05,-0.0034834510186778954,1
8091,0.00044989466687831467,0.19429385759017645,0.7719231776584681,400.0,7167,7966,0.00044989467019999993,0.0004498946655075997,0.00044989466540187097,-0.02004081,-0.01971869,1.468254e-05,-0.0038193905340606587,1
8092,0.00044989466687831467,0.19150696379042723,0.7868634460555972,400.0,7167,7966,0.00044989467019999993,0.0004498946655075997,0.00044989466540187097,-0.003590221,-0.003269309,1.34127e-05,-0.0006152513657359497,1
8093,0.00044989466687831467,0.19634383223668575,0.7575362558937513,400.0,7167,7966,0.00044989467019999993,0.0004498946655075997,0.00044989466540187097,0.0158048,0.01612683,1.428571e-05,0.0031778844029819293,1
8094,0.00044989466687831467,0.20225203004354203,0.7342958511895051,400.0,7167,7966,0.00044989467019999993,0.0004498946655075997,0.00044989466540187097,0.0007982977,0.001120825,1.587302e-05,0.00023935180105563126,1
8095,0.00044989466687831467,0.20898178384466157,0.7099487712129631,400.0,7167,7966,0.00044989467019999993,0.0004498946655075997,0.00044989466540187097,-0.02168332,-0.0213614,1.480159e-05,-0.004452435150101291,1
8096,0.00044989466687831467,0.21330028674427814,0.6983285781915478,400.0,7167,7966,0.00044989467019999993,0.0004498946655075997,0.00044989466540187097,-0.006795897,-0.006475084,1.369048e-05,-0.0013703669772029544,1
8097,0.00044989466687831467,0.2201979184341741,0.67398151645348,400.0,7167,7966,0.00044989467019999993,0.0004498946655075997,0.00044989466540187097,-0.01105175,-0.01073164,1.261905e-05,-0.002353244427927537,1
8098,0.00044989466687831467,0.2378290795350669,0.6153272922764489,400.0,7167,7966,0.00044989467019999993,0.0004498946655075997,0.00044989466540187097,-0.01805908,-0.01773867,1.309524e-05,-0.004208790747151797,1
8099,0.00044989466687831467,0.22429986175907443,0.6822816496147246,400.0,7167,7966,0.00044989467019999993,0.0004498946655075997,0.00044989466540187097,0.01472806,0.01504918,1.349206e-05,0.003385994786394583,1
8100,0.00044989466687831467,0.22011939330494742,0.6856017032730684,400.0,7167,7966,0.00044989467019999993,0.0004498946655075997,0.00044989466540187097,0.02174457,0.02206397,1.123016e-05,0.004865465874292643,1
8101,0.00044989466687831467,0.23316391112267837,0.6313741931845793,400.0,7167,7966,0.00044989467019999993,0.0004498946655075997,0.00044989466540187097,-0.002877537,-0.002558538,1.18254e-05,-0.0005874905833505854,1
8102,0.00044989466687831467,0.2309765364197576,0.6512944942133254,400.0,7167,7966,0.00044989467019999993,0.0004498946655075997,0.00044989466540187097,-0.01554929,-0.01523029,1.142857e-05,-0.0035090507943833006,1
8103,0.00044989466687831467,0.22339284968774892,0.6789615961245944,400.0,7167,7966,0.00044989467019999993,0.0004498946655075997,0.00044989466540187097,0.0180768,0.0183962,1.242063e-05,0.004119225491495149,1
8104,0.00044989466687831467,0.25090649958138606,0.5765934280263234,400.0,7167,7966,0.00044989467019999993,0.0004498946655075997,0.00044989466540187097,-0.005298728,-0.004978419,1.289683e-05,-0.0012394567532104607,1
8105,0.00044989466687831467,0.26865405101402906,0.5461597168804831,400.0,7167,7966,0.00044989467019999993,0.0004498946655075997,0.00044989466540187097,-0.008444979,-0.00812467,1.329365e-05,-0.002173003251577414,1
8106,0.00044989466687831467,0.27519852552094,0.5406263191111427,400.0,7167,7966,0.00044989467019999993,0.0004498946655075997,0.00044989466540187097,-0.02979885,-0.02947914,1.210317e-05,-0.008103843466163493,1
8107,0.00044989466687831467,0.2764096065568682,0.541732998537141,400.0,7167,7966,0.00044989467019999993,0.0004498946655075997,0.00044989466540187097,-0.007901523,-0.007581718,1.210317e-05,-0.0020869019518629166,1
8108,0.00044989466687831467,0.2717447006153103,0.5550131561653112,400.0,7167,7966,0.00044989467019999993,0.0004498946655075997,0.00044989466540187097,0.0264899,0.02681081,1.428571e-05,0.007296099180716941,1
8109,0.00044989466687831467,0.25389267617145844,0.6048138098533378,400.0,7167,7966,0.00044989467019999993,0.0004498946655075997,0.00044989466540187097,-0.004837189,-0.004515571,1.468254e-05,-0.0011355156550058234,1
8110,0.00044989466687831467,0.25236775094690667,0.5954070127623458,400.0,7167,7966,0.00044989467019999993,0.0004498946655075997,0.00044989466540187097,-0.01303667,-0.01271505,1.428571e-05,-0.003198188114180845,1
8111,0.00044989466687831467,0.25740409658764707,0.5788067902359432,400.0,7167,7966,0.00044989467019999993,0.0004498946655075997,0.00044989466540187097,-0.007629825,-0.007308306,1.448413e-05,-0.0018704320479135885,1
8112,0.00044989466687831467,0.2787499578523974,0.5245794736427281,400.0,7167,7966,0.00044989467019999993,0.0004498946655075997,0.00044989466540187097,0.02166788,0.02199041,1.5e-05,0.006140644611289152,1
8113,0.00044989466687831467,0.2781491585282899,0.5395196396577318,400.0,7167,7966,0.00044989467019999993,0.0004498946655075997,0.00044989466540187097,0.02184961,0.02217425,1.777778e-05,0.006180581883948431,1
8114,0.00044989466687831467,0.27609232934676975,0.5444996973878221,400.0,7167,7966,0.00044989467019999993,0.0004498946655075997,0.00044989466540187097,0.01218828,0.0125109,1.718254e-05,0.0034666020957318075,1
8115,0.00044989466687831467,0.30674195262313186,0.47311899425619114,400.0,7167,7966,0.00044989467019999993,0.0004498946655075997,0.00044989466540187097,0.0106305,0.01095282,1.428571e-05,0.0033695930769496838,1
8116,0.00044989466687831467,0.466550375595102,0.4327254099738458,600.0,7167,7966,0.00044989467019999993,0.0004498946655075997,0.00044989466540187097,-0.0006143704,-0.0002924502,1.519841e-05,-0.00012833516454681106,1
8117,0.00044989466687831467,0.5400717054851022,0.3984186442008245,600.0,7167,7966,0.00044989467019999993,0.0004498946655075997,0.00044989466540187097,0.01137709,0.01170143,1.805556e-05,0.006327915519631851,1
8118,0.00044989466687831467,0.5846808220537165,0.3751786520722811,600.0,7167,7966,0.00044989467019999993,0.0004498946655075997,0.00044989466540187097,-0.01320435,-0.0128784,2.063492e-05,-0.007521183420725195,1
8119,0.00044989466687831467,0.5707828689022272,0.39731197643225746,600.0,7167,7966,0.00044989467019999993,0.0004498946655075997,0.00044989466540187097,0.01474931,0.01507436,1.904762e-05,0.008612362012475618,1
8120,0.00044989466687831467,0.39392879010087495,0.4476654877638551,400.0,7167,7966,0.00044989467019999993,0.0004498946655075997,0.00044989466540187097,0.004557417,0.004883571,1.916667e-05,0.0019353955822783572,1
8121,0.00044989466687831467,0.34454603376649845,0.4570722127367659,400.0,7167,7966,0.00044989467019999993,0.0004498946655075997,0.00044989466540187097,0.006784964,0.007113035,2.063492e-05,0.0024642932374491964,1
8122,0.00044989466687831467,0.3258171200320352,0.4692456314587775,400.0,7167,7966,0.00044989467019999993,0.0004498946655075997,0.00044989466540187097,0.01204249,0.01237086,2.015873e-05,0.0040442286481673995,1
8123,0.00044989466687831467,0.5392204606122832,0.3685386674264857,600.0,7167,7966,0.00044989467019999993,0.0004498946655075997,0.00044989466540187097,-0.006502817,-0.006174846,2.202381e-05,-0.003319455183302552,1
8124,0.00044989466687831467,0.6403932980225647,0.33367886163469085,600.0,7167,7966,0.00044989467019999993,0.0004498946655075997,0.00044989466540187097,-0.01571929,-0.01539132,2.083333e-05,-0.009849006370628152,1
8125,0.00044989466687831467,0.6051655644272869,0.3790519792615215,600.0,7167,7966,0.00044989467019999993,0.0004498946655075997,0.00044989466540187097,0.002507557,0.002834116,1.956349e-05,0.0017228337483243868,1
8126,0.00044989466687831467,0.7035879250062457,0.30545919086776324,600.0,7167,7966,0.00044989467019999993,0.0004498946655075997,0.00044989466540187097,0.008238968,0.008566634,1.984127e-05,0.0060332614323591665,1
8127,0.00044989466687831467,0.6083382007686065,0.39011863931945656,600.0,7167,7966,0.00044989467019999993,0.0004498946655075997,0.00044989466540187097,-0.01296032,-0.01263135,2.134921e-05,-0.0076757710622777685,1
8128,0.00044989466687831467,0.3833104564057887,0.4863991026680284,400.0,7167,7966,0.00044989467019999993,0.0004498946655075997,0.00044989466540187097,-0.01033134,-0.009999335,2.650794e-05,-0.0038165024931841544,1
8129,0.00044989466687831467,0.5319830435312315,0.3867986396620145,600.0,7167,7966,0.00044989467019999993,0.0004498946655075997,0.00044989466540187097,0.00470535,0.005038968,2.630952e-05,0.0026929588343730364,1
8130,0.00044989466687831467,0.35107323720082323,0.5157260471238531,400.0,7167,7966,0.00044989467019999993,0.0004498946655075997,0.00044989466540187097,-0.003007999,-0.002673976,2.619048e-05,-0.0009217657071147518,1
8131,0.00044989466687831467,0.3297314926851246,0.4648189325543147,400.0,7167,7966,0.00044989467019999993,0.0004498946655075997,0.00044989466540187097,-0.01742672,-0.0170923,2.650794e-05,-0.005618102155046163,1
8132,0.00044989466687831467,0.30627597064121376,0.5024459151923245,400.0,7167,7966,0.00044989467019999993,0.0004498946655075997,0.00044989466540187097,-0.004040147,-0.003705219,2.698413e-05,-0.0011161000062709261,1
8133,0.00044989466687831467,0.4699551262917022,0.4288520596898688,600.0,7167,7966,0.00044989467019999993,0.0004498946655075997,0.00044989466540187097,0.01111827,0.0114536,2.928571e-05,0.005398200774953048,1
8134,0.00044989466687831467,0.5998792502636626,0.34972541343502667,600.0,7167,7966,0.00044989467019999993,0.0004498946655075997,0.00044989466540187097,-0.01278843,-0.01245178,2.936508e-05,-0.007457814873022402,1
8135,0.00044989466687831467,0.6346599356107623,0.3480654231725862,600.0,7167,7966,0.00044989467019999993,0.0004498946655075997,0.00044989466540187097,7.40056e-05,0.0004111559,2.968254e-05,0.0002717883980948211,1
8136,0.00044989466687831467,0.6503903050086525,0.34308545534217905,600.0,7167,7966,0.00044989467019999993,0.0004498946655075997,0.00044989466540187097,0.01580511,0.01614266,2.996032e-05,0.010509503979388017,1
8137,0.00044989466687831467,0.7002837232700218,0.313759075263673,600.0,7167,7966,0.00044989467019999993,0.0004498946655075997,0.00044989466540187097,-0.001080276,-0.0007415062,3.305556e-05,-0.000509357433195381,1
8138,0.00044989466687831467,0.7194773365949994,0.3098857938006815,600.0,7167,7966,0.00044989467019999993,0.0004498946655075997,0.00044989466540187097,-0.01529304,-0.01495357,3.154762e-05,-0.010749904893800396,1
8139,0.00044989466687831467,0.7128552086114296,0.31652570705817706,600.0,7167,7966,0.00044989467019999993,0.0004498946655075997,0.00044989466540187097,-0.02777783,-0.02743916,3.174603e-05,-0.01955103241876063,1
8140,0.00044989466687831467,0.6560660938316124,0.35304539535600366,600.0,7167,7966,0.00044989467019999993,0.0004498946655075997,0.00044989466540187097,0.005459721,0.005797578,3.095238e-05,0.0038142399251027003,1
8141,0.00044989466687831467,0.6923845618778632,0.3192923406046097,600.0,7167,7966,0.00044989467019999993,0.0004498946655075997,0.00044989466540187097,-0.02929968,-0.02896082,3.166667e-05,-0.02004228351075774,1
8142,0.00044989466687831467,0.623422064660645,0.37462531983132175,600.0,7167,7966,0.00044989467019999993,0.0004498946655075997,0.00044989466540187097,0.002473459,0.002811824,3.305556e-05,0.0017654011180786395,1
8143,0.00044989466687831467,0.6129331916036878,0.36909199919201385,600.0,7167,7966,0.00044989467019999993,0.0004498946655075997,0.00044989466540187097,0.02491965,0.02525942,3.206349e-05,0.01549474763139837,1
8144,0.00044989466687831467,0.6281092046286427,0.3552587175940851,600.0,7167,7966,0.00044989467019999993,0.0004498946655075997,0.00044989466540187097,-0.03729493,-0.03695566,3.115079e-05,-0.023200605517057,1
8145,0.00044989466687831467,0.4076403922109796,0.4487721609123236,400.0,7167,7966,0.00044989467019999993,0.0004498946655075997,0.00044989466540187097,0.005679339,0.006019417,3.206349e-05,0.002472750623122185,1
8146,0.00044989466687831467,0.33769759509242014,0.4769923579981557,400.0,7167,7966,0.00044989467019999993,0.0004498946655075997,0.00044989466540187097,0.004246101,0.004584057,3.035714e-05,0.0015681306314946901,1
8147,0.00044989466687831467,0.5049393495104623,0.401185314276413,600.0,7167,7966,0.00044989467019999993,0.0004498946655075997,0.00044989466540187097,0.03011004,0.03045295,3.551587e-05,0.015394475273379534,1
8148,0.00038229258196231374,0.20631435902432277,0.46322649934872817,400.0,7347,8146,0.0003822925905625,0.00038229257916100323,0.00038229257739203604,-0.035884,-0.03554281,3.305556e-05,-0.007306756339746879,2
8149,0.00038229258196231374,0.24113741567307403,0.5041680212231162,400.0,7347,8146,0.0003822925905625,0.00038229257916100323,0.00038229257739203604,-0.006308498,-0.005968923,3.186508e-05,-0.001415149449612988,2
8150,0.00038229258196231374,0.25215911918870526,0.49808205557862945,400.0,7347,8146,0.0003822925905625,0.00038229257916100323,0.00038229257739203604,-0.03235698,-0.03201731,3.234127e-05,-0.008049270564548369,2
8151,0.00038229258196231374,0.27889096134362407,0.44275616317679406,400.0,7347,8146,0.0003822925905625,0.00038229257916100323,0.00038229257739203604,0.001971405,0.002310571,3.174603e-05,0.0006672897166171552,2
8152,0.00038229258196231374,0.40265257681117983,0.4305847691979558,600.0,7347,8146,0.0003822925905625,0.00038229257916100323,0.00038229257739203604,-0.01622834,-0.01588614,3.484127e-05,-0.006375782863728031,2
8153,0.00038229258196231374,0.5047130946370281,0.3547936235383938,600.0,7347,8146,0.0003822925905625,0.00038229257916100323,0.00038229257739203604,-0.001386528,-0.001043921,3.503968e-05,-0.0005095259037944721,2
8154,0.00038229258196231374,0.4634398021688314,0.4250523595342798,600.0,7347,8146,0.0003822925905625,0.00038229257916100323,0.00038229257739203604,0.02356361,0.02390784,3.59127e-05,0.011099113965300725,2
8155,0.00038229258196231374,0.45711940800395334,0.420073214734375,600.0,7347,8146,0.0003822925905625,0.00038229257916100323,0.00038229257739203604,-0.004402377,-0.004057553,3.742063e-05,-0.0018344712915374,2
8156,0.00038229258196231374,0.32158116298230144,0.46101347505842655,400.0,7347,8146,0.0003822925905625,0.00038229257916100323,0.00038229257739203604,0.02022403,0.02057037,3.888889e-05,0.006641426463102953,2
8157,0.00038229258196231374,0.411622467238048,0.4327977405579002,600.0,7347,8146,0.0003822925905625,0.00038229257916100323,0.00038229257739203604,-0.04036048,-0.03952229,4.119048e-05,-0.01624402696770195,2
8158,0.00038229258196231374,0.2949924765602612,0.49752878705509473,400.0,7347,8146,0.0003822925905625,0.00038229257916100323,0.00038229257739203604,-0.006471687,-0.006124636,3.980159e-05,-0.001778661121275268,2
8159,0.00038229258196231374,0.2641420370850997,0.5019549404767297,400.0,7347,8146,0.0003822925905625,0.00038229257916100323,0.00038229257739203604,9.0058e-05,0.000436502,3.968254e-05,0.00014449924051940924,2
8160,0.00038229258196231374,0.2515227964348055,0.5152334644952278,400.0,7347,8146,0.0003822925905625,0.00038229257916100323,0.00038229257739203604,0.01836261,0.01871006,3.880952e-05,0.004735054653664305,2
8161,0.00038229258196231374,0.2724470463308141,0.45603418340099544,400.0,7347,8146,0.0003822925905625,0.00038229257916100323,0.00038229257739203604,-0.007980323,-0.00763378,3.940476e-05,-0.0020511317638126168,2
8162,0.00038229258196231374,0.2719890315320884,0.46875907490692564,400.0,7347,8146,0.0003822925905625,0.00038229257916100323,0.00038229257739203604,0.008486284,0.008834954,4.138889e-05,0.0024331421479832625,2
8163,0.00038229258196231374,0.44391338857560236,0.3813474012484629,600.0,7347,8146,0.0003822925905625,0.00038229257916100323,0.00038229257739203604,0.01963271,0.01998138,4.146825e-05,0.008893062042840969,2
8164,0.00038229258196231374,0.5469786059146917,0.32879412314485124,600.0,7347,8146,0.0003822925905625,0.00038229257916100323,0.00038229257739203604,0.02420075,0.02454911,4.079365e-05,0.013446318360439245,2
8165,0.00038229258196231374,0.5918875029415903,0.31496512554171296,600.0,7347,8146,0.0003822925905625,0.00038229257916100323,0.00038229257739203604,-0.005959303,-0.005610943,4.06746e-05,-0.003304447228844744,2
8166,0.00038229258196231374,0.6710973738984028,0.27403405390815505,600.0,7347,8146,0.0003822925905625,0.00038229257916100323,0.00038229257739203604,-0.0084372,-0.008088538,4.087302e-05,-0.005414753366862736,2
8167,0.00038229258196231374,0.5769259071394816,0.35036809508180655,600.0,7347,8146,0.0003822925905625,0.00038229257916100323,0.00038229257739203604,0.01869173,0.01904343,4.376984e-05,0.011005166013149867,2
8168,0.00038229258196231374,0.5694984190856031,0.3370917054867417,600.0,7347,8146,0.0003822925905625,0.00038229257916100323,0.00038229257739203604,-0.01676321,-0.01641151,4.416667e-05,-0.009327315178548842,2
8169,0.00038229258196231374,0.6210559782217355,0.2994771600840764,600.0,7347,8146,0.0003822925905625,0.00038229257916100323,0.00038229257739203604,0.002692465,0.00304477,4.503968e-05,0.0019080401282889998,2
8170,0.00038229258196231374,0.6466511846968653,0.2917334058550492,600.0,7347,8146,0.0003822925905625,0.00038229257916100323,0.00038229257739203604,0.009237943,0.009592268,4.603175e-05,0.006219116730458661,2
8171,0.00038229258196231374,0.6232907403160607,0.3105399341198678,600.0,7347,8146,0.0003822925905625,0.00038229257916100323,0.00038229257739203604,-0.01122904,-0.01087218,4.861111e-05,-0.0067582168657889545,2
8172,0.00038229258196231374,0.6038827758424232,0.3199435182150025,600.0,7347,8146,0.0003822925905625,0.00038229257916100323,0.00038229257739203604,-0.02413935,-0.02378289,4.892857e-05,-0.01434269618142461,2
8173,0.00038229258196231374,0.6021511796117713,0.31773089254032116,600.0,7347,8146,0.0003822925905625,0.00038229257916100323,0.00038229257739203604,-0.02935278,-0.02899562,4.912698e-05,-0.01744020167553243,2
8174,0.00038229258196231374,0.557760982391763,0.35202766454502366,600.0,7347,8146,0.0003822925905625,0.00038229257916100323,0.00038229257739203604,-0.03832727,-0.03796819,5.111111e-05,-0.021154571626961844,2
8175,0.00038229258196231374,0.3390741074468677,0.47871776278546685,400.0,7347,8146,0.0003822925905625,0.00038229257916100323,0.00038229257739203604,-0.003381631,-0.003013333,5.944444e-05,-0.0009824548278508712,2
8176,0.00038229258196231374,0.2483034554404041,0.5843937621208533,400.0,7347,8146,0.0003822925905625,0.00038229257916100323,0.00038229257739203604,0.01388007,0.01425629,6.916667e-05,0.0035918784155981724,2
8177,0.00038229258196231374,0.2253023917250903,0.5855003422732635,400.0,7347,8146,0.0003822925905625,0.00038229257916100323,0.00038229257739203604,-0.03346643,-0.03309599,6.72619e-05,-0.007404498070451645,2
8178,0.00038229258196231374,0.22350181206463032,0.5716681215996093,400.0,7347,8146,0.0003822925905625,0.00038229257916100323,0.00038229257739203604,0.00178915,0.002155733,5.884921e-05,0.0005275065367539497,2
8179,0.00038229258196231374,0.23048762488570773,0.5473235904138756,400.0,7347,8146,0.0003822925905625,0.00038229257916100323,0.00038229257739203604,0.02480405,0.02517356,5.992063e-05,0.005848303720627501,2
8180,0.00038229258196231374,0.23014123223307145,0.5539629842842602,400.0,7347,8146,0.0003822925905625,0.00038229257916100323,0.00038229257739203604,-0.002180681,-0.001812995,5.904762e-05,-0.00037178657535962754,2
8181,0.00038229258196231374,0.24144294755476994,0.5196596595688103,400.0,7347,8146,0.0003822925905625,0.00038229257916100323,0.00038229257739203604,0.009434609,0.009802612,6.130952e-05,0.00241327830379379,2
8182,0.00038229258196231374,0.2423308570922412,0.5251924170807404,400.0,7347,8146,0.0003822925905625,0.00038229257916100323,0.00038229257739203604,0.03142417,0.0317939,6.190476e-05,0.007751546363756118,2
8183,0.00038229258196231374,0.2168678668070959,0.6115050940379582,400.0,7347,8146,0.0003822925905625,0.00038229257916100323,0.00038229257739203604,-0.004191879,-0.003819729,6.34127e-05,-0.00077871595698868,2
8184,0.00038229258196231374,0.25293473115112014,0.48093081322016445,400.0,7347,8146,0.0003822925905625,0.00038229257916100323,0.00038229257739203604,-0.0208054,-0.02043285,6.480159e-05,-0.00511976640414598,2
8185,0.00038229258196231374,0.20398170465962265,0.6790076971633292,400.0,7347,8146,0.0003822925905625,0.00038229257916100323,0.00038229257739203604,-0.0011894,-0.0008143962,6.896825e-05,-0.00011122193634670998,2
8186,0.00038229258196231374,0.1924353554073482,0.6756878704504369,400.0,7347,8146,0.0003822925905625,0.00038229257916100323,0.00038229257739203604,-0.008498194,-0.00812431,6.765873e-05,-0.0015087656840434328,2
8187,0.00038229258196231374,0.22236892637045008,0.5484301547585743,400.0,7347,8146,0.0003822925905625,0.00038229257916100323,0.00038229257739203604,0.01020458,0.01057654,6.349206e-05,0.0024012672432988723,2
8188,0.00038229258196231374,0.2520498821032687,0.4864634527600751,400.0,7347,8146,0.0003822925905625,0.00038229257916100323,0.00038229257739203604,0.001516122,0.001888574,6.361111e-05,0.0005235927912673405,2
8189,0.00038229258196231374,0.40562719208282877,0.418413504927011,600.0,7347,8146,0.0003822925905625,0.00038229257916100323,0.00038229257739203604,0.003003655,0.003377317,6.468254e-05,0.0014083771544066176,2
8190,0.00038229258196231374,0.4897147723646219,0.36917679729710556,600.0,7347,8146,0.0003822925905625,0.00038229257916100323,0.00038229257739203604,0.01459689,0.01497717,7.301587e-05,0.007371800317060189,2
8191,0.00038229258196231374,0.454078559713602,0.4322444972777543,600.0,7347,8146,0.0003822925905625,0.00038229257916100323,0.00038229257739203604,-0.001203829,-0.0008226432,7.353175e-05,-0.0003334020805474093,2
8192,0.00038229258196231374,0.4673614724287682,0.4051359238810341,600.0,7347,8146,0.0003822925905625,0.00038229257916100323,0.00038229257739203604,-0.01180576,-0.01142357,7.313492e-05,-0.005299982019490263,2
8193,0.00038229258196231374,0.48474913910648887,0.38964564847073085,600.0,7347,8146,0.0003822925905625,0.00038229257916100323,0.00038229257739203604,-0.00923562,-0.008848867,7.75e-05,-0.004249548718598572,2
8194,0.00038229258196231374,0.6595250328266499,0.26629091092238444,600.0,7347,8146,0.0003822925905625,0.00038229257916100323,0.00038229257739203604,-0.005644361,-0.005251687,8.384921e-05,-0.003435070484048029,2
8195,0.00038229258196231374,0.6600232944065889,0.28952093513861105,600.0,7347,8146,0.0003822925905625,0.00038229257916100323,0.00038229257739203604,-0.002827811,-0.00242853,9.218254e-05,-0.0015715464549028004,2
8196,0.00038229258196231374,0.6913176327817585,0.2723747912189829,600.0,7347,8146,0.0003822925905625,0.00038229257916100323,0.00038229257739203604,0.0187054,0.01910508,9.019841e-05,0.01323552133842424,2
8197,0.00038229258196231374,0.7418950204467322,0.2519113933914988,600.0,7347,8146,0.0003822925905625,0.00038229257916100323,0.00038229257739203604,-0.008655194,-0.008256952,8.888889e-05,-0.006102848907731723,2
8198,0.00038229258196231374,0.766009452615745,0.2469340715256054,600.0,7347,8146,0.0003822925905625,0.00038229257916100323,0.00038229257739203604,0.0266208,0.02701924,8.968254e-05,0.020717978109118854,2
8199,0.00038229258196231374,0.8260370396784129,0.2259200715438966,600.0,7347,8146,0.0003822925905625,0.00038229257916100323,0.00038229257739203604,0.005968785,0.006373162,9.722222e-05,0.005281380937071189,2
8200,0.00038229258196231374,0.8214751928736521,0.23310880422579922,600.0,7347,8146,0.0003822925905625,0.00038229257916100323,0.00038229257739203604,0.009778875,0.01018314,9.436508e-05,0.008382043403265866,2
8201,0.00038229258196231374,0.8558236348589447,0.22039048913037332,600.0,7347,8146,0.0003822925905625,0.00038229257916100323,0.00038229257739203604,-0.009681105,-0.009278066,9.365079e-05,-0.007926885938086402,2
8202,0.00038229258196231374,0.9211885750809172,0.20269724973629666,600.0,7347,8146,0.0003822925905625,0.00038229257916100323,0.00038229257739203604,0.0008131119,0.001214913,9.345238e-05,0.0011265290905471618,2
8203,0.00038229258196231374,0.7800497505334788,0.26076022943893784,600.0,7347,8146,0.0003822925905625,0.00038229257916100323,0.00038229257739203604,-0.01223537,-0.01183103,9.496032e-05,-0.009207905453980684,2
8204,0.00038229258196231374,0.8816436189588742,0.20877903583161186,600.0,7347,8146,0.0003822925905625,0.00038229257916100323,0.00038229257739203604,0.02556079,0.02596638,9.821429e-05,0.022904717522392256,2
8205,0.00038229258196231374,0.7655389508739231,0.2629724880251498,600.0,7347,8146,0.0003822925905625,0.00038229257916100323,0.00038229257739203604,0.01214097,0.01254239,9.456349e-05,0.009623859537126009,2
8206,0.00038229258196231374,0.7330957314197986,0.2646316942375727,600.0,7347,8146,0.0003822925905625,0.00038229257916100323,0.00038229257739203604,0.01417898,0.01457877,9.15873e-05,0.010712079097668751,2
8207,0.00038229258196231374,0.762512429450364,0.24748710168415586,600.0,7347,8146,0.0003822925905625,0.00038229257916100323,0.00038229257739203604,-0.003360598,-0.002961237,9.119048e-05,-0.0022363234134958523,2
8208,0.00038229258196231374,0.7474681456444914,0.2574418779527652,600.0,7347,8146,0.0003822925905625,0.00038229257916100323,0.00038229257739203604,-0.006996417,-0.006597366,8.988095e-05,-0.004908623127183281,2
8209,0.00038229258196231374,0.8827123637511483,0.2060145507802103,600.0,7347,8146,0.0003822925905625,0.00038229257916100323,0.00038229257739203604,0.01525539,0.01565946,9.77381e-05,0.013834262422387009,2
8210,0.00038229258196231374,0.8270131810070495,0.2364267787992269,600.0,7347,8146,0.0003822925905625,0.00038229257916100323,0.00038229257739203604,-0.001079558,-0.0006755941,9.634921e-05,-0.0005420580823602109,2
8211,0.00038229258196231374,0.6981389407141729,0.2917334058550492,600.0,7347,8146,0.0003822925905625,0.00038229257916100323,0.00038229257739203604,-0.002092659,-0.001690127,9.436508e-05,-0.0011514583304440312,2
8212,0.00038229258196231374,0.748641856882441,0.2496992365869886,600.0,7347,8146,0.0003822925905625,0.00038229257916100323,0.00038229257739203604,-0.00156637,-0.001160906,9.563492e-05,-0.0008450642075975707,2
8213,0.00038229258196231374,0.7992230196011582,0.23421478917744043,600.0,7347,8146,0.0003822925905625,0.00038229257916100323,0.00038229257739203604,-0.004377516,-0.00397104,9.761905e-05,-0.0031541469216685796,2
8214,0.00038229258196231374,1.179522638529838,0.14632241493217824,600.0,7347,8146,0.0003822925905625,0.00038229257916100323,0.00038229257739203604,0.02059495,0.02100401,0.0001019841,0.024756396840187014,2
8215,0.00038229258196231374,1.2389487635273646,0.15184717453014313,600.0,7347,8146,0.0003822925905625,0.00038229257916100323,0.00038229257739203604,-0.0004093606,0.0,0.0001005952,-2.4037098656787946e-05,2
8216,0.00038229258196231374,1.2503821868110947,0.15239968526828818,600.0,7347,8146,0.0003822925905625,0.00038229257916100323,0.00038229257739203604,0.01652176,0.01692897,9.880952e-05,0.02114294238536407,2
8217,0.00038229258196231374,1.0479033662248445,0.1949572483187622,600.0,7347,8146,0.0003822925905625,0.00038229257916100323,0.00038229257739203604,0.003713518,0.004120815,9.920635e-05,0.0043134635919739525,2
8218,0.00038229258196231374,1.1761079700030996,0.15681998312045767,600.0,7347,8146,0.0003822925905625,0.00038229257916100323,0.00038229257739203604,0.001550579,0.001958681,9.972222e-05,0.002286058457065238,2
8219,0.00038229258196231374,1.3082006524004246,0.14135071367437044,600.0,7347,8146,0.0003822925905625,0.00038229257916100323,0.00038229257739203604,-0.007508058,-0.007097975,0.0001030952,-0.009317349533621257,2
8220,0.00038229258196231374,1.3217855701190244,0.14411269818120676,600.0,7347,8146,0.0003822925905625,0.00038229257916100323,0.00038229257739203604,0.002495475,0.002906363,0.0001019048,0.0038087971807619727,2
8221,0.00038229258196231374,0.963427572844797,0.22647304025215664,600.0,7347,8146,0.0003822925905625,0.00038229257916100323,0.00038229257739203604,-0.01384943,-0.01343803,0.0001017857,-0.012942846076616875,2
8222,0.00038229258196231374,0.9761668648928749,0.1949572483187622,600.0,7347,8146,0.0003822925905625,0.00038229257916100323,0.00038229257739203604,-0.02123486,-0.02082248,0.000102381,-0.020323774960689187,2
8223,0.00038229258196231374,1.2127844685093647,0.14797977451585886,600.0,7347,8146,0.0003822925905625,0.00038229257916100323,0.00038229257739203604,-0.002833673,-0.002419257,0.0001050794,-0.0029563965792128435,2
8224,0.00038229258196231374,1.3253583904283508,0.14024597221764087,600.0,7347,8146,0.0003822925905625,0.00038229257916100323,0.00038229257739203604,0.002787811,0.003201164,0.0001072619,0.004207791007398894,2
8225,0.00038229258196231374,1.205428271644523,0.16400371206555892,600.0,7347,8146,0.0003822925905625,0.00038229257916100323,0.00038229257739203604,0.01370154,0.01411753,0.0001076587,0.016995553647121207,2
8226,0.00038229258196231374,1.1609635118732196,0.16676690915900097,600.0,7347,8146,0.0003822925905625,0.00038229257916100323,0.00038229257739203604,-0.03426694,-0.03384901,0.0001083333,-0.03931490323145254,2
8227,0.00038229258196231374,0.8656188995345803,0.24914620075637847,600.0,7347,8146,0.0003822925905625,0.00038229257916100323,0.00038229257739203604,-0.007031444,-0.006612223,0.0001093254,-0.005708973929176419,2
8228,0.00038229258196231374,0.7547396164104695,0.26629091092238444,600.0,7347,8146,0.0003822925905625,0.00038229257916100323,0.00038229257739203604,-0.01139846,-0.01097782,0.0001110317,-0.008258163978490583,2
8229,0.00038229258196231374,0.7303959787989437,0.2646316942375727,600.0,7347,8146,0.0003822925905625,0.00038229257916100323,0.00038229257739203604,-0.00802984,-0.00760905,0.0001140079,-0.0055268825341914145,2
8230,0.00038229258196231374,0.8249956713512361,0.22315525627217161,600.0,7347,8146,0.0003822925905625,0.00038229257916100323,0.00038229257739203604,0.002715295,0.003137811,0.0001134921,0.0026085421012857317,2
8231,0.00038229258196231374,0.8407831519656451,0.2259200715438966,600.0,7347,8146,0.0003822925905625,0.00038229257916100323,0.00038229257739203604,-0.01096718,-0.01054437,0.0001136111,-0.008847439842848274,2
8232,0.00038229258196231374,0.7718617132515604,0.25522966865380553,600.0,7347,8146,0.0003822925905625,0.00038229257916100323,0.00038229257739203604,-0.004194343,-0.0037732,0.0001119048,-0.002886858847089861,2
8233,0.00038229258196231374,0.7392432054982423,0.2624194215745997,600.0,7347,8146,0.0003822925905625,0.00038229257916100323,0.00038229257739203604,0.01754202,0.01796499,0.0001128968,0.013309935402021373,2
8234,0.00038229258196231374,1.0222190825528936,0.17118826209767915,600.0,7347,8146,0.0003822925905625,0.00038229257916100323,0.00038229257739203604,0.006110598,0.006536276,0.0001163889,0.006678920001455156,2
8235,0.00038229258196231374,1.064239962669041,0.17726806402048517,600.0,7347,8146,0.0003822925905625,0.00038229257916100323,0.00038229257739203604,0.01510865,0.01553524,0.0001170635,0.016525703082784685,2
8236,0.00038229258196231374,1.1228281996432432,0.16731956255055397,600.0,7347,8146,0.0003822925905625,0.00038229257916100323,0.00038229257739203604,0.0103209,0.01074766,0.0001177778,0.012053309293045756,2
8237,0.00038229258196231374,1.0244519443503968,0.192745920492236,600.0,7347,8146,0.0003822925905625,0.00038229257916100323,0.00038229257739203604,-0.04047555,-0.03963718,0.0001188492,-0.04060929221359115,2
8238,0.00038229258196231374,0.4585509805232331,0.47207863029175295,400.0,7347,8146,0.0003822925905625,0.00038229257916100323,0.00038229257739203604,0.003384109,0.003815823,0.000125119,0.0018174949380210185,2
8239,0.00038229258196231374,0.49834543517128943,0.3736024486789096,600.0,7347,8146,0.0003822925905625,0.00038229257916100323,0.00038229257739203604,-0.0117863,-0.01135327,0.000124127,-0.005595581402598652,2
8240,0.00038229258196231374,0.3149787515906672,0.5019549404767297,400.0,7347,8146,0.0003822925905625,0.00038229257916100323,0.00038229257739203604,-0.008059646,-0.007628872,0.0001228175,-0.002318799981428483,2
8241,0.00038229258196231374,0.2723392743599971,0.49365591186811586,400.0,7347,8146,0.0003822925905625,0.00038229257916100323,0.00038229257739203604,0.007324823,0.007754954,0.0001218254,0.0022006261040205407,2
8242,0.00038229258196231374,0.4031673902791024,0.4278185609093831,600.0,7347,8146,0.0003822925905625,0.00038229257916100323,0.00038229257739203604,-0.01190971,-0.01147857,0.0001204365,-0.0045559046804353465,2
8243,0.00038229258196231374,0.44892925132658174,0.41177469238123243,600.0,7347,8146,0.0003822925905625,0.00038229257916100323,0.00038229257739203604,-0.01787748,-0.01744383,0.0001286905,-0.007760127971986009,2
8244,0.00038229258196231374,0.45666725350363746,0.4162005626667394,600.0,7347,8146,0.0003822925905625,0.00038229257916100323,0.00038229257739203604,-0.008835282,-0.008399798,0.0001265873,-0.003767133657264788,2
8245,0.00038229258196231374,0.3330247245688938,0.43667045059992327,400.0,7347,8146,0.0003822925905625,0.00038229257916100323,0.00038229257739203604,-0.01718818,-0.01675485,0.0001242063,-0.005496936775290353,2
8246,0.00038229258196231374,0.5575591278233841,0.30224282505498695,600.0,7347,8146,0.0003822925905625,0.00038229257916100323,0.00038229257739203604,-0.01032635,-0.009892649,0.0001233333,-0.005461169055482453,2
8247,0.00038229258196231374,0.7914826731456727,0.21983754168756844,600.0,7347,8146,0.0003822925905625,0.00038229257916100323,0.00038229257739203604,-0.002987993,-0.002552771,0.0001255952,-0.0019942852396390176,2
8248,0.00038229258196231374,0.8056279948556708,0.23587377889539582,600.0,7347,8146,0.0003822925905625,0.00038229257916100323,0.00038229257739203604,0.01924047,0.01967637,0.0001289683,0.01587690233620933,2
8249,0.00038229258196231374,0.5822920769437333,0.3763684941744045,600.0,7347,8146,0.0003822925905625,0.00038229257916100323,0.00038229257739203604,-0.02132652,-0.020889,0.0001281746,-0.012109959649323078,2
8250,0.00038229258196231374,0.6503593417135248,0.2839898206889619,600.0,7347,8146,0.0003822925905625,0.00038229257916100323,0.00038229257739203604,-0.01590111,-0.01546349,0.0001276984,-0.010012176624355544,2
8251,0.00038229258196231374,0.7510334351634446,0.2436159204122386,600.0,7347,8146,0.0003822925905625,0.00038229257916100323,0.00038229257739203604,0.025965,0.02640125,0.0001261905,0.019859638695408896,2
8252,0.00038229258196231374,0.5669716451210444,0.3780281263175068,600.0,7347,8146,0.0003822925905625,0.00038229257916100323,0.00038229257739203604,0.03055169,0.03098661,0.000125,0.017622657792784074,2
8253,0.00038229258196231374,0.6312742091296228,0.29283964648591787,600.0,7347,8146,0.0003822925905625,0.00038229257916100323,0.00038229257739203604,-0.002768631,-0.002328227,0.0001315476,-0.0014212446652521343,2
8254,0.00038229258196231374,0.6012782716290945,0.3232624761298093,600.0,7347,8146,0.0003822925905625,0.00038229257916100323,0.00038229257739203604,-0.01075623,-0.01031584,0.0001306746,-0.006150587643236101,2
8255,0.00038229258196231374,0.5368882540721251,0.3708364134390975,600.0,7347,8146,0.0003822925905625,0.00038229257916100323,0.00038229257739203604,-0.02833499,-0.02789389,0.0001304762,-0.014915476840595876,2
8256,0.00038229258196231374,0.5761699667908149,0.32436880061934653,600.0,7347,8146,0.0003822925905625,0.00038229257916100323,0.00038229257739203604,-0.008074886,-0.007635271,0.0001306746,-0.004343830018451274,2
8257,0.00038229258196231374,0.5952231851949372,0.31773089254032116,600.0,7347,8146,0.0003822925905625,0.00038229257916100323,0.00038229257739203604,-0.006772596,-0.006332982,0.0001303571,-0.0037167721860969787,2
8258,0.00038229258196231374,0.5761766007215692,0.335432178644835,600.0,7347,8146,0.0003822925905625,0.00038229257916100323,0.00038229257739203604,-0.003741663,-0.003298485,0.0001325397,-0.0018443364486377416,2
8259,0.00038229258196231374,0.6200877022906688,0.30113655672901596,600.0,7347,8146,0.0003822925905625,0.00038229257916100323,0.00038229257739203604,0.02594075,0.02639107,0.0001401984,0.016418041053571374,2
8260,0.00038229258196231374,0.49272213846509916,0.42449912014077673,600.0,7347,8146,0.0003822925905625,0.00038229257916100323,0.00038229257739203604,-0.02324285,-0.02278875,0.0001421825,-0.011156395598398842,2
8261,0.00038229258196231374,0.46945631414833766,0.41398762507020076,600.0,7347,8146,0.0003822925905625,0.00038229257916100323,0.00038229257739203604,0.0252428,0.02569695,0.0001439683,0.012139976904381924,2
8262,0.00038229258196231374,0.3259167219812217,0.4582471996764821,400.0,7347,8146,0.0003822925905625,0.00038229257916100323,0.00038229257739203604,0.01129396,0.01174963,0.0001463492,0.003928052442563648,2
8263,0.00038229258196231374,0.41313027560312987,0.4322444972777543,600.0,7347,8146,0.0003822925905625,0.00038229257916100323,0.00038229257739203604,-0.00754756,-0.007086466,0.0001521032,-0.0028383688885683274,2
8264,0.00038229258196231374,0.31310225779538725,0.45548092985212474,400.0,7347,8146,0.0003822925905625,0.00038229257916100323,0.00038229257739203604,-0.008849909,-0.008385346,0.0001544841,-0.0025193559854990075,2
8265,0.00038229258196231374,0.4360266545654633,0.40071010384148503,600.0,7347,8146,0.0003822925905625,0.00038229257916100323,0.00038229257739203604,0.02383682,0.02430147,0.0001543651,0.010683146466988305,2
8266,0.00038229258196231374,0.5014307153928649,0.3653043746583765,600.0,7347,8146,0.0003822925905625,0.00038229257916100323,0.00038229257739203604,0.01177324,0.0122365,0.0001541667,0.006212619730234035,2
8267,0.00038229258196231374,0.5584429601468993,0.33100679890835316,600.0,7347,8146,0.0003822925905625,0.00038229257916100323,0.00038229257739203604,0.01550252,0.01596854,0.0001552778,0.00898608275254707,2
8268,0.00038229258196231374,0.6012393457402533,0.3105399341198678,600.0,7347,8146,0.0003822925905625,0.00038229257916100323,0.00038229257739203604,-0.007998818,-0.007534033,0.0001573413,-0.004467015551975398,2
8269,0.00038229258196231374,0.6550960168081388,0.2839898206889619,600.0,7347,8146,0.0003822925905625,0.00038229257916100323,0.00038229257739203604,-0.00580624,-0.005340034,0.0001559524,-0.0034444463990717018,2
8270,0.00038229258196231374,0.6027267060075947,0.32658145692707025,600.0,7347,8146,0.0003822925905625,0.00038229257916100323,0.00038229257739203604,0.02332454,0.02379073,0.0001559524,0.014401264050070084,2
8271,0.00038229258196231374,0.538988172599459,0.36917679729710556,600.0,7347,8146,0.0003822925905625,0.00038229257916100323,0.00038229257739203604,-0.007691259,-0.007223279,0.0001575397,-0.0038206342834009146,2
8272,0.00038229258196231374,0.4924964391221202,0.40071010384148503,600.0,7347,8146,0.0003822925905625,0.00038229257916100323,0.00038229257739203604,-0.00484423,-0.004375858,0.0001577381,-0.0020750418356679317,2
8273,0.00038229258196231374,0.3368370800157321,0.44718215475595213,400.0,7347,8146,0.0003822925905625,0.00038229257916100323,0.00038229257739203604,-0.02556594,-0.02509622,0.0001607143,-0.008346757699761188,2
8274,0.00038229258196231374,0.28856845764229755,0.46765255812680867,400.0,7347,8146,0.0003822925905625,0.00038229257916100323,0.00038229257739203604,-0.01076793,-0.0102969,0.0001597222,-0.0028577291404022083,2
8275,0.00038229258196231374,0.2633792388596063,0.49974186235291534,400.0,7347,8146,0.0003822925905625,0.00038229257916100323,0.00038229257739203604,0.01392193,0.01439314,0.0001597222,0.003908508946534772,2
8276,0.00038229258196231374,0.24936142001062414,0.5207662099340841,400.0,7347,8146,0.0003822925905625,0.00038229257916100323,0.00038229257739203604,0.00909543,0.009565564,0.000159246,0.002504818813551494,2
8277,0.00038229258196231374,0.22313565160723378,0.5943529988064629,400.0,7347,8146,0.0003822925905625,0.00038229257916100323,0.00038229257739203604,0.004926356,0.005395447,0.0001580556,0.0013267043427611224,2
8278,0.00038229258196231374,0.21136534467774137,0.6142715696285634,400.0,7347,8146,0.0003822925905625,0.00038229257916100323,0.00038229257739203604,-0.02107438,-0.02060209,0.0001623016,-0.004226571187557598,2
8279,0.00038229258196231374,0.25064890232385434,0.48314386681540067,400.0,7347,8146,0.0003822925905625,0.00038229257916100323,0.00038229257739203604,0.04055108,0.04065548,0.0001624206,0.010311961490344631,2
8280,0.00038229258196231374,0.2684830541426709,0.4643330127463816,400.0,7347,8146,0.0003822925905625,0.00038229257916100323,0.00038229257739203604,0.009206089,0.009678482,0.0001609127,0.0027162187736785226,2
8281,0.00038229258196231374,0.49661893358273485,0.33377265690408764,600.0,7347,8146,0.0003822925905625,0.00038229257916100323,0.00038229257739203604,-0.00897908,-0.008506687,0.0001612302,-0.004143421596247445,2
8282,0.00038229258196231374,0.5412093826847746,0.3437298623046138,600.0,7347,8146,0.0003822925905625,0.00038229257916100323,0.00038229257739203604,0.008056579,0.008529054,0.0001614286,0.004690065977271439,2
8283,0.00038229258196231374,0.5605695558458598,0.3370917054867417,600.0,7347,8146,0.0003822925905625,0.00038229257916100323,0.00038229257739203604,-0.008099743,-0.007628799,0.0001638889,-0.004204454694948406,2
8284,0.00038229258196231374,0.5790957997154822,0.32658145692707025,600.0,7347,8146,0.0003822925905625,0.00038229257916100323,0.00038229257739203604,-0.003534222,-0.003059805,0.0001636905,-0.001703022204451758,2
8285,0.00038229258196231374,0.6732325623696979,0.2712686214031149,600.0,7347,8146,0.0003822925905625,0.00038229257916100323,0.00038229257739203604,0.004066394,0.004540382,0.0001632143,0.0031100661265928767,2
8286,0.00038229258196231374,0.6711351170894936,0.2850960362617768,600.0,7347,8146,0.0003822925905625,0.00038229257916100323,0.00038229257739203604,-0.004111457,-0.003636088,0.0001640873,-0.002386343794926101,2
8287,0.00038229258196231374,0.717538261436558,0.26076022943893784,600.0,7347,8146,0.0003822925905625,0.00038229257916100323,0.00038229257739203604,0.01298381,0.01345701,0.000162619,0.009701853204997822,2
8288,0.00038229258196231374,0.7651681115854108,0.2447219649434257,600.0,7347,8146,0.0003822925905625,0.00038229257916100323,0.00038229257739203604,0.005828782,0.006301576,0.0001665873,0.004860885018176834,2
8289,0.00038229258196231374,0.88900973150215,0.20546166108174324,600.0,7347,8146,0.0003822925905625,0.00038229257916100323,0.00038229257739203604,-0.0006985593,-0.000223647,0.0001666667,-0.00018032597763861072,2
8290,0.00038229258196231374,0.9218518134460225,0.2049087737659496,600.0,7347,8146,0.0003822925905625,0.00038229257916100323,0.00038229257739203604,-0.01643355,-0.01595705,0.0001656746,-0.014697088310200798,2
8291,0.00038229258196231374,0.9028474494208428,0.21320233322942111,600.0,7347,8146,0.0003822925905625,0.00038229257916100323,0.00038229257739203604,-0.002194244,-0.001717562,0.0001659921,-0.001534569915031171,2
8292,0.00038229258196231374,0.9407454641209729,0.20048576672458035,600.0,7347,8146,0.0003822925905625,0.00038229257916100323,0.00038229257739203604,0.03102251,0.03150065,0.0001687698,0.02964409398053172,2
8293,0.00038229258196231374,0.8317532448629178,0.24029782257049986,600.0,7347,8146,0.0003822925905625,0.00038229257916100323,0.00038229257739203604,-0.001214708,-0.0007358713,0.0001687698,-0.0005836683703613594,2
8294,0.00038229258196231374,0.8487463457170001,0.22370821556666956,600.0,7347,8146,0.0003822925905625,0.00038229257916100323,0.00038229257739203604,-0.001630475,-0.001153714,0.0001663889,-0.0009540436123454144,2
8295,0.00038229258196231374,0.7966483631752586,0.24527498944509404,600.0,7347,8146,0.0003822925905625,0.00038229257916100323,0.00038229257739203604,-0.01846522,-0.01798924,0.0001669841,-0.014297142110708181,2
8296,0.00038229258196231374,0.69620226141093,0.28841470504902106,600.0,7347,8146,0.0003822925905625,0.00038229257916100323,0.00038229257739203604,-0.01489115,-0.01441478,0.000165,-0.00998547580687385,2
8297,0.00038229258196231374,0.6992955257554506,0.27292787775986443,600.0,7347,8146,0.0003822925905625,0.00038229257916100323,0.00038229257739203604,-0.002177837,-0.001701242,0.0001674603,-0.00113931485735892,2
8298,0.00038229258196231374,0.9164448445237504,0.19329874798966526,600.0,7347,8146,0.0003822925905625,0.00038229257916100323,0.00038229257739203604,0.007357386,0.007833961,0.0001659921,0.0071932626663734536,2
8299,0.00038229258196231374,1.050604371919139,0.1745044570778297,600.0,7347,8146,0.0003822925905625,0.00038229257916100323,0.00038229257739203604,-0.007945954,-0.00747022,0.0001646825,-0.007856579445676363,2
8300,0.00038229258196231374,1.0128516287454226,0.19108745586024242,600.0,7347,8146,0.0003822925905625,0.00038229257916100323,0.00038229257739203604,0.01394061,0.01441721,0.0001655952,0.01460036646243237,2
8301,0.00038229258196231374,0.9119297631373092,0.21762577195286237,600.0,7347,8146,0.0003822925905625,0.00038229257916100323,0.00038229257739203604,0.007093395,0.007569871,0.0001653968,0.006917757203362317,2
8302,0.00038229258196231374,1.0708317594715215,0.17008289736792345,600.0,7347,8146,0.0003822925905625,0.00038229257916100323,0.00038229257739203604,-0.006871547,-0.006393512,0.0001685714,-0.006858315913020863,2
8303,0.00038229258196231374,0.911697828225346,0.22260229898619432,600.0,7347,8146,0.0003822925905625,0.00038229257916100323,0.00038229257739203604,-0.02493981,-0.02446169,0.0001674603,-0.022286882539545628,2
8304,0.00038229258196231374,0.8443520775984497,0.23255581436068248,600.0,7347,8146,0.0003822925905625,0.00038229257916100323,0.00038229257739203604,-0.01228372,-0.01180614,0.0001671825,-0.009942517228631263,2
8305,0.00038229258196231374,0.7929260359466112,0.24638104270409317,600.0,7347,8146,0.0003822925905625,0.00038229257916100323,0.00038229257739203604,-0.008955749,-0.008479662,0.0001651984,-0.0066895364882838355,2
8306,0.00038229258196231374,0.8603144405412596,0.21651989951730832,600.0,7347,8146,0.0003822925905625,0.00038229257916100323,0.00038229257739203604,0.0008930005,0.001368349,0.0001651984,0.0012002862353258808,2
8307,0.00038229258196231374,0.9718485922214627,0.18942901882186322,600.0,7347,8146,0.0003822925905625,0.00038229257916100323,0.00038229257739203604,0.01447625,0.01495244,0.0001678571,0.014536233177946509,2
8308,0.00038229258196231374,1.1025703438650503,0.16676690915900097,600.0,7347,8146,0.0003822925905625,0.00038229257916100323,0.00038229257739203604,-0.0147431,-0.01426611,0.0001668651,-0.01574650521900271,2
8309,0.00038229258196231374,1.1023713943466105,0.1733990422329114,600.0,7347,8146,0.0003822925905625,0.00038229257916100323,0.00038229257739203604,0.005273958,0.005752259,0.0001669841,0.006324031379322126,2
8310,0.00038229258196231374,1.0767828272924131,0.17892627457952368,600.0,7347,8146,0.0003822925905625,0.00038229257916100323,0.00038229257739203604,-0.004420886,-0.003943485,0.0001663889,-0.004259052737857297,2
8311,0.00038229258196231374,1.0417455477927489,0.18555944391914414,600.0,7347,8146,0.0003822925905625,0.00038229257916100323,0.00038229257739203604,-0.01290384,-0.0124279,0.0001664683,-0.01295365880378713,2
8312,0.00038229258196231374,1.0542696984258724,0.18058451875002007,600.0,7347,8146,0.0003822925905625,0.00038229257916100323,0.00038229257739203604,0.01751686,0.01800032,0.0001721429,0.018967849794700044,2
8313,0.00038229258196231374,1.005185725385061,0.19329874798966526,600.0,7347,8146,0.0003822925905625,0.00038229257916100323,0.00038229257739203604,-0.003115125,-0.00263405,0.0001704365,-0.0026485932968351106,2
8314,0.00038229258196231374,0.8548073433037306,0.2375327833678015,600.0,7347,8146,0.0003822925905625,0.00038229257916100323,0.00038229257739203604,-0.004689682,-0.004209921,0.0001690476,-0.003574126915376457,2
8315,0.00038229258196231374,0.7646234359923828,0.2602071677685639,600.0,7347,8146,0.0003822925905625,0.00038229257916100323,0.00038229257739203604,0.007239929,0.007720183,0.0001688492,0.0059427759964814164,2
8316,0.00038229258196231374,0.6872448716143239,0.2889678196087461,600.0,7347,8146,0.0003822925905625,0.00038229257916100323,0.00038229257739203604,-0.0118987,-0.01141338,0.0001746032,-0.007789178826552943,2
8317,0.00038229258196231374,0.7767328520455152,0.23697978032166853,600.0,7347,8146,0.0003822925905625,0.00038229257916100323,0.00038229257739203604,0.02244244,0.02293215,0.0001784921,0.017852005695134968,2
8318,0.00038229258196231374,0.9760520655623414,0.18334833122148828,600.0,7347,8146,0.0003822925905625,0.00038229257916100323,0.00038229257739203604,-0.001056024,-0.0005668934,0.0001782937,-0.000549047708185411,2
8319,0.00038229258196231374,1.0552279793474153,0.17671533485593804,600.0,7347,8146,0.0003822925905625,0.00038229257916100323,0.00038229257739203604,0.006523118,0.00701284,0.0001778968,0.007390320101890357,2
8320,0.00038229258196231374,1.123414565301135,0.16676690915900097,600.0,7347,8146,0.0003822925905625,0.00038229257916100323,0.00038229257739203604,0.01215851,0.01264786,0.0001811508,0.01418643349665366,2
8321,0.00038229258196231374,1.1049554610482566,0.1739517476651824,600.0,7347,8146,0.0003822925905625,0.00038229257916100323,0.00038229257739203604,0.003148571,0.003640777,0.000180754,0.004003925309202572,2
8322,0.00038229258196231374,1.0951368642732846,0.17505717059949918,600.0,7347,8146,0.0003822925905625,0.00038229257916100323,0.00038229257739203604,0.003390493,0.003879484,0.0001775794,0.004231671595482848,2
8323,0.00038229258196231374,1.1391268348848613,0.16566161617499311,600.0,7347,8146,0.0003822925905625,0.00038229257916100323,0.00038229257739203604,-0.00232077,-0.00183187,0.0001780952,-0.0021115100965047174,2
8324,0.00038229258196231374,1.1276293234303714,0.17008289736792345,600.0,7347,8146,0.0003822925905625,0.00038229257916100323,0.00038229257739203604,-0.0162771,-0.01578802,0.0001782937,-0.01782578981520807,2
8325,0.00038229258196231374,1.2616217514398624,0.14632241493217824,600.0,7347,8146,0.0003822925905625,0.00038229257916100323,0.00038229257739203604,-0.007771363,-0.007279879,0.0001797619,-0.00923148331737043,2
8326,0.00038229258196231374,1.1528098011992038,0.17118826209767915,600.0,7347,8146,0.0003822925905625,0.00038229257916100323,0.00038229257739203604,0.01813761,0.01862907,0.0001795635,0.02144833542048842,2
8327,0.00038229258196231374,1.1865072260815643,0.159582851548907,600.0,7347,8146,0.0003822925905625,0.00038229257916100323,0.00038229257739203604,0.0115075,0.01199859,0.0001800794,0.014202827628421564,2
8328,0.00019428613421503045,0.3893259429312167,0.18713141503775416,600.0,7527,8326,0.0001942861524750001,0.00019428612722549587,0.0001942861255531625,-0.00156519,-0.00107331,0.0001799603,-0.00030797034129518885,3
8329,0.00019428613421503045,0.689667990118843,0.12299555224432071,600.0,7527,8326,0.0001942861524750001,0.00019428612722549587,0.0001942861255531625,-0.000117314,0.0003748126,0.0001814683,0.00031481167478193467,3
8330,0.00019428613421503045,0.6405993017312831,0.15561098541839158,600.0,7527,8326,0.0001942861524750001,0.00019428612722549587,0.0001942861255531625,0.01049787,0.01099038,0.0001803571,0.007105250221439179,3
8331,0.00019428613421503045,0.7803507237230634,0.11746927557175614,600.0,7527,8326,0.0001942861524750001,0.00019428612722549587,0.0001942861255531625,0.001805223,0.002297715,0.0001802778,0.001832621451458137,3
8332,0.00019428613421503045,0.9374886019765546,0.0981336878849661,600.0,7527,8326,0.0001942861524750001,0.00019428612722549587,0.0001942861255531625,-0.01303936,-0.01254684,0.0001804762,-0.011751237671251556,3
8333,0.00019428613421503045,0.9225439828138009,0.10586653917670288,600.0,7527,8326,0.0001942861524750001,0.00019428612722549587,0.0001942861255531625,0.01421123,0.01470331,0.0001799603,0.013578389176035622,3
8334,0.00019428613421503045,1.067168472105874,0.08709107425792292,600.0,7527,8326,0.0001942861524750001,0.00019428612722549587,0.0001942861255531625,0.01013622,0.01062783,0.0001813492,0.011329504154219348,3
8335,0.00019428613421503045,0.726798846685552,0.15837561164170094,600.0,7527,8326,0.0001942861524750001,0.00019428612722549587,0.0001942861255531625,0.01406548,0.01455696,0.0001793651,0.010628984491432073,3
8336,0.00019428613421503045,0.6385191750913646,0.15948148254021785,600.0,7527,8326,0.0001942861524750001,0.00019428612722549587,0.0001942861255531625,-0.01111954,-0.01062911,0.0001789683,-0.006722196940438878,3
8337,0.00019428613421503045,0.6836683098049603,0.1390249888259211,600.0,7527,8326,0.0001942861524750001,0.00019428612722549587,0.0001942861255531625,-0.006602706,-0.006111313,0.0001794841,-0.0041213345206829455,3
8338,0.00019428613421503045,0.6749137344530793,0.14455328701237807,600.0,7527,8326,0.0001942861524750001,0.00019428612722549587,0.0001942861255531625,0.01258764,0.01307859,0.000179881,0.008885396860813544,3
8339,0.00019428613421503045,0.9746139520102679,0.09040323388446247,600.0,7527,8326,0.0001942861524750001,0.00019428612722549587,0.0001942861255531625,-0.01142647,-0.01093475,0.0001813492,-0.010652556172250176,3
8340,0.00019428613421503045,0.894465372747779,0.11194370916550252,600.0,7527,8326,0.0001942861524750001,0.00019428612722549587,0.0001942861255531625,-0.009162726,-0.008669183,0.0001819444,-0.007735082569079081,3
8341,0.00019428613421503045,0.8295624084376378,0.12023233124561628,600.0,7527,8326,0.0001942861524750001,0.00019428612722549587,0.0001942861255531625,0.001838676,0.002333636,0.0001830556,0.0019670962561627787,3
8342,0.00019428613421503045,0.8050951714866349,0.1218902447421461,600.0,7527,8326,0.0001942861524750001,0.00019428612722549587,0.0001942861255531625,0.01124374,0.01173905,0.0001839286,0.009486901045081883,3
8343,0.00019428613421503045,0.8685538556908147,0.10918122601212377,600.0,7527,8326,0.0001942861524750001,0.00019428612722549587,0.0001942861255531625,-0.0009560272,-0.000460238,0.0001843254,-0.0003755126263071809,3
8344,0.00019428613421503045,0.9722876811462097,0.09647694056262655,600.0,7527,8326,0.0001942861524750001,0.00019428612722549587,0.0001942861255531625,0.002752887,0.003247383,0.0001849206,0.003162515065493456,3
8345,0.00019428613421503045,0.9496784859091556,0.10310456525788612,600.0,7527,8326,0.0001942861524750001,0.00019428612722549587,0.0001942861255531625,-0.01426469,-0.01376878,0.000184246,-0.013066642605531082,3
8346,0.00019428613421503045,1.1683263490839946,0.07826193003395325,600.0,7527,8326,0.0001942861524750001,0.00019428612722549587,0.0001942861255531625,-0.002995511,-0.002498285,0.000185119,-0.0029499725984373872,3
8347,0.00019428613421503045,0.8817625618296467,0.12354821534031941,600.0,7527,8326,0.0001942861524750001,0.00019428612722549587,0.0001942861255531625,-0.02055823,-0.02006089,0.0001857143,-0.017666983375919144,3
8348,0.00019428613421503045,0.8263868009791866,0.12023233124561628,600.0,7527,8326,0.0001942861524750001,0.00019428612722549587,0.0001942861255531625,-0.001875647,-0.001378135,0.0001860317,-0.0011065750154111709,3
8349,0.00019428613421503045,0.9794404465722816,0.09426812430497757,600.0,7527,8326,0.0001942861524750001,0.00019428612722549587,0.0001942861255531625,0.004820825,0.005319416,0.0001863095,0.005213881622663082,3
8350,0.00019428613421503045,0.8956719601895733,0.11194370916550252,600.0,7527,8326,0.0001942861524750001,0.00019428612722549587,0.0001942861255531625,-0.01118053,-0.01068237,0.0001861111,-0.00954848267112033,3
8351,0.00019428613421503045,0.8441169752926975,0.11746927557175614,600.0,7527,8326,0.0001942861524750001,0.00019428612722549587,0.0001942861255531625,0.002908672,0.003405823,0.000186627,0.0029040049903943507,3
8352,0.00019428613421503045,0.8283247129131928,0.11802187295660228,600.0,7527,8326,0.0001942861524750001,0.00019428612722549587,0.0001942861255531625,-0.004192177,-0.003695975,0.000185119,-0.0030296870733391153,3
8353,0.00019428613421503045,0.9252307680317696,0.10144750538045363,600.0,7527,8326,0.0001942861524750001,0.00019428612722549587,0.0001942861255531625,-0.004332523,-0.003835865,0.0001869048,-0.003535085591669008,3
8354,0.00019428613421503045,0.7391873740295762,0.1434475955125055,600.0,7527,8326,0.0001942861524750001,0.00019428612722549587,0.0001942861255531625,0.007277446,0.007777271,0.0001875,0.00579776289497583,3
8355,0.00019428613421503045,0.6038390139386668,0.17385875669783393,600.0,7527,8326,0.0001942861524750001,0.00019428612722549587,0.0001942861255531625,0.01553821,0.01603781,0.0001874206,0.009758504105839897,3
8356,0.00019428613421503045,0.6077801391033889,0.15948148254021785,600.0,7527,8326,0.0001942861524750001,0.00019428612722549587,0.0001942861255531625,0.000193224,0.0006927434,0.0001872222,0.0004944679452557121,3
8357,0.00019428613421503045,0.6559422609389668,0.14455328701237807,600.0,7527,8326,0.0001942861524750001,0.00019428612722549587,0.0001942861255531625,-0.01582809,-0.0153287,0.000187619,-0.009990190366310249,3
8358,0.00019428613421503045,0.9022327079084698,0.09868596152715421,600.0,7527,8326,0.0001942861524750001,0.00019428612722549587,0.0001942861255531625,0.00112994,0.001632059,0.0001922619,0.0014912939363717617,3
8359,0.00019428613421503045,0.8576507786364319,0.11525895808994067,600.0,7527,8326,0.0001942861524750001,0.00019428612722549587,0.0001942861255531625,-0.01895469,-0.01844981,0.0001937698,-0.01579591093204045,3
8360,0.00019428613421503045,0.7988670255371844,0.12465355964255152,600.0,7527,8326,0.0001942861524750001,0.00019428612722549587,0.0001942861255531625,-0.01493328,-0.01442946,0.000192381,-0.011488525627547649,3
8361,0.00019428613421503045,0.7454537385733233,0.13349711883378487,600.0,7527,8326,0.0001942861524750001,0.00019428612722549587,0.0001942861255531625,-0.001925853,-0.001425203,0.0001905952,-0.0010139076089700466,3
8362,0.00019428613421503045,0.6682429006389486,0.1511877439829978,600.0,7527,8326,0.0001942861524750001,0.00019428612722549587,0.0001942861255531625,0.01603349,0.01653,0.0001848413,0.011107377561091947,3
8363,0.00019428613421503045,0.7991550817426062,0.11525895808994067,600.0,7527,8326,0.0001942861524750001,0.00019428612722549587,0.0001942861255531625,-0.00675045,-0.006254308,0.0001857143,-0.004960862247580707,3
8364,0.00019428613421503045,0.8057355505135272,0.12023233124561628,600.0,7527,8326,0.0001942861524750001,0.00019428612722549587,0.0001942861255531625,0.01705486,0.01754521,0.000180873,0.014171936631997407,3
8365,0.00019428613421503045,0.686863347069605,0.15008196607530197,600.0,7527,8326,0.0001942861524750001,0.00019428612722549587,0.0001942861255531625,-0.01218245,-0.01169273,0.0001797619,-0.007975017624490774,3
8366,0.00019428613421503045,0.7776634590332868,0.12023233124561628,600.0,7527,8326,0.0001942861524750001,0.00019428612722549587,0.0001942861255531625,0.009136159,0.009615631,0.0001703571,0.0075156014725908235,3
8367,0.00019428613421503045,0.9627593008565283,0.09482030840847434,600.0,7527,8326,0.0001942861524750001,0.00019428612722549587,0.0001942861255531625,0.01264334,0.01313049,0.0001771825,0.012648099772479623,3
8368,0.00019428613421503045,0.9915404060813386,0.0970291771092616,600.0,7527,8326,0.0001942861524750001,0.00019428612722549587,0.0001942861255531625,-0.01753703,-0.01704645,0.0001827381,-0.01690069806512577,3
8369,0.00019428613421503045,0.9360565284514661,0.10586653917670288,600.0,7527,8326,0.0001942861524750001,0.00019428612722549587,0.0001942861255531625,0.002211014,0.002703323,0.0001810714,0.0025420414765771563,3
8370,0.00019428613421503045,0.6517261592929718,0.1744117607983287,600.0,7527,8326,0.0001942861524750001,0.00019428612722549587,0.0001942861255531625,0.00607223,0.006562047,0.0001786905,0.004338890915142827,3
8371,0.00019428613421503045,0.5616803171240502,0.18270707196258,600.0,7527,8326,0.0001942861524750001,0.00019428612722549587,0.0001942861255531625,0.0013794,0.001869868,0.0001786905,0.0011285916145130585,3
8372,0.00019428613421503045,0.4980332443274282,0.20372364198468976,600.0,7527,8326,0.0001942861524750001,0.00019428612722549587,0.0001942861255531625,-0.002736681,-0.002244697,0.0001818651,-0.0010266434952249772,3
8373,0.00019428613421503045,0.4921018541026457,0.19819274765709902,600.0,7527,8326,0.0001942861524750001,0.00019428612722549587,0.0001942861255531625,0.01404307,0.01453488,0.0001836508,0.007245917297972028,3
8374,0.00019428613421503045,0.5266625207312093,0.18049494501764218,600.0,7527,8326,0.0001942861524750001,0.00019428612722549587,0.0001942861255531625,0.005360358,0.005855239,0.0001837302,0.003170701320957236,3
8375,0.00019428613421503045,0.6889418865816135,0.13073336138472802,600.0,7527,8326,0.0001942861524750001,0.00019428612722549587,0.0001942861255531625,0.01359771,0.01409462,0.000185119,0.009767956860348839,3
8376,0.00019428613421503045,0.7699410956765427,0.1218902447421461,600.0,7527,8326,0.0001942861524750001,0.00019428612722549587,0.0001942861255531625,0.003316893,0.003810547,0.0001819444,0.0029757546616187513,3
8377,0.00019428613421503045,0.7692681935817526,0.12631162042807403,600.0,7527,8326,0.0001942861524750001,0.00019428612722549587,0.0001942861255531625,-0.006042778,-0.00554812,0.0001813492,-0.004226149221666289,3
8378,0.00019428613421503045,0.6868558798289197,0.14731758161431993,600.0,7527,8326,0.0001942861524750001,0.00019428612722549587,0.0001942861255531625,-0.003114082,-0.002618249,0.000187619,-0.0017396079338238112,3
8379,0.00019428613421503045,0.6301230972833225,0.158928545618281,600.0,7527,8326,0.0001942861524750001,0.00019428612722549587,0.0001942861255531625,0.003402292,0.003900883,0.0001867063,0.0025270948260615496,3
8380,0.00019428613421503045,0.6615278329117639,0.14455328701237807,600.0,7527,8326,0.0001942861524750001,0.00019428612722549587,0.0001942861255531625,0.0005287517,0.001026418,0.0001869048,0.0007422661478968203,3
8381,0.00019428613421503045,0.588461882016775,0.17219975742927604,600.0,7527,8326,0.0001942861524750001,0.00019428612722549587,0.0001942861255531625,-0.0002357806,0.0002685483,0.0001919841,0.00023703921322710874,3
8382,0.00019428613421503045,0.5871531449521038,0.16556396902241763,600.0,7527,8326,0.0001942861524750001,0.00019428612722549587,0.0001942861255531625,-0.004578382,-0.004075954,0.0001936508,-0.002313261086022598,3
8383,0.00019428613421503045,0.5443342019273648,0.1832601083881866,600.0,7527,8326,0.0001942861524750001,0.00019428612722549587,0.0001942861255531625,0.01277905,0.01328269,0.0001928571,0.007318100844984064,3
8384,0.00019428613421503045,0.47096629416111335,0.21755144996718495,600.0,7527,8326,0.0001942861524750001,0.00019428612722549587,0.0001942861255531625,-0.002946867,-0.002442741,0.0001926587,-0.0010485257303423099,3
8385,0.00019428613421503045,0.3869179960018136,0.27065579489549035,600.0,7527,8326,0.0001942861524750001,0.00019428612722549587,0.0001942861255531625,0.003082941,0.003588227,0.0001945635,0.0015076329805245006,3
8386,0.00019428613421503045,0.34841538908750935,0.28946507327876564,600.0,7527,8326,0.0001942861524750001,0.00019428612722549587,0.0001942861255531625,0.0001468047,0.0006522685,0.0001953571,0.0003545520632095186,3
8387,0.00019428613421503045,0.3156401443899866,0.31878647945411615,600.0,7527,8326,0.0001942861524750001,0.00019428612722549587,0.0001942861255531625,-0.000677615,-0.0001689964,0.0001996032,8.32583690339087e-05,3
8388,0.00019428613421503045,0.3707548500810633,0.2496344638003139,600.0,7527,8326,0.0001942861524750001,0.00019428612722549587,0.0001942861255531625,-0.005966504,-0.005457092,0.0001982143,-0.0018985179394189929,3
8389,0.00019428613421503045,0.3838878210387168,0.2501876441008805,600.0,7527,8326,0.0001942861524750001,0.00019428612722549587,0.0001942861255531625,0.000268779,0.0007769253,0.0001962302,0.00041915197662685977,3
8390,0.00019428613421503045,0.37076568522909403,0.2651237758820794,600.0,7527,8326,0.0001942861524750001,0.00019428612722549587,0.0001942861255531625,0.0005366635,0.001043183,0.0001964286,0.0005103760753367504,3
8391,0.00019428613421503045,0.4542322683826439,0.20151126726066823,600.0,7527,8326,0.0001942861524750001,0.00019428612722549587,0.0001942861255531625,-0.01637832,-0.01587379,0.000193373,-0.007104850895963685,3
8392,0.00019428613421503045,0.4307014244297377,0.22972050439760178,600.0,7527,8326,0.0001942861524750001,0.00019428612722549587,0.0001942861255531625,-0.00474238,-0.004235619,0.0001965476,-0.0017123928679299075,3
8393,0.00019428613421503045,0.9604247760726616,0.08543522508235629,600.0,7527,8326,0.0001942861524750001,0.00019428612722549587,0.0001942861255531625,0.01939787,0.019908,0.0001978175,0.019127965113913792,3
8394,0.00019428613421503045,1.1911220910650582,0.07660709250258908,600.0,7527,8326,0.0001942861524750001,0.00019428612722549587,0.0001942861255531625,0.008023645,0.008535196,0.0001984127,0.010128539457052256,3
8395,0.00019428613421503045,1.2031559499303512,0.0804687133815446,600.0,7527,8326,0.0001942861524750001,0.00019428612722549587,0.0001942861255531625,-0.00151682,-0.001009785,0.0001953571,-0.0012546167881265584,3
8396,0.00019428613421503045,1.3022698980345468,0.07274672677389789,600.0,7527,8326,0.0001942861524750001,0.00019428612722549587,0.0001942861255531625,-0.01174549,-0.0112392,0.0001930556,-0.014694826734516877,3
8397,0.00019428613421503045,1.2765808077171148,0.07660709250258908,600.0,7527,8326,0.0001942861524750001,0.00019428612722549587,0.0001942861255531625,-0.007374049,-0.006863986,0.0002,-0.00881774895358239,3
8398,0.00019428613421503045,1.449026325265748,0.06447978973577874,600.0,7527,8326,0.0001942861524750001,0.00019428612722549587,0.0001942861255531625,-0.007596009,-0.007082986,0.0002021825,-0.010354218440496783,3
8399,0.00019428613421503045,1.3713841732755627,0.0721953602248208,600.0,7527,8326,0.0001942861524750001,0.00019428612722549587,0.0001942861255531625,0.01799886,0.01851258,0.0002005952,0.025313361335982672,3
8400,0.00019428613421503045,1.287060237854702,0.07715868012447856,600.0,7527,8326,0.0001942861524750001,0.00019428612722549587,0.0001942861255531625,-0.0002472543,0.0002665826,0.0002015873,0.0002852401662774377,3
8401,0.00019428613421503045,1.3709513180109545,0.06943899972649824,600.0,7527,8326,0.0001942861524750001,0.00019428612722549587,0.0001942861255531625,-0.004899132,-0.004385327,0.0002017063,-0.006086893048395137,3
8402,0.00019428613421503045,1.4443810910149653,0.0661325105626528,600.0,7527,8326,0.0001942861524750001,0.00019428612722549587,0.0001942861255531625,0.004159273,0.004672328,0.0002032937,0.006658282338017301,3
8403,0.00019428613421503045,1.8610394398955588,0.03921556841127494,600.0,7527,8326,0.0001942861524750001,0.00019428612722549587,0.0001942861255531625,-0.002257617,-0.001743975,0.0002009921,-0.003418668382399289,3
8404,0.00019428613421503045,1.773880123508658,0.055672634433745975,600.0,7527,8326,0.0001942861524750001,0.00019428612722549587,0.0001942861255531625,-0.001822024,-0.001310266,0.0001990079,-0.0024782630721403944,3
8405,0.00019428613421503045,1.6674172682770323,0.0595240713579648,600.0,7527,8326,0.0001942861524750001,0.00019428612722549587,0.0001942861255531625,0.002938159,0.003450035,0.0001995238,0.005619482305607899,3
8406,0.00019428613421503045,1.4337460892752167,0.07164402412260679,600.0,7527,8326,0.0001942861524750001,0.00019428612722549587,0.0001942861255531625,-0.007193361,-0.006682647,0.0001984127,-0.009667279734944296,3
8407,0.00019428613421503045,1.450976646639658,0.06668349833181386,600.0,7527,8326,0.0001942861524750001,0.00019428612722549587,0.0001942861255531625,0.01162754,0.01213894,0.0002007143,0.01752280099301339,3
8408,0.00019428613421503045,1.6336935871448108,0.05732288739778049,600.0,7527,8326,0.0001942861524750001,0.00019428612722549587,0.0001942861255531625,0.009118744,0.009633215,0.0002019048,0.015609775792113445,3
8409,0.00019428613421503045,1.6554313346583664,0.05842336408209042,600.0,7527,8326,0.0001942861524750001,0.00019428612722549587,0.0001942861255531625,-0.001969798,-0.001455048,0.000203373,-0.0025420290894554625,3
8410,0.00019428613421503045,0.7272192618189774,0.23248626530981467,600.0,7527,8326,0.0001942861524750001,0.00019428612722549587,0.0001942861255531625,-0.0001083597,0.0004060961,0.0002017857,0.00035036415826994,3
8411,0.00019428613421503045,0.5805530265572827,0.18270707196258,600.0,7527,8326,0.0001942861524750001,0.00019428612722549587,0.0001942861255531625,-0.01173754,-0.01122281,0.0002021825,-0.006430631474269255,3
8412,0.00019428613421503045,0.765339605276627,0.11746927557175614,600.0,7527,8326,0.0001942861524750001,0.00019428612722549587,0.0001942861255531625,-0.007759611,-0.007244802,0.0002044841,-0.005496749583366664,3
8413,0.00019428613421503045,1.2161192562860765,0.07109271934428103,600.0,7527,8326,0.0001942861524750001,0.00019428612722549587,0.0001942861255531625,0.008141099,0.008659904,0.000205754,0.010487008610530934,3
8414,0.00019428613421503045,1.3701407292812409,0.06833669018908643,600.0,7527,8326,0.0001942861524750001,0.00019428612722549587,0.0001942861255531625,0.01243366,0.01295068,0.000204881,0.01766841933713211,3
8415,0.00019428613421503045,1.8269941543627148,0.049078224223896495,600.0,7527,8326,0.0001942861524750001,0.00019428612722549587,0.0001942861255531625,-0.0001340059,0.0003809341,0.0002029762,0.0005281042430226647,3
8416,0.00019428613421503045,1.956689836134521,0.04468947816396795,600.0,7527,8326,0.0001942861524750001,0.00019428612722549587,0.0001942861255531625,-0.006061079,-0.005545242,0.0002040873,-0.011045566905900401,3
8417,0.00019428613421503045,1.9891127838598592,0.03484998698776638,600.0,7527,8326,0.0001942861524750001,0.00019428612722549587,0.0001942861255531625,0.008979767,0.009501017,0.000208254,0.018692607680679898,3
8418,0.00019428613421503045,1.8058974989496535,0.055672634433745975,600.0,7527,8326,0.0001942861524750001,0.00019428612722549587,0.0001942861255531625,0.01394168,0.01446114,0.0002064683,0.025948944271378404,3
8419,0.00019428613421503045,1.6642067650487002,0.06007450739392407,600.0,7527,8326,0.0001942861524750001,0.00019428612722549587,0.0001942861255531625,-0.002436023,-0.001916246,0.0002069444,-0.0033264834271664557,3
8420,0.00019428613421503045,1.915994209711437,0.03703096168747419,600.0,7527,8326,0.0001942861524750001,0.00019428612722549587,0.0001942861255531625,0.001660417,0.002177476,0.0002040873,0.00398508862270998,3
8421,0.00019428613421503045,1.9789391824712865,0.03104432298589268,600.0,7527,8326,0.0001942861524750001,0.00019428612722549587,0.0001942861255531625,-0.00397282,-0.003457702,0.0002046825,-0.007042953688325511,3
8422,0.00019428613421503045,1.9946749535739532,0.04085605661184443,600.0,7527,8326,0.0001942861524750001,0.00019428612722549587,0.0001942861255531625,0.00553189,0.006048529,0.0002044841,0.011861454089591598,3
8423,0.00019428613421503045,1.600307321978448,0.0661325105626528,600.0,7527,8326,0.0001942861524750001,0.00019428612722549587,0.0001942861255531625,0.001279475,0.001794328,0.000202381,0.0027499854403016245,3
8424,0.00019428613421503045,1.6240253696904912,0.0595240713579648,600.0,7527,8326,0.0001942861524750001,0.00019428612722549587,0.0001942861255531625,0.008556699,0.009071877,0.0002021825,0.014606791389404218,3
8425,0.00019428613421503045,1.8422504071202443,0.0507257078052344,600.0,7527,8326,0.0001942861524750001,0.00019428612722549587,0.0001942861255531625,0.006078476,0.0065929,0.0002021825,0.01197548441616547,3
8426,0.00019428613421503045,1.7315090927117538,0.05732288739778049,600.0,7527,8326,0.0001942861524750001,0.00019428612722549587,0.0001942861255531625,0.0006772393,0.001190858,0.000202381,0.001913937913436436,3
8427,0.00019428613421503045,1.5627549845522706,0.06447978973577874,600.0,7527,8326,0.0001942861524750001,0.00019428612722549587,0.0001942861255531625,0.01188322,0.01239764,0.0002015873,0.019261029448787177,3
8428,0.00019428613421503045,1.8906320254756837,0.04468947816396795,600.0,7527,8326,0.0001942861524750001,0.00019428612722549587,0.0001942861255531625,-0.003919954,-0.003406189,0.0002005952,-0.006618506517499693,3
8429,0.00019428613421503045,1.8784489814206426,0.05182447536437616,600.0,7527,8326,0.0001942861524750001,0.00019428612722549587,0.0001942861255531625,-0.005702558,-0.005188185,0.0002009921,-0.009922302134190451,3
8430,0.00019428613421503045,1.7049815112608846,0.058973689713097514,600.0,7527,8326,0.0001942861524750001,0.00019428612722549587,0.0001942861255531625,-0.005638089,-0.005123748,0.0002013889,-0.008877871059433103,3
8431,0.00019428613421503045,1.9261875904538868,0.04140323231039864,600.0,7527,8326,0.0001942861524750001,0.00019428612722549587,0.0001942861255531625,0.003092896,0.003609693,0.0002037698,0.006764216801878992,3
8432,0.00019428613421503045,1.9814874512065435,0.03812285003719064,600.0,7527,8326,0.0001942861524750001,0.00019428612722549587,0.0001942861255531625,-0.00807725,-0.007559964,0.0002037698,-0.015179971299208093,3
8433,0.00019428613421503045,1.5281557075453904,0.07054144645559436,600.0,7527,8326,0.0001942861524750001,0.00019428612722549587,0.0001942861255531625,-0.004603075,-0.004085778,0.0002038889,-0.006351390056703541,3
8434,0.00019428613421503045,1.5416338005375583,0.0628274548215513,600.0,7527,8326,0.0001942861524750001,0.00019428612722549587,0.0001942861255531625,0.01044529,0.01096329,0.0002045635,0.01679057992313914,3
8435,0.00019428613421503045,1.5981428224234142,0.06007450739392407,600.0,7527,8326,0.0001942861524750001,0.00019428612722549587,0.0001942861255531625,-1.243825e-05,0.0005043906,0.0002055556,0.0006831366103389009,3
8436,0.00019428613421503045,1.8994787195346854,0.047980382732098134,600.0,7527,8326,0.0001942861524750001,0.00019428612722549587,0.0001942861255531625,0.003422873,0.003941428,0.0002051587,0.007302122725800756,3
8437,0.00019428613421503045,1.9748104337932748,0.04359349321297576,600.0,7527,8326,0.0001942861524750001,0.00019428612722549587,0.0001942861255531625,0.01128196,0.01180069,0.0002053571,0.023103941494226433,3
8438,0.00019428613421503045,1.3302271928523604,0.08709107425792292,600.0,7527,8326,0.0001942861524750001,0.00019428612722549587,0.0001942861255531625,0.0006334235,0.001150514,0.0002044841,0.0014629187982313993,3
8439,0.00019428613421503045,1.8325018215091438,0.04633441011685272,600.0,7527,8326,0.0001942861524750001,0.00019428612722549587,0.0001942861255531625,-0.002004011,-0.00148719,0.0002041667,-0.0028952475335716943,3
8440,0.00019428613421503045,1.2005184852898414,0.0981336878849661,600.0,7527,8326,0.0001942861524750001,0.00019428612722549587,0.0001942861255531625,-0.00834998,-0.007830659,0.0002060714,-0.009442172006490822,3
8441,0.00019428613421503045,1.2940766886625408,0.07329812324760351,600.0,7527,8326,0.0001942861524750001,0.00019428612722549587,0.0001942861255531625,-0.003044487,-0.002524678,0.0002068651,-0.0033279611497870113,3
8442,0.00019428613421503045,1.1818067357559034,0.08488331167879318,600.0,7527,8326,0.0001942861524750001,0.00019428612722549587,0.0001942861255531625,0.00201187,0.002531068,0.0002068651,0.0029536237424834045,3
8443,0.00019428613421503045,1.3282415262880962,0.07054144645559436,600.0,7527,8326,0.0001942861524750001,0.00019428612722549587,0.0001942861255531625,0.005849288,0.006368557,0.0002073413,0.008390923845158181,3
8444,0.00019428613421503045,0.9063262701422309,0.12686431888648675,600.0,7527,8326,0.0001942861524750001,0.00019428612722549587,0.0001942861255531625,0.00752537,0.008045925,0.0002080556,0.007311722539163926,3
8445,0.00019428613421503045,1.2926948061926755,0.06833669018908643,600.0,7527,8326,0.0001942861524750001,0.00019428612722549587,0.0001942861255531625,0.007416027,0.007936864,0.0002075397,0.010199197077988838,3
8446,0.00019428613421503045,1.5034602122164005,0.06172612794036059,600.0,7527,8326,0.0001942861524750001,0.00019428612722549587,0.0001942861255531625,-0.001143946,-0.0006228314,0.0002072619,-0.0010407503489774123,3
8447,0.00019428613421503045,1.459450558215103,0.0672345247618969,600.0,7527,8326,0.0001942861524750001,0.00019428612722549587,0.0001942861255531625,0.002952342,0.003472222,0.0002069444,0.004972455616047272,3
8448,0.00019428613421503045,1.864806693674589,0.04140323231039864,600.0,7527,8326,0.0001942861524750001,0.00019428612722549587,0.0001942861255531625,0.00690917,0.007430574,0.0002076587,0.013676999499284602,3
8449,0.00019428613421503045,1.9661426873684449,0.03430539201444448,600.0,7527,8326,0.0001942861524750001,0.00019428612722549587,0.0001942861255531625,0.001702664,0.002223739,0.000208254,0.004170985094250791,3
8450,0.00019428613421503045,1.9914759257719559,0.024569649617512287,600.0,7527,8326,0.0001942861524750001,0.00019428612722549587,0.0001942861255531625,-0.007156216,-0.006634446,0.0002081349,-0.013418700232497001,3
8451,0.00019428613421503045,1.9978090453735458,0.03213000302086625,600.0,7527,8326,0.0001942861524750001,0.00019428612722549587,0.0001942861255531625,-0.0005218408,0.0,0.0002080556,-0.0002075997596206203,3
8452,0.00019428613421503045,1.9993922777755462,0.030502049311383436,600.0,7527,8326,0.0001942861524750001,0.00019428612722549587,0.0001942861255531625,0.003945502,0.004467247,0.000208254,0.008723651715300106,3
8453,0.00019428613421503045,1.9997880740018033,0.027257755596149017,600.0,7527,8326,0.0001942861524750001,0.00019428612722549587,0.0001942861255531625,0.002207948,0.002730075,0.0002083333,0.005251282277373034,3
8454,0.00019428613421503045,1.999887020089896,0.02243293483175681,600.0,7527,8326,0.0001942861524750001,0.00019428612722549587,0.0001942861255531625,-0.0003682068,0.0001536974,0.0002089286,9.847244001601093e-05,3
8455,0.00019428613421503045,1.9999117558698234,0.013381155522608558,600.0,7527,8326,0.0001942861524750001,0.00019428612722549587,0.0001942861255531625,-0.00715149,-0.006629931,0.0002090476,-0.013468306100282148,3
8456,0.00019428613421503045,1.999917939629287,0.01614720275580027,600.0,7527,8326,0.0001942861524750001,0.00019428612722549587,0.0001942861255531625,0.009267915,0.009790272,0.0002090476,0.01937071016117385,3
8457,0.00019428613421503045,1.9999194855227747,0.01076583177874186,600.0,7527,8326,0.0001942861524750001,0.00019428612722549587,0.0001942861255531625,0.001381998,0.001904053,0.0002085317,0.003599437785988906,3
8458,0.00019428613421503045,1.9999198719845521,0.010315578889455407,600.0,7527,8326,0.0001942861524750001,0.00019428612722549587,0.0001942861255531625,-0.003383288,-0.002861574,0.000208254,-0.005931156020774594,3
8459,0.00019428613421503045,1.9999199685970983,0.024034170002426348,600.0,7527,8326,0.0001942861524750001,0.00019428612722549587,0.0001942861255531625,-0.0144317,-0.0139108,0.0002087302,-0.02802920019418978,3
8460,0.00019428613421503045,1.99991999274951,0.030502049311383436,600.0,7527,8326,0.0001942861524750001,0.00019428612722549587,0.0001942861255531625,-0.003386608,-0.002865839,0.0002087302,-0.005940162212171867,3
8461,0.00019428613421503045,1.9999199987874319,0.03484998698776638,600.0,7527,8326,0.0001942861524750001,0.00019428612722549587,0.0001942861255531625,-0.005044436,-0.00452277,0.0002086508,-0.009253812280598829,3
8462,0.00019428613421503045,1.9999200002968671,0.014624797902342664,600.0,7527,8326,0.0001942861524750001,0.00019428612722549587,0.0001942861255531625,0.008206971,0.008728542,0.0002084524,0.017247949995361334,3
8463,0.00019428613421503045,1.9999200006742146,0.020312646365574404,600.0,7527,8326,0.0001942861524750001,0.00019428612722549587,0.0001942861255531625,-0.004870543,-0.004348694,0.0002087302,-0.008905753609136683,3
8464,0.00019428613421503045,1.9999200007685487,0.031586980654516,600.0,7527,8326,0.0001942861524750001,0.00019428612722549587,0.0001942861255531625,-0.00720828,-0.006685237,0.0002093254,-0.013579247840306806,3
8465,0.00019428613421503045,1.9999200007921316,0.020312646365574404,600.0,7527,8326,0.0001942861524750001,0.00019428612722549587,0.0001942861255531625,-0.0001640659,0.0003589455,0.0002095238,0.0005083552463823616,3
8466,0.00019428613421503045,1.9999200007980271,0.020312646365574404,600.0,7527,8326,0.0001942861524750001,0.00019428612722549587,0.0001942861255531625,-0.001105851,-0.0005830774,0.0002090476,-0.0013751390306321373,3
8467,0.00019428613421503045,1.9999200007995008,0.045785978268767895,600.0,7527,8326,0.0001942861524750001,0.00019428612722549587,0.0001942861255531625,0.004997559,0.005520027,0.0002089286,0.010830700516374227,3
8468,0.00019428613421503045,1.8485598567123984,0.05402298124764013,600.0,7527,8326,0.0001942861524750001,0.00019428612722549587,0.0001942861255531625,-0.01217126,-0.01164893,0.000209127,-0.021711201148807452,3
8469,0.00019428613421503045,0.7919809364781805,0.22087023305430903,600.0,7527,8326,0.0001942861524750001,0.00019428612722549587,0.0001942861255531625,-0.007860173,-0.007338165,0.0002095238,-0.005768101844069874,3
8470,0.00019428613421503045,0.5645635987020999,0.19874583059772274,600.0,7527,8326,0.0001942861524750001,0.00019428612722549587,0.0001942861255531625,-0.008143295,-0.007619871,0.0002097222,-0.004210581113365491,3
8471,0.00019428613421503045,1.3428705840185469,0.060624996503651586,600.0,7527,8326,0.0001942861524750001,0.00019428612722549587,0.0001942861255531625,-4.071593e-05,0.0004813312,0.0002094444,0.0005745531859029338,3
8472,0.00019428613421503045,1.7719638193631508,0.0507257078052344,600.0,7527,8326,0.0001942861524750001,0.00019428612722549587,0.0001942861255531625,0.005983416,0.0065063,0.0002094444,0.011367244698954244,3
8473,0.00019428613421503045,1.9429326651121426,0.04743161622307512,600.0,7527,8326,0.0001942861524750001,0.00019428612722549587,0.0001942861255531625,-0.003231668,-0.002708608,0.0002095238,-0.005460209795322493,3
8474,0.00019428613421503045,0.8693751800216168,0.18989668708898766,600.0,7527,8326,0.0001942861524750001,0.00019428612722549587,0.0001942861255531625,0.01061539,0.01113774,0.000210119,0.009710321474083,3
8475,0.00019428613421503045,0.636384989028132,0.17385875669783393,600.0,7527,8326,0.0001942861524750001,0.00019428612722549587,0.0001942861255531625,-0.01438225,-0.01385911,0.000210119,-0.008743327142799276,3
8476,0.00019428613421503045,0.6831347792955476,0.1390249888259211,600.0,7527,8326,0.0001942861524750001,0.00019428612722549587,0.0001942861255531625,0.006525576,0.00704983,0.0002104365,0.004882664069137903,3
8477,0.00019428613421503045,1.2910981236608037,0.0650306552795138,600.0,7527,8326,0.0001942861524750001,0.00019428612722549587,0.0001942861255531625,0.00581739,0.006341341,0.0002109127,0.00812589717536709,3
8478,0.00019428613421503045,1.1386196781390203,0.08929911534699321,600.0,7527,8326,0.0001942861524750001,0.00019428612722549587,0.0001942861255531625,0.01392973,0.01445478,0.0002112302,0.016429216288833107,3
8479,0.00019428613421503045,0.9692528833166317,0.10641896366258083,600.0,7527,8326,0.0001942861524750001,0.00019428612722549587,0.0001942861255531625,0.003595725,0.0041188,0.0002111111,0.003998649833429397,3
8480,0.00019428613421503045,1.2998964921072491,0.06888782738652974,600.0,7527,8326,0.0001942861524750001,0.00019428612722549587,0.0001942861255531625,-0.001986941,-0.001463382,0.0002109127,-0.001965497107283759,3
8481,0.00019428613421503045,1.3114986953066385,0.07384954889414537,600.0,7527,8326,0.0001942861524750001,0.00019428612722549587,0.0001942861255531625,0.001342101,0.001865216,0.0002102381,0.0023807394566113206,3
8482,0.00019428613421503045,1.2458370103343355,0.07936527573982922,600.0,7527,8326,0.0001942861524750001,0.00019428612722549587,0.0001942861255531625,-0.004843959,-0.004321904,0.0002090476,-0.005435779595313574,3
8483,0.00019428613421503045,1.6072818990594147,0.05622265475741127,600.0,7527,8326,0.0001942861524750001,0.00019428612722549587,0.0001942861255531625,-0.007244694,-0.006722465,0.0002094444,-0.010932088104539809,3
8484,0.00019428613421503045,1.9017634201506108,0.04249806327180182,600.0,7527,8326,0.0001942861524750001,0.00019428612722549587,0.0001942861255531625,-0.003594075,-0.003070234,0.0002103175,-0.006028515340620216,3
8485,0.00019428613421503045,1.9753815918120017,0.028337236298757177,600.0,7527,8326,0.0001942861524750001,0.00019428612722549587,0.0001942861255531625,0.0009827332,0.001506126,0.0002096429,0.0027706917498353583,3
8486,0.00019428613421503045,1.2899968267245743,0.09150741462408588,600.0,7527,8326,0.0001942861524750001,0.00019428612722549587,0.0001942861255531625,0.006053184,0.006576585,0.0002100397,0.008422862934198251,3
8487,0.00019428613421503045,1.7135449484300818,0.0523739843399942,600.0,7527,8326,0.0001942861524750001,0.00019428612722549587,0.0001942861255531625,-0.006009136,-0.005485561,0.0002100397,-0.009549628107759837,3
8488,0.00019428613421503045,1.880351512781112,0.05017645461992918,600.0,7527,8326,0.0001942861524750001,0.00019428612722549587,0.0001942861255531625,0.0006433188,0.001165945,0.0002105159,0.0020070584535400965,3
8489,0.00019428613421503045,1.5276643162336483,0.06888782738652974,600.0,7527,8326,0.0001942861524750001,0.00019428612722549587,0.0001942861255531625,0.008098797,0.008622427,0.0002105159,0.013061092318799738,3
8490,0.00019428613421503045,1.8818596215760406,0.03539485343624736,600.0,7527,8326,0.0001942861524750001,0.00019428612722549587,0.0001942861255531625,-0.01257242,-0.0120483,0.000210119,-0.022858504740460545,3
8491,0.00019428613421503045,1.9704057914468485,0.027797228425220952,600.0,7527,8326,0.0001942861524750001,0.00019428612722549587,0.0001942861255531625,6.260463e-05,0.0005864177,0.0002102381,0.0009514645624641589,3
8492,0.00019428613421503045,1.9925416698182765,0.024569649617512287,600.0,7527,8326,0.0001942861524750001,0.00019428612722549587,0.0001942861255531625,-0.002597685,-0.0020738,0.0002103175,-0.004340881797511148,3
8493,0.00019428613421503045,1.9980754733920456,0.020312646365574404,600.0,7527,8326,0.0001942861524750001,0.00019428612722549587,0.0001942861255531625,-0.00971642,-0.009193377,0.0002107143,-0.018579369876069517,3
8494,0.00019428613421503045,1.999458882781961,0.01,600.0,7527,8326,0.0001942861524750001,0.00019428612722549587,0.0001942861255531625,-0.01705241,-0.01652836,0.0002109127,-0.03325857479132458,3
8495,0.00019428613421503045,1.9998047247538695,0.013135780694910741,600.0,7527,8326,0.0001942861524750001,0.00019428612722549587,0.0001942861255531625,-0.002772561,-0.002248545,0.0002105159,-0.004707125706277502,3
8496,0.00019428613421503045,1.9998911826530317,0.015129049594865503,600.0,7527,8326,0.0001942861524750001,0.00019428612722549587,0.0001942861255531625,0.003680862,0.004205195,0.0002105159,0.008199439409618349,3
8497,0.00019428613421503045,1.9999127964793881,0.012648906825118583,600.0,7527,8326,0.0001942861524750001,0.00019428612722549587,0.0001942861255531625,-0.01521566,-0.01469125,0.0002108333,-0.029592033785871788,3
8498,0.00019428613421503045,1.9999181997738735,0.015636622294115395,600.0,7527,8326,0.0001942861524750001,0.00019428612722549587,0.0001942861255531625,-0.0001242109,0.0003991735,0.0002113095,0.000587022132682319,3
8499,0.00019428613421503045,1.99991955055697,0.015129049594865503,600.0,7527,8326,0.0001942861524750001,0.00019428612722549587,0.0001942861255531625,0.005272954,0.005797442,0.0002115079,0.011382926714712853,3
8500,0.00019428613421503045,1.9999198882426135,0.027797228425220952,600.0,7527,8326,0.0001942861524750001,0.00019428612722549587,0.0001942861255531625,-0.002951104,-0.002426958,0.0002106349,-0.0050643395977975104,3
8501,0.00019428613421503045,1.9999199726614918,0.02510590420162501,600.0,7527,8326,0.0001942861524750001,0.00019428612722549587,0.0001942861255531625,-0.0009212108,-0.0003976795,0.0002103175,-0.001005627843618269,3
8502,0.00019428613421503045,1.999919993765578,0.021901135729515613,600.0,7527,8326,0.0001942861524750001,0.00019428612722549587,0.0001942861255531625,-0.01390998,-0.01338607,0.0002109127,-0.026981964856614672,3
8503,0.00019428613421503045,1.9999199990414414,0.014624797902342664,600.0,7527,8326,0.0001942861524750001,0.00019428612722549587,0.0001942861255531625,0.006757151,0.007281956,0.0002119048,0.014351441589126941,3
8504,0.00019428613421503045,1.9999200003603677,0.01,600.0,7527,8326,0.0001942861524750001,0.00019428612722549587,0.0001942861255531625,-0.0009022713,-0.0003767718,0.0002117063,-0.0009652028219640684,3
8505,0.00019428613421503045,1.9999200006900892,0.01,600.0,7527,8326,0.0001942861524750001,0.00019428612722549587,0.0001942861255531625,0.01134743,0.01187279,0.0002113095,0.02353333758960746,3
8506,0.00019428613421503045,1.999920000772517,0.01,600.0,7527,8326,0.0001942861524750001,0.00019428612722549587,0.0001942861255531625,0.005876242,0.006402198,0.0002122222,0.012591678606717862,3
8507,0.00019428613421503045,1.9999200007931237,0.01,600.0,7527,8326,0.0001942861524750001,0.00019428612722549587,0.0001942861255531625,0.004678883,0.005204839,0.0002122222,0.010197056394615763,3
8508,8.01445666280283e-06,0.30053310859136045,0.01,600.0,7707,8506,6.679702182500014e-05,6.679699436062947e-05,-0.00010115313688833579,0.003571814,0.004096286,0.0002112302,0.0013788180966248947,4
8509,-0.00024918659972267645,0.07513102314952567,0.01,600.0,7707,8506,6.679702182500014e-05,6.679699436062947e-05,-0.0008360132979897052,-0.006621835,-0.006096443,0.0002117063,-0.0002622314110889642,4
8510,2.6620493112850926e-06,0.0876400195563908,0.014497096169306726,600.0,7707,8506,6.679702182500014e-05,6.679699436062947e-05,-0.00011644572932124362,-0.005506118,-0.004980861,0.0002117063,-0.0002433703997198753,4
8511,0.00016767480985854221,1.521864347588951,0.01,600.0,7707,8506,6.679702182500014e-05,6.679699436062947e-05,0.00035501930081377676,0.009996382,0.01052144,0.0002114286,0.015901867372895645,4
8512,-0.00037357810521851387,0.38045467291463086,0.01,600.0,7707,8506,6.679702182500014e-05,6.679699436062947e-05,-0.0011914175994063836,-0.0005706844,-4.586739e-05,0.0002114286,0.00011353913828230389,4
8513,0.00016767480985854221,1.595065814818611,0.01,600.0,7707,8506,6.679702182500014e-05,6.679699436062947e-05,0.00035501930081377676,-0.01385019,-0.01332508,0.0002119048,-0.02138047689019915,4
8514,-0.00013951587947481017,0.39875449071104163,0.01,600.0,7707,8506,6.679702182500014e-05,6.679699436062947e-05,-0.0005226683829958015,-0.009311696,-0.008786407,0.0002115079,-0.0033764510734107926,4
8515,0.00015252207244083755,1.5996406320190801,0.01,600.0,7707,8506,6.679702182500014e-05,6.679699436062947e-05,0.0003117257653346206,-0.01281239,-0.01228807,0.0002107143,-0.019782848917122155,4
8516,0.00016767480985854221,1.8998531607000297,0.01,600.0,7707,8506,6.679702182500014e-05,6.679699436062947e-05,0.00035501930081377676,-0.002256791,-0.001733185,0.0002103175,-0.0034820518674534093,4
8517,0.00016767480985854221,1.9749040412763021,0.01,600.0,7707,8506,6.679702182500014e-05,6.679699436062947e-05,0.00035501930081377676,0.00701558,0.007539362,0.0002100397,0.014684747930086521,4
8518,6.565844520390354e-05,1.993666198538766,0.01,600.0,7707,8506,6.679702182500014e-05,6.679699436062947e-05,6.354397322909483e-05,-0.01487481,-0.01435215,0.0002106349,-0.02882269711172074,4
8519,-0.0002671427816612218,0.4984015971382025,0.01,600.0,7707,8506,6.679702182500014e-05,6.679699436062947e-05,-0.0008873166749569777,-0.01249869,-0.01197461,0.0002109127,-0.005862371275643822,4
8520,0.0002659410430959978,1.6245516612725721,0.015026031161522803,600.0,7707,8506,6.679702182500014e-05,6.679699436062947e-05,0.0006357799672065071,-0.005056414,-0.004532784,0.0002103175,-0.007495095921409428,4
8521,0.00016639014867329707,1.9060807311806836,0.020386783028652992,600.0,7707,8506,6.679702182500014e-05,6.679699436062947e-05,0.00035134884028450487,0.01143215,0.01195578,0.0002105159,0.022597937483638232,4
8522,0.00031089776445133175,1.976460887189687,0.04613193272100066,600.0,7707,8506,6.679702182500014e-05,6.679699436062947e-05,0.0007642277425074611,0.005756419,0.006280228,0.0002108333,0.012206754533466382,4
8523,0.000180673056273094,1.9940553983407678,0.037326845157336044,600.0,7707,8506,6.679702182500014e-05,6.679699436062947e-05,0.0003921571477124961,0.01014057,0.01066475,0.0002111111,0.021056246180850047,4
8524,3.081303314354151e-05,1.6539529723902247,0.01,600.0,7707,8506,6.679702182500014e-05,6.679699436062947e-05,-3.6014346943368136e-05,0.0186406,0.01916434,0.0002103175,0.0315593793526262,4
8525,0.00021263153121387618,1.9134308384502632,0.018230100962344443,600.0,7707,8506,6.679702182500014e-05,6.679699436062947e-05,0.00048346707611473096,0.008600637,0.00912341,0.000209127,0.01726599099487293,4
8526,1.566029572583685e-05,0.932775979567531,0.012922564207634893,600.0,7707,8506,6.679702182500014e-05,6.679699436062947e-05,-7.930788242252431e-05,0.001779054,0.00230049,0.0002084524,0.0021598548216321066,4
8527,0.000180673056273094,1.733141999072036,0.013970052590545038,600.0,7707,8506,6.679702182500014e-05,6.679699436062947e-05,0.0003921571477124961,0.002323624,0.00284606,0.0002087302,0.004779597241784253,4
8528,0.00021263153121387618,1.933227501203016,0.012922564207634893,600.0,7707,8506,6.679702182500014e-05,6.679699436062947e-05,0.00048346707611473096,0.0002100659,0.0007323829,0.000209246,0.001220588641974092,4
8529,0.00011061516655923748,1.9832473760944949,0.01,600.0,7707,8506,6.679702182500014e-05,6.679699436062947e-05,0.00019199174853004895,-0.008321337,-0.007798742,0.0002090476,-0.015672380112516784,4
8530,5.2971178018136776e-05,1.995751969668303,0.01,600.0,7707,8506,6.679702182500014e-05,6.679699436062947e-05,2.729463841261835e-05,0.01508217,0.01560483,0.0002088492,0.030935408206575376,4
8531,0.00016767480985854221,1.9988780242773034,0.014497096169306726,600.0,7707,8506,6.679702182500014e-05,6.679699436062947e-05,0.00035501930081377676,-0.001475073,-0.000953224,0.0002083333,-0.002113478060908879,4
8532,8.01445666280283e-06,0.7639703452313787,0.011372378628806327,600.0,7707,8506,6.679702182500014e-05,6.679699436062947e-05,-0.00010115313688833579,0.01887838,0.01940071,0.0002087302,0.014870833633479649,4
8533,0.00012056359750005539,1.6909418565302556,0.022011683735327376,600.0,7707,8506,6.679702182500014e-05,6.679699436062947e-05,0.00022041583693238584,0.001596217,0.002117086,0.0002084524,0.0034358408430200248,4
8534,6.565844520390354e-05,1.376273994683589,0.025820509657196043,600.0,7707,8506,6.679702182500014e-05,6.679699436062947e-05,6.354397322909483e-05,0.0007011163,0.001223092,0.0002085317,0.0016048446569283804,4
8535,3.477422909903718e-05,0.7921847978512394,0.02909879503725035,600.0,7707,8506,6.679702182500014e-05,6.679699436062947e-05,-2.46966442133805e-05,0.0007223844,0.001243809,0.0002080556,0.001028563697802734,4
8536,0.00020852930679476773,1.6979952580768258,0.03128921543546587,600.0,7707,8506,6.679702182500014e-05,6.679699436062947e-05,0.0004717464349172782,0.007176475,0.007697598,0.0002076587,0.01292554011468326,4
8537,6.565844520390354e-05,0.7440869842497642,0.07703726094721845,600.0,7707,8506,6.679702182500014e-05,6.679699436062947e-05,6.354397322909483e-05,-0.002700459,-0.002179369,0.0002078571,-0.0015684467694713259,4
8538,-0.0003295284791563676,0.18601616541005916,0.023097727371835877,600.0,7707,8506,6.679702182500014e-05,6.679699436062947e-05,-0.0010655615249431085,0.003339723,0.003860834,0.0002085317,0.0008879189687643395,4
8539,0.00013571633491776003,1.5464576462312742,0.018768033663217158,600.0,7707,8506,6.679702182500014e-05,6.679699436062947e-05,0.00026370937241154197,9.327847e-05,0.0006153574,0.0002089286,0.0008374535254086013,4
8540,6.565844520390354e-05,1.8865578131254719,0.012402676733794906,600.0,7707,8506,6.679702182500014e-05,6.679699436062947e-05,6.354397322909483e-05,-0.002322478,-0.00180101,0.0002084524,-0.003582514590901862,4
8541,-0.00017147435441559232,0.47162530409776954,0.01,600.0,7707,8506,6.679702182500014e-05,6.679699436062947e-05,-0.0006139783113980363,0.0004689128,0.0009901424,0.0002086508,0.0005772220134998525,4
8542,6.565844520390354e-05,1.6178577888346617,0.01,600.0,7707,8506,6.679702182500014e-05,6.679699436062947e-05,6.354397322909483e-05,-0.001225515,-0.0007034048,0.0002087302,-0.0012669745142187042,4
8543,-0.00013416347212329242,0.40445231327524916,0.01,600.0,7707,8506,6.679702182500014e-05,6.679699436062947e-05,-0.0005073757905628937,0.003415882,0.003937441,0.0002079365,0.0017163432223954514,4
8544,6.63513780086725e-05,1.6010650449264627,0.01,600.0,7707,8506,6.679702182500014e-05,6.679699436062947e-05,6.552378124272042e-05,0.005394646,0.005915863,0.0002078571,0.009346745822724016,4
8545,-9.455915811947623e-05,0.4002542532437787,0.011372378628806327,600.0,7707,8506,6.679702182500014e-05,6.679699436062947e-05,-0.00039422060769484744,-0.005769178,-0.005249401,0.0002069444,-0.001976981053517127,4
8546,0.00011061516655923748,1.6000155614040452,0.016622375426384544,600.0,7707,8506,6.679702182500014e-05,6.679699436062947e-05,0.00019199174853004895,-0.0007176451,-0.0001970702,0.0002072619,-0.0004396757519751765,4
8547,-8.92067507679585e-05,0.39999189023430076,0.02909879503725035,600.0,7707,8506,6.679702182500014e-05,6.679699436062947e-05,-0.0003789280152619396,-0.004549721,-0.004029785,0.0002080556,-0.0014870462721056634,4
8548,-0.00023204673843649296,0.09999497261939844,0.03238559682967691,600.0,7707,8506,6.679702182500014e-05,6.679699436062947e-05,-0.0007870422657434667,0.007108942,0.007630398,0.0002080556,0.0009502525250598001,4
8549,-0.00037357810521851387,0.024997993192554965,0.042277216530328704,600.0,7707,8506,6.679702182500014e-05,6.679699436062947e-05,-0.0011914175994063836,0.003777933,0.004299151,0.0002076587,0.00030993779666279106,4
8550,6.565844520390354e-05,0.9598005234281387,0.025820509657196043,600.0,7707,8506,6.679702182500014e-05,6.679699436062947e-05,6.354397322909483e-05,0.003369006,0.003889613,0.0002076587,0.0037416003643784865,4
8551,6.63513780086725e-05,1.3171493561586027,0.023097727371835877,600.0,7707,8506,6.679702182500014e-05,6.679699436062947e-05,6.552378124272042e-05,0.004046211,0.004567198,0.0002076587,0.0059498230821431256,4
8552,-6.461593868335155e-06,0.32927746041947953,0.015026031161522803,600.0,7707,8506,6.679702182500014e-05,6.679699436062947e-05,-0.00014251328126301576,0.01326916,0.01379013,0.000208254,0.0046804596370122785,4
8553,-6.461593868335155e-06,0.08231689552391674,0.01,600.0,7707,8506,6.679702182500014e-05,6.679699436062947e-05,-0.00014251328126301576,0.002689035,0.003209352,0.0002072619,0.00045438463711508476,4
8554,2.5496881072447024e-05,0.9766829627298197,0.01,600.0,7707,8506,6.679702182500014e-05,6.679699436062947e-05,-5.1203352860780956e-05,-0.002167146,-0.001646444,0.0002069444,-0.0016032284736010802,4
8555,-0.00022669433108497524,0.24416341556023446,0.01,600.0,7707,8506,6.679702182500014e-05,6.679699436062947e-05,-0.0007717496733105589,0.005104227,0.00562504,0.0002073413,0.0015301451190682421,4
8556,-0.00022669433108497524,0.061039022664441916,0.01,600.0,7707,8506,6.679702182500014e-05,6.679699436062947e-05,-0.0007717496733105589,0.005559907,0.006080895,0.0002073413,0.0005658572774151166,4
8557,6.565844520390354e-05,1.5152142978734406,0.01,600.0,7707,8506,6.679702182500014e-05,6.679699436062947e-05,6.354397322909483e-05,-0.01437754,-0.0138573,0.0002078571,-0.02110387003975614,4
8558,6.565844520390354e-05,1.8787472103611262,0.01,600.0,7707,8506,6.679702182500014e-05,6.679699436062947e-05,6.354397322909483e-05,0.008960972,0.009481912,0.0002075397,0.017631740786475503,4
8559,-0.00035108583658081255,0.46967271198620386,0.01,600.0,7707,8506,6.679702182500014e-05,6.679699436062947e-05,-0.001127153974727237,0.001489343,0.002009731,0.000206746,0.0010535588546204458,4
8560,1.0344143654742359e-05,0.505308405342438,0.01,600.0,7707,8506,6.679702182500014e-05,6.679699436062947e-05,-9.449688833993714e-05,0.003702674,0.004222527,0.0002066667,0.0022359146642710053,4
8561,2.5496881072447024e-05,1.0824276677481264,0.01,600.0,7707,8506,6.679702182500014e-05,6.679699436062947e-05,-5.1203352860780956e-05,0.001287819,0.001808052,0.0002064683,0.001940066809094415,4
8562,-0.00017147435441559232,0.27059879872952347,0.01,600.0,7707,8506,6.679702182500014e-05,6.679699436062947e-05,-0.0006139783113980363,-0.0001435031,0.0003777464,0.0002077381,0.00025374214175404844,4
8563,-0.00035108583658081255,0.0676476701913904,0.01,600.0,7707,8506,6.679702182500014e-05,6.679699436062947e-05,-0.001127153974727237,-0.003415562,-0.002894963,0.0002070635,-2.7813655969530877e-06,4
8564,-0.00022669433108497524,0.016911410190321163,0.01,600.0,7707,8506,6.679702182500014e-05,6.679699436062947e-05,-0.0007717496733105589,-0.006115371,-0.005596348,0.0002055556,0.00010743722833569895,4
8565,-0.00012651763306025836,0.004227725712003864,0.01,600.0,7707,8506,6.679702182500014e-05,6.679699436062947e-05,-0.0004855305360970821,-0.008686953,-0.00816672,0.0002068651,0.00017146387897107757,4
8566,-0.00021839341348767335,0.001056899720058126,0.01,600.0,7707,8506,6.679702182500014e-05,6.679699436062947e-05,-0.0007480327658896963,-0.003742308,-0.003221058,0.0002077381,0.00020411420636177357,4
8567,0.00011130809936400643,1.5002192170032667,0.01,600.0,7707,8506,6.679702182500014e-05,6.679699436062947e-05,0.00019397155654367454,0.0008487202,0.001369629,0.0002074603,0.0019509681171397044,4
8568,6.63513780086725e-05,1.8749985526066892,0.01,600.0,7707,8506,6.679702182500014e-05,6.679699436062947e-05,6.552378124272042e-05,0.01375554,0.01427594,0.0002071429,0.02658611709941719,4
8569,6.565844520390354e-05,1.9686905756625277,0.01,600.0,7707,8506,6.679702182500014e-05,6.679699436062947e-05,6.354397322909483e-05,-0.002037745,-0.001517067,0.0002071429,-0.003187292880594029,4
8570,6.63513780086725e-05,1.9921128787363145,0.01,600.0,7707,8506,6.679702182500014e-05,6.679699436062947e-05,6.552378124272042e-05,0.005135298,0.00565544,0.0002075397,0.011060372049701431,4
8571,6.63513780086725e-05,1.9979682788374882,0.01,600.0,7707,8506,6.679702182500014e-05,6.679699436062947e-05,6.552378124272042e-05,-0.0009612845,-0.000440658,0.0002073413,-0.0010873407461088973,4
8572,2.5496881072447024e-05,1.4555814411728378,0.01,600.0,7707,8506,6.679702182500014e-05,6.679699436062947e-05,-5.1203352860780956e-05,0.0001722763,0.0006927679,0.0002070635,0.0009140458105359886,4
8573,2.5496881072447024e-05,1.3199887996579576,0.01,600.0,7707,8506,6.679702182500014e-05,6.679699436062947e-05,-5.1203352860780956e-05,-0.004191079,-0.003671226,0.0002062698,-0.004911981226720772,4
8574,6.63513780086725e-05,1.829942299998492,0.01,600.0,7707,8506,6.679702182500014e-05,6.679699436062947e-05,6.552378124272042e-05,-0.006078638,-0.005558714,0.0002064683,-0.010343482657972598,4
8575,6.565844520390354e-05,1.957426850432373,0.01,600.0,7707,8506,6.679702182500014e-05,6.679699436062947e-05,6.354397322909483e-05,0.008372421,0.008892841,0.0002069444,0.017208951624919255,4
8576,-0.00035108583658081255,0.48934203190671505,0.01,600.0,7707,8506,6.679702182500014e-05,6.679699436062947e-05,-0.001127153974727237,0.01194629,0.01246616,0.0002063492,0.00620558992766389,4
8577,2.5496881072447024e-05,0.36763696039265276,0.03897612681523926,600.0,7707,8506,6.679702182500014e-05,6.679699436062947e-05,-5.1203352860780956e-05,0.001595138,0.002114296,0.0002062698,0.0009077307525175437,4
8578,-0.00013416347212329242,0.09190648282096024,0.028551743377567457,600.0,7707,8506,6.679702182500014e-05,6.679699436062947e-05,-0.0005073757905628937,0.002396788,0.002916537,0.0002063492,0.000455433028482276,4
8579,-4.401466646989057e-05,0.022975931406618903,0.03842626329045345,600.0,7707,8506,6.679702182500014e-05,6.679699436062947e-05,-0.00024980777441031696,0.0005734765,0.001093099,0.000206746,0.0002271107857300509,4
8580,6.63513780086725e-05,1.5056988105321694,0.012402676733794906,600.0,7707,8506,6.679702182500014e-05,6.679699436062947e-05,6.552378124272042e-05,0.004918711,0.005438925,0.000206746,0.008084831696791394,4
8581,-6.461593868335155e-06,0.37641340989196337,0.020927803787946966,600.0,7707,8506,6.679702182500014e-05,6.679699436062947e-05,-0.00014251328126301576,-0.001790183,-0.001270414,0.0002061508,-0.00034964799129444494,4
8582,-7.940642070177156e-05,0.09410052937241666,0.025275189611087417,600.0,7707,8506,6.679702182500014e-05,6.679699436062947e-05,-0.00035092707221569123,0.007399633,0.007919411,0.0002063492,0.0009321523984621648,4
8583,-0.00021154159366727055,0.02352442658913387,0.04833597075977684,600.0,7707,8506,6.679702182500014e-05,6.679699436062947e-05,-0.0007284561378314027,-0.001293565,-0.0007735055,0.0002063492,0.0001832986800418322,4
8584,6.63513780086725e-05,0.5148293857795778,0.048887112296282016,600.0,7707,8506,6.679702182500014e-05,6.679699436062947e-05,6.552378124272042e-05,-0.01683713,-0.0163173,0.0002064683,-0.008300453184653058,4
8585,-0.0003359330991631079,0.12870348522450112,0.04117651395452347,600.0,7707,8506,6.679702182500014e-05,6.679699436062947e-05,-0.001083860439248081,0.01256803,0.01308814,0.000205873,0.0018638656604925783,4
8586,7.045360242778096e-05,0.18713969575344247,0.17048587846656862,600.0,7707,8506,6.679702182500014e-05,6.679699436062947e-05,7.724442244017316e-05,0.01000721,0.01052739,0.0002063492,0.0021378256351708663,4
8587,-0.00035108583658081255,0.046783520390642465,0.21308254108423028,600.0,7707,8506,6.679702182500014e-05,6.679699436062947e-05,-0.001127153974727237,-0.004161339,-0.003641145,0.000206746,2.672811294053036e-05,4
8588,-0.00035108583658081255,0.011695529221257687,0.1693795455531192,600.0,7707,8506,6.679702182500014e-05,6.679699436062947e-05,-0.001127153974727237,0.002383199,0.002903258,0.0002074603,0.00023898908077494923,4
8589,-0.00021839341348767335,0.0029237945888452624,0.1494664648150911,600.0,7707,8506,6.679702182500014e-05,6.679699436062947e-05,-0.0007480327658896963,0.007820173,0.008340419,0.0002072619,0.00023104158071920842,4
8590,-0.0003416196302777316,0.0007309267187518993,0.3408890617911084,400.0,7707,8506,6.679702182500014e-05,6.679699436062947e-05,-0.0011001076710041484,-7.915835e-05,0.0004416785,0.0002072619,0.00020743324135625898,4
8591,6.63513780086725e-05,0.02130743263593921,0.7852107633002053,400.0,7707,8506,6.679702182500014e-05,6.679699436062947e-05,6.552378124272042e-05,0.005258407,0.005779419,0.0002070635,0.00032579608943975535,4
8592,-0.00021839341348767335,0.005326698353240033,0.6656900512554376,400.0,7707,8506,6.679702182500014e-05,6.679699436062947e-05,-0.0007480327658896963,-0.0009596563,-0.0004389464,0.0002071429,0.000203701377189644,4
8593,-0.00021839341348767335,0.001331634638072359,0.49028423683990685,400.0,7707,8506,6.679702182500014e-05,6.679699436062947e-05,-0.0007480327658896963,-0.0142941,-0.013773,0.0002074603,0.0001888434348083245,4
8594,-0.00017147435441559232,0.00033289867225830424,0.7675039488880268,400.0,7707,8506,6.679702182500014e-05,6.679699436062947e-05,-0.0006139783113980363,0.008566419,0.009087597,0.0002076587,0.00021061481966980566,4
8595,-2.1614331286039813e-05,8.322217132453412e-05,0.6767567520224618,400.0,7707,8506,6.679702182500014e-05,6.679699436062947e-05,-0.00018580681674217194,0.006378896,0.006899733,0.0002070635,0.0002076204784877475,4
8596,6.63513780086725e-05,0.030329677283249777,0.5472769381620054,400.0,7707,8506,6.679702182500014e-05,6.679699436062947e-05,6.552378124272042e-05,-0.005500369,-0.00497998,0.0002070635,4.9742144590821574e-05,4
8597,6.63513780086725e-05,0.04081421466907411,0.4991374421069065,400.0,7707,8506,6.679702182500014e-05,6.679699436062947e-05,6.552378124272042e-05,-0.006025867,-0.005505395,0.0002072619,-2.589570504736742e-05,4
8598,-4.401466646989057e-05,0.01020324756065851,0.3790671987886991,400.0,7707,8506,6.679702182500014e-05,6.679699436062947e-05,-0.00024980777441031696,0.0003856363,0.00090587,0.0002068651,0.00021399722004081335,4
8599,6.565844520390354e-05,0.04811327322849304,0.3602547099572283,400.0,7707,8506,6.679702182500014e-05,6.679699436062947e-05,6.354397322909483e-05,0.02017423,0.02069548,0.0002077381,0.0011934704238695452,4
8600,-0.00023204673843649296,0.012027957457574047,0.3469753905368202,400.0,7707,8506,6.679702182500014e-05,6.679699436062947e-05,-0.0007870422657434667,0.0001680245,0.000689655,0.0002076587,0.0002134561309911081,4
8601,-0.00018643493854689124,0.00300689915471258,0.3956665560035921,400.0,7707,8506,6.679702182500014e-05,6.679699436062947e-05,-0.0006567228374874618,-0.004184141,-0.003662499,0.0002079365,0.00019629849076668044,4
8602,-0.00035108583658081255,0.0007517022369344847,0.4150325778220493,400.0,7707,8506,6.679702182500014e-05,6.679699436062947e-05,-0.001127153974727237,0.001335824,0.001857744,0.0002083333,0.00020957316571281368,4
8603,-2.1614331286039813e-05,0.00018791992146684417,0.3646811658402187,400.0,7707,8506,6.679702182500014e-05,6.679699436062947e-05,-0.00018580681674217194,-0.00184255,-0.001321681,0.0002081349,0.00020784741711621325,4
8604,-2.1614331286039813e-05,4.697857096730004e-05,0.202018025897267,600.0,7707,8506,6.679702182500014e-05,6.679699436062947e-05,-0.00018580681674217194,0.003073638,0.003594991,0.0002079365,0.00020809561898019836,4
8605,-9.93543153433536e-05,1.1744290402542755e-05,0.2072736384662561,600.0,7707,8506,6.679702182500014e-05,6.679699436062947e-05,-0.00040792105690592566,0.008867377,0.009388285,0.0002072619,0.00020736972460147886,4
8606,-7.884917057413121e-05,2.9359845184576696e-06,0.33812255449611667,400.0,7707,8506,6.679702182500014e-05,6.679699436062947e-05,-0.0003493349289938617,-0.001593045,-0.001072438,0.0002069444,0.0002069406437530804,4
8607,-0.00035108583658081255,7.339741097305289e-07,0.37353410028981404,400.0,7707,8506,6.679702182500014e-05,6.679699436062947e-05,-0.001127153974727237,-0.01051482,-0.009994144,0.0002072619,0.00020725441243218655,4
8608,-6.461593868335155e-06,1.8348802262680926e-07,0.4355053367141423,400.0,7707,8506,6.679702182500014e-05,6.679699436062947e-05,-0.00014251328126301576,0.004547195,0.005067234,0.0002073413,0.00020734219173210172,4
8609,-6.461593868335155e-06,4.587062949653262e-08,0.3829403741200643,400.0,7707,8506,6.679702182500014e-05,6.679699436062947e-05,-0.00014251328126301576,0.009405288,0.009926435,0.0002075397,0.0002075401458118454,4
8610,-0.00017147435441559232,1.1467313344411931e-08,0.34033576000523014,400.0,7707,8506,6.679702182500014e-05,6.679699436062947e-05,-0.0006139783113980363,-0.006523123,-0.006002214,0.0002074603,0.00020746022879171902,4
8611,-0.00017147435441559232,2.8667423312528997e-09,0.3253966703312482,600.0,7707,8506,6.679702182500014e-05,6.679699436062947e-05,-0.0006139783113980363,-0.001380761,-0.0008598452,0.0002074603,0.00020746029694031012,4
8612,-0.00013951587947481017,7.166640822457405e-10,0.3159906382625189,600.0,7707,8506,6.679702182500014e-05,6.679699436062947e-05,-0.0005226683829958015,0.01023591,0.01075732,0.0002079365,0.00020793650756036424,4
8613,6.63513780086725e-05,0.0910100586949662,0.27338758710861116,600.0,7707,8506,6.679702182500014e-05,6.679699436062947e-05,6.552378124272042e-05,-0.002088267,-0.001567398,0.0002079365,4.6363202951801527e-05,4
8614,-0.00017147435441559232,0.02275183209830134,0.12679050856523302,600.0,7707,8506,6.679702182500014e-05,6.679699436062947e-05,-0.0006139783113980363,-0.002498315,-0.001976859,0.0002078571,0.00015815080611034427,4
8615,-0.00022669433108497524,0.0056877873858345975,0.20865670423741728,600.0,7707,8506,6.679702182500014e-05,6.679699436062947e-05,-0.0007717496733105589,-0.007387914,-0.006866593,0.0002078571,0.0001676191319595037,4
8616,-0.00022669433108497524,0.0014219041880532556,0.2462773895923045,600.0,7707,8506,6.679702182500014e-05,6.679699436062947e-05,-0.0007717496733105589,0.005422448,0.005943158,0.0002078571,0.00021601214836945563,4
8617,-0.00017147435441559232,0.00035546538273190353,0.26287537708690234,600.0,7707,8506,6.679702182500014e-05,6.679699436062947e-05,-0.0006139783113980363,0.005035771,0.005557072,0.0002078571,0.0002097585607217437,4
8618,-0.00035108583658081255,8.88636796926054e-05,0.21197607822962747,600.0,7707,8506,6.679702182500014e-05,6.679699436062947e-05,-0.001127153974727237,0.008728932,0.009249384,0.0002078571,0.00020866056335037367,4
8619,-0.00035108583658081255,2.2215253445553657e-05,0.14891335189218594,600.0,7707,8506,6.679702182500014e-05,6.679699436062947e-05,-0.001127153974727237,0.002783702,0.003304642,0.0002074603,0.0002075291046764324,4
8620,-0.00017147435441559232,5.553646746987573e-06,0.3408890617911084,400.0,7707,8506,6.679702182500014e-05,6.679699436062947e-05,-0.0006139783113980363,-0.00241663,-0.001895825,0.0002074603,0.00020744861909643563,4
8621,-0.00035108583658081255,1.388370034396291e-06,0.329823055318781,600.0,7707,8506,6.679702182500014e-05,6.679699436062947e-05,-0.001127153974727237,-0.003282996,-0.002762802,0.0002071429,0.00020713877661749703,4
8622,-0.00037357810521851387,3.470820958238148e-07,0.3226301851262315,600.0,7707,8506,6.679702182500014e-05,6.679699436062947e-05,-0.0011914175994063836,-0.002366823,-0.001846971,0.0002070635,0.00020706278708140083,4
8623,-0.00037357810521851387,8.676792084023502e-08,0.5356570325301923,400.0,7707,8506,6.679702182500014e-05,6.679699436062947e-05,-0.0011914175994063836,0.007883911,0.008403847,0.0002070635,0.00020706421121786185,4
8624,-0.00017147435441559232,2.1691329450652452e-08,0.6241899965183801,400.0,7707,8506,6.679702182500014e-05,6.679699436062947e-05,-0.0006139783113980363,-0.0007115626,-0.0001911425,0.0002069444,0.0002069443913649659,4
8625,-0.00037357810521851387,5.422669677692233e-09,0.4615114098548464,400.0,7707,8506,6.679702182500014e-05,6.679699436062947e-05,-0.0011914175994063836,-0.002259923,-0.001739729,0.0002064683,0.0002064682894464149,4
8626,-2.1614331286039813e-05,1.3556267494004756e-09,0.567750142337561,400.0,7707,8506,6.679702182500014e-05,6.679699436062947e-05,-0.00018580681674217194,-0.006878573,-0.006358204,0.0002070635,0.00020706349109994777,4
8627,2.5496881072447024e-05,0.010928592016486511,0.5832434067945098,400.0,7707,8506,6.679702182500014e-05,6.679699436062947e-05,-5.1203352860780956e-05,0.0005786408,0.001098605,0.0002068651,0.00021661056155192248,4
8628,-0.00017147435441559232,0.002732066039681504,0.48530431429738635,400.0,7707,8506,6.679702182500014e-05,6.679699436062947e-05,-0.0006139783113980363,-0.0127263,-0.01220616,0.000206746,0.00017283312106364124,4
8629,3.849512748699878e-05,0.016294314420470163,0.6164433336808572,400.0,7707,8506,6.679702182500014e-05,6.679699436062947e-05,-1.4065505962061653e-05,0.009927013,0.01044692,0.0002064683,0.00037332943980743823,4
8630,6.565844520390354e-05,0.032872002076256346,0.569963464331909,400.0,7707,8506,6.679702182500014e-05,6.679699436062947e-05,6.354397322909483e-05,3.915556e-05,0.0005593813,0.0002069444,0.00021852970650854936,4
8631,-0.00017147435441559232,0.008217753979048515,0.5245904711131493,400.0,7707,8506,6.679702182500014e-05,6.679699436062947e-05,-0.0006139783113980363,0.0006361898,0.001156693,0.0002072619,0.0002150640911998574,4
8632,-0.00037357810521851387,0.002054376861607286,0.4449117722491029,400.0,7707,8506,6.679702182500014e-05,6.679699436062947e-05,-0.0011914175994063836,-0.01053272,-0.01001309,0.0002071429,0.00018614669001000247,4
8633,-0.0002545390070741942,0.0005135788075753594,0.561663509339905,400.0,7707,8506,6.679702182500014e-05,6.679699436062947e-05,-0.000851305890422613,0.007025317,0.007546876,0.0002080556,0.0002118246626300417,4
8634,-0.00017147435441559232,0.00012839085005278306,0.5854567321523875,400.0,7707,8506,6.679702182500014e-05,6.679699436062947e-05,-0.0006139783113980363,-0.01432451,-0.01380309,0.0002078571,0.00020605822259178643,4
8635,-0.00037357810521851387,3.2096749581820367e-05,0.5185038690349462,400.0,7707,8506,6.679702182500014e-05,6.679699436062947e-05,-0.0011914175994063836,-0.01304895,-0.01252814,0.0002075397,0.00020713092607791482,4
8636,6.565844520390354e-05,0.033150173289302254,0.4952641632545704,400.0,7707,8506,6.679702182500014e-05,6.679699436062947e-05,6.354397322909483e-05,-0.00234455,-0.001823769,0.0002078571,0.0001405083427259307,4
8637,-0.00037357810521851387,0.008287294696025894,0.42941883021074984,400.0,7707,8506,6.679702182500014e-05,6.679699436062947e-05,-0.0011914175994063836,-0.00643836,-0.005918217,0.0002076587,0.0001568917628028761,4
8638,-6.461593868335155e-06,0.0020717615192962532,0.3884734903154812,400.0,7707,8506,6.679702182500014e-05,6.679699436062947e-05,-0.00014251328126301576,-0.002579506,-0.002057737,0.0002079365,0.00020324256482741074,4
8639,6.63513780086725e-05,0.08051837714775428,0.3110109953508286,600.0,7707,8506,6.679702182500014e-05,6.679699436062947e-05,6.552378124272042e-05,-0.009250117,-0.008728379,0.0002080556,-0.0005114916114790406,4
8640,2.5496881072447024e-05,0.0609696941743454,0.234105749373817,600.0,7707,8506,6.679702182500014e-05,6.679699436062947e-05,-5.1203352860780956e-05,0.008688538,0.009209145,0.0002081349,0.0007569237330571941,4
8641,-0.00013416347212329242,0.015241966270880042,0.22082784585546048,600.0,7707,8506,6.679702182500014e-05,6.679699436062947e-05,-0.0005073757905628937,0.01134514,0.01186665,0.0002081349,0.00038583359392274565,4
8642,-0.00024918659972267645,0.0038103772529729787,0.27338758710861116,600.0,7707,8506,6.679702182500014e-05,6.679699436062947e-05,-0.0008360132979897052,-0.0009944656,-0.0004746367,0.0002081349,0.00020553328262638403,4
8643,-0.00037357810521851387,0.0009525657354138474,0.34420887536545397,400.0,7707,8506,6.679702182500014e-05,6.679699436062947e-05,-0.0011914175994063836,-0.004320975,-0.003798896,0.0002085317,0.00020471436168583167,4
8644,-0.00037357810521851387,0.00023813428961044625,0.337569253447386,400.0,7707,8506,6.679702182500014e-05,6.679699436062947e-05,-0.0011914175994063836,0.008951928,0.009473872,0.0002081349,0.00021034138972202566,4
8645,-6.461593868335155e-06,5.9531786395439486e-05,0.408392787087231,400.0,7707,8506,6.679702182500014e-05,6.679699436062947e-05,-0.00014251328126301576,0.003020059,0.003541495,0.0002078571,0.00020805555741938253,4
8646,6.63513780086725e-05,0.04024945675925836,0.4122659969009537,400.0,7707,8506,6.679702182500014e-05,6.679699436062947e-05,6.552378124272042e-05,-0.01636278,-0.01584127,0.0002080556,-0.00043792103675245836,4
8647,2.334239006929411e-05,0.03612008552788907,0.33590935136913114,600.0,7707,8506,6.679702182500014e-05,6.679699436062947e-05,-5.7359041441217846e-05,-0.003768526,-0.003247141,0.0002081349,8.333003896954613e-05,4
8648,-0.00021839341348767335,0.009029750481330808,0.28445318117009083,600.0,7707,8506,6.679702182500014e-05,6.679699436062947e-05,-0.0007480327658896963,0.008831477,0.009353453,0.0002083333,0.00029091144901290285,4
8649,-0.00012651763306025836,0.0022573698972040922,0.3176505225793162,600.0,7707,8506,6.679702182500014e-05,6.679699436062947e-05,-0.0004855305360970821,0.01187378,0.0123953,0.0002078571,0.00023536866672635375,4
8650,-0.00037357810521851387,0.0005643255440267941,0.2838998990408279,600.0,7707,8506,6.679702182500014e-05,6.679699436062947e-05,-0.0011914175994063836,0.009805698,0.01032682,0.0002077381,0.00021344855639826918,4
8651,-2.1614331286039813e-05,0.0001410771535651183,0.30824453369719995,600.0,7707,8506,6.679702182500014e-05,6.679699436062947e-05,-0.00018580681674217194,0.000582028,0.001103432,0.0002079365,0.00020806283395617036,4
8652,6.63513780086725e-05,0.07435072786565869,0.3348027506300402,600.0,7707,8506,6.679702182500014e-05,6.679699436062947e-05,6.552378124272042e-05,-0.0004246988,9.668562e-05,0.0002080556,0.00019977516092461615,4
8653,-0.00037357810521851387,0.01858712433595568,0.2435110902992833,600.0,7707,8506,6.679702182500014e-05,6.679699436062947e-05,-0.0011914175994063836,0.005240759,0.005761906,0.0002081349,0.00031136353396913735,4
8654,-0.0003295284791563676,0.0046466416805564,0.2446176088228622,600.0,7707,8506,6.679702182500014e-05,6.679699436062947e-05,-0.0010655615249431085,0.0007667195,0.00128804,0.0002079365,0.00021295535394241484,4
8655,-1.205619152910837e-05,0.001161625570326496,0.24517086871758345,600.0,7707,8506,6.679702182500014e-05,6.679699436062947e-05,-0.0001584978460080821,-0.000387141,0.0001343982,0.0002080556,0.00020797003768071622,4
8656,6.565844520390354e-05,0.15970798358833097,0.15444455612427405,600.0,7707,8506,6.679702182500014e-05,6.679699436062947e-05,6.354397322909483e-05,0.00406724,0.004588125,0.0002079365,0.0009074875730717961,4
8657,-0.0002750777355778842,0.03992579808720583,0.09195778536399958,600.0,7707,8506,6.679702182500014e-05,6.679699436062947e-05,-0.0009099879718617273,0.01186209,0.01238295,0.0002077381,0.0006938431519883456,4
8658,-0.00018264470502282894,0.009981150078315805,0.06599080700383662,600.0,7707,8506,6.679702182500014e-05,6.679699436062947e-05,-0.0006458935988472838,-0.002579017,-0.002057458,0.0002079365,0.0001853252575089088,4
8659,-0.00024918659972267645,0.0024952126609533638,0.06378236820585345,600.0,7707,8506,6.679702182500014e-05,6.679699436062947e-05,-0.0008360132979897052,0.0009159881,0.001437515,0.0002080556,0.00021112336266100815,4
8660,6.565844520390354e-05,0.16596274150974988,0.14891335189218594,600.0,7707,8506,6.679702182500014e-05,6.679699436062947e-05,6.354397322909483e-05,0.00063081,0.001152139,0.0002079365,0.0003646389354403596,4
8661,-0.00017147435441559232,0.041489440656876146,0.08532558432598696,600.0,7707,8506,6.679702182500014e-05,6.679699436062947e-05,-0.0006139783113980363,0.001931148,0.002452553,0.0002079365,0.00030106438307419506,4
8662,-2.1614331286039813e-05,0.01037204899341411,0.07151324246724441,600.0,7707,8506,6.679702182500014e-05,6.679699436062947e-05,-0.00018580681674217194,-0.003400375,-0.002879404,0.0002079365,0.00017591445307464835,4
8663,-0.00017147435441559232,0.002592934457986077,0.08090484221000341,600.0,7707,8506,6.679702182500014e-05,6.679699436062947e-05,-0.0006139783113980363,-0.007826205,-0.00730423,0.0002081349,0.00018865583018982487,4
8664,-0.00037357810521851387,0.0006482141674880843,0.057711116028294845,600.0,7707,8506,6.679702182500014e-05,6.679699436062947e-05,-0.0011914175994063836,0.006094632,0.006616473,0.0002081349,0.00021228887554647366,4
8665,2.5496881072447024e-05,0.1658327932482263,0.057711116028294845,600.0,7707,8506,6.679702182500014e-05,6.679699436062947e-05,-5.1203352860780956e-05,0.0001772411,0.0006988518,0.0002081349,0.0002895118542211105,4
8666,3.0965458885963014e-06,0.07083425811094617,0.03952608755633608,600.0,7707,8506,6.679702182500014e-05,6.679699436062947e-05,-0.00011520431052892589,-0.007524296,-0.00700251,0.000208254,-0.0003025151183531186,4
8667,-0.0003359330991631079,0.01770803327080071,0.03512937952016317,600.0,7707,8506,6.679702182500014e-05,6.679699436062947e-05,-0.001083860439248081,-0.007155695,-0.00663372,0.0002083333,8.717399252300821e-05,4
8668,-0.0003584253678008091,0.004426875507450647,0.045030257597762705,600.0,7707,8506,6.679702182500014e-05,6.679699436062947e-05,-0.0011481240639272272,0.008586083,0.00910813,0.000208254,0.0002476526430837478,4
8669,6.565844520390354e-05,0.0951636359318949,0.26176883501735687,600.0,7707,8506,6.679702182500014e-05,6.679699436062947e-05,6.354397322909483e-05,0.0002936212,0.0008153668,0.0002081349,0.0002659212954578328,4
8670,-0.00017147435441559232,0.02379019525570424,0.0891942243503122,600.0,7707,8506,6.679702182500014e-05,6.679699436062947e-05,-0.0006139783113980363,0.0005961338,0.001117848,0.0002080556,0.0002296997388381558,4
8671,6.565844520390354e-05,0.20013523643965772,0.12679050856523302,600.0,7707,8506,6.679702182500014e-05,6.679699436062947e-05,6.354397322909483e-05,0.01136398,0.01188516,0.0002079365,0.002544960386131228,4
8672,-0.00017147435441559232,0.05003230809564113,0.048887112296282016,600.0,7707,8506,6.679702182500014e-05,6.679699436062947e-05,-0.0006139783113980363,-0.0005402621,-1.870309e-05,0.0002079365,0.0001965971982064502,4
8673,-0.00012742472835344603,0.012507701781599566,0.036227870041372075,600.0,7707,8506,6.679702182500014e-05,6.679699436062947e-05,-0.00048812223693476116,-0.001737047,-0.001215726,0.0002076587,0.00018985542865190843,4
8674,1.0344143654742359e-05,0.1171078952869756,0.03403142043704522,600.0,7707,8506,6.679702182500014e-05,6.679699436062947e-05,-9.449688833993714e-05,0.002568707,0.00308983,0.0002078571,0.0005453588805931014,4
8675,-9.011384606114612e-05,0.029276095512529247,0.010862866789039685,600.0,7707,8506,6.679702182500014e-05,6.679699436062947e-05,-0.00038151971609961854,0.001887463,0.002408244,0.0002076587,0.0002720832454262678,4
8676,1.0344143654742359e-05,0.17139226998259646,0.02364146745453332,600.0,7707,8506,6.679702182500014e-05,6.679699436062947e-05,-9.449688833993714e-05,0.007692667,0.008213055,0.0002081349,0.0015801163269683132,4
8677,6.63513780086725e-05,1.407678515659658,0.018230100962344443,600.0,7707,8506,6.679702182500014e-05,6.679699436062947e-05,6.552378124272042e-05,0.001492369,0.002013448,0.0002080556,0.0027494676938152277,4
8678,-0.0002199555873151288,0.3519090713260471,0.02364146745453332,600.0,7707,8506,6.679702182500014e-05,6.679699436062947e-05,-0.0007524961196824263,8.761349e-05,0.0006083511,0.0002079365,0.00034884603003139056,4
8679,-4.9952281929689574e-05,0.08797462851347683,0.01769311890251423,600.0,7707,8506,6.679702182500014e-05,6.679699436062947e-05,-0.0002667723900097427,0.007438177,0.007959026,0.0002079365,0.0008898357193372107,4
8680,-1.205619152910837e-05,0.021992997318655356,0.03183731693813256,600.0,7707,8506,6.679702182500014e-05,6.679699436062947e-05,-0.0001584978460080821,0.002019646,0.002540669,0.0002080556,0.00025935676025165956,4
8681,1.0344143654742359e-05,0.23885447294956447,0.016622375426384544,600.0,7707,8506,6.679702182500014e-05,6.679699436062947e-05,-9.449688833993714e-05,-0.003237422,-0.002716549,0.0002077381,-0.0004907409540237103,4
8682,6.63513780086725e-05,1.559666826828844,0.012922564207634893,600.0,7707,8506,6.679702182500014e-05,6.679699436062947e-05,6.552378124272042e-05,-0.00186112,-0.001340692,0.0002073413,-0.002207074884836384,4
8683,-2.1614331286039813e-05,0.3899050092060098,0.0225544546538024,600.0,7707,8506,6.679702182500014e-05,6.679699436062947e-05,-0.00018580681674217194,-0.003770652,-0.003250629,0.0002069444,-0.0011411807883574545,4
8684,-2.1614331286039813e-05,0.09747332801393341,0.047233842456773624,600.0,7707,8506,6.679702182500014e-05,6.679699436062947e-05,-0.00018580681674217194,0.003331252,0.003850831,0.000206746,0.0005619470925156546,4
8685,-0.00030703621051866625,0.02436760095352325,0.03128921543546587,600.0,7707,8506,6.679702182500014e-05,6.679699436062947e-05,-0.0010012979002639619,0.0007286398,0.001248096,0.0002072619,0.0002326245300076195,4
8686,-0.00017434378742552713,0.006091717481373661,0.1146247582652911,600.0,7707,8506,6.679702182500014e-05,6.679699436062947e-05,-0.0006221766914264214,0.00105584,0.001576506,0.0002075397,0.0002158790559411214,4
8687,-0.0003295284791563676,0.001522883682462305,0.06543866592093045,600.0,7707,8506,6.679702182500014e-05,6.679699436062947e-05,-0.0010655615249431085,-0.00445549,-0.003935062,0.0002072619,0.00020095362252521638,4
8688,0.00015637405285639808,0.12938626152431457,0.3021367179803458,400.0,7887,8686,2.640296990000006e-05,2.6402944058645517e-05,0.000397748947045349,0.001538071,0.002057991,0.0002068651,0.0004463753598118322,5
8689,6.332061723026977e-05,0.12403132279865345,0.2589772658230758,600.0,7887,8686,2.640296990000006e-05,2.6402944058645517e-05,0.0001318819881135538,0.006209755,0.006729747,0.0002070635,0.0010160805627019507,5
8690,0.00015637405285639808,0.1375613688681026,0.36687659367526165,400.0,7887,8686,2.640296990000006e-05,2.6402944058645517e-05,0.000397748947045349,0.003942126,0.004462578,0.0002074603,0.0007928001155068924,5
8691,7.614706664865765e-05,0.09868989854372139,0.29605010063394555,400.0,7887,8686,2.640296990000006e-05,2.6402944058645517e-05,0.00016852898645180488,0.005245499,0.005766511,0.0002075397,0.000756154013604459,5
8692,0.00015637405285639808,0.26067564409878896,0.2484641491881337,600.0,7887,8686,2.640296990000006e-05,2.6402944058645517e-05,0.000397748947045349,0.0006331918,0.001153902,0.0002073413,0.00045408662015110053,5
8693,0.00015637405285639808,0.3375682948481453,0.21526513361436217,600.0,7887,8686,2.640296990000006e-05,2.6402944058645517e-05,0.000397748947045349,0.0004519075,0.0009724824,0.0002070635,0.00046544465291754303,5
8694,0.00015637405285639808,0.3024275584395333,0.26893709435217905,600.0,7887,8686,2.640296990000006e-05,2.6402944058645517e-05,0.000397748947045349,0.009375421,0.00989529,0.0002073413,0.0031372439716284505,5
8695,0.0001586525473022653,0.4158092908869682,0.1748739089544742,600.0,7887,8686,2.640296990000006e-05,2.6402944058645517e-05,0.00040425893117639815,-0.009142993,-0.008622533,0.0002073413,-0.0034642024713040648,5
8696,0.0001586525473022653,1.2227587804728535,0.05317519768898914,600.0,7887,8686,2.640296990000006e-05,2.6402944058645517e-05,0.00040425893117639815,0.005788211,0.006307504,0.0002062698,0.007666607489771266,5
8697,0.0001586525473022653,1.8056355244273599,0.0277707265123159,600.0,7887,8686,2.640296990000006e-05,2.6402944058645517e-05,0.00040425893117639815,0.002231058,0.002750049,0.0002062698,0.00479940788981941,5
8698,0.00015637405285639808,1.9513503388404068,0.022262975070786135,600.0,7887,8686,2.640296990000006e-05,2.6402944058645517e-05,0.000397748947045349,0.005411473,0.005930226,0.0002060714,0.011375902418284874,5
8699,0.00015637405285639808,1.6905822384352736,0.04875332176315071,600.0,7887,8686,2.640296990000006e-05,2.6402944058645517e-05,0.000397748947045349,-0.01454011,-0.01402117,0.0002060714,-0.023846250212770995,5
8700,0.00015637405285639808,1.9225878802420302,0.02281319013237019,600.0,7887,8686,2.640296990000006e-05,2.6402944058645517e-05,0.000397748947045349,-0.008203964,-0.007684849,0.0002061508,-0.014964989778472285,5
8701,0.00015637405285639808,1.980587550651406,0.017320019941400835,600.0,7887,8686,2.640296990000006e-05,2.6402944058645517e-05,0.000397748947045349,-0.007159698,-0.006640611,0.0002060714,-0.01335438252470409,5
8702,0.00015637405285639808,1.9950870332562216,0.02061333562669622,600.0,7887,8686,2.640296990000006e-05,2.6402944058645517e-05,0.000397748947045349,0.009790953,0.01030984,0.0002060714,0.02036396912088137,5
8703,0.0001586525473022653,1.998711795161306,0.01,600.0,7887,8686,2.640296990000006e-05,2.6402944058645517e-05,0.00040425893117639815,-0.002087104,-0.001568557,0.0002059524,-0.0033407804684046118,5
8704,0.00015637405285639808,1.9996179584518627,0.01,600.0,7887,8686,2.640296990000006e-05,2.6402944058645517e-05,0.000397748947045349,-0.02318013,-0.02266243,0.0002052778,-0.04552140138550974,5
8705,0.0001586525473022653,1.9998444924782772,0.019514555909451975,600.0,7887,8686,2.640296990000006e-05,2.6402944058645517e-05,0.00040425893117639815,-0.00572854,-0.005210354,0.0002051587,-0.010625024547041164,5
8706,0.00015637405285639808,1.9999011242858757,0.017320019941400835,600.0,7887,8686,2.640296990000006e-05,2.6402944058645517e-05,0.000397748947045349,0.0106817,0.01119964,0.0002047619,0.022193430973576154,5
8707,0.00015637405285639808,1.9999152818130368,0.017868218024450228,600.0,7887,8686,2.640296990000006e-05,2.6402944058645517e-05,0.000397748947045349,7.041912e-05,0.0005877599,0.0002045635,0.000970923836295741,5
8708,0.00015637405285639808,1.9999188210886456,0.017868218024450228,600.0,7887,8686,2.640296990000006e-05,2.6402944058645517e-05,0.000397748947045349,-0.005583558,-0.005066451,0.000204246,-0.01033672013055546,5
8709,0.0001586525473022653,1.9999197058810032,0.01,600.0,7887,8686,2.640296990000006e-05,2.6402944058645517e-05,0.00040425893117639815,0.01573758,0.01625461,0.0002037698,0.032304161411926983,5
8710,0.0001586525473022653,1.9999199270724568,0.014584863617431275,600.0,7887,8686,2.640296990000006e-05,2.6402944058645517e-05,0.00040425893117639815,-0.01467807,-0.01416096,0.0002037698,-0.028524539574031546,5
8711,0.0001586525473022653,1.999919982368661,0.025566293302498315,600.0,7887,8686,2.640296990000006e-05,2.6402944058645517e-05,0.00040425893117639815,-0.01913428,-0.01861844,0.0002029762,-0.037438350154857226,5
8712,0.00015637405285639808,1.4370718838424685,0.06257398316652309,600.0,7887,8686,2.640296990000006e-05,2.6402944058645517e-05,0.000397748947045349,-0.02963641,-0.02912366,0.0001996032,-0.04194003388723253,5
8713,0.00015637405285639808,1.8592121929214884,0.02446468302985788,600.0,7887,8686,2.640296990000006e-05,2.6402944058645517e-05,0.000397748947045349,0.008705363,0.009219529,0.0002007937,0.016968536334491437,5
8714,0.0001586525473022653,1.964744104138925,0.022262975070786135,600.0,7887,8686,2.640296990000006e-05,2.6402944058645517e-05,0.00040425893117639815,-0.00719768,-0.006683903,0.0002015873,-0.013326639171030758,5
8715,0.0001586525473022653,1.9911262904539502,0.013494406383928504,600.0,7887,8686,2.640296990000006e-05,2.6402944058645517e-05,0.00040425893117639815,0.02260269,0.02311726,0.0002015873,0.04582958567640786,5
8716,0.00015637405285639808,1.9977216391663093,0.01,600.0,7887,8686,2.640296990000006e-05,2.6402944058645517e-05,0.000397748947045349,0.003895349,0.004409686,0.0002017063,0.008608078403862554,5
8717,0.0001586525473022653,1.9993704268792838,0.01,600.0,7887,8686,2.640296990000006e-05,2.6402944058645517e-05,0.00040425893117639815,1.129507e-05,0.0005253383,0.0002013889,0.0008490837501652878,5
8718,0.0001586525473022653,1.9997826114416195,0.01,600.0,7887,8686,2.640296990000006e-05,2.6402944058645517e-05,0.00040425893117639815,0.01593159,0.0164457,0.0002013095,0.03268655915536744,5
8719,7.386857220279046e-05,1.9998856544908192,0.01,600.0,7887,8686,2.640296990000006e-05,2.6402944058645517e-05,0.00016201900232075577,0.0026419,0.003154749,0.0002005159,0.006108644296711941,5
8720,7.614706664865765e-05,1.9999114144802963,0.01,600.0,7887,8686,2.640296990000006e-05,2.6402944058645517e-05,0.00016852898645180488,0.01662638,0.01714023,0.0002009127,0.03407804672177355,5
8721,0.0001586525473022653,1.9999178542844656,0.0151309763996633,600.0,7887,8686,2.640296990000006e-05,2.6402944058645517e-05,0.00040425893117639815,0.001727488,0.002242031,0.0002015873,0.0042823070862922545,5
8722,2.7092922482847628e-05,0.6746750241770262,0.05815069871152657,600.0,7887,8686,2.640296990000006e-05,2.6402944058645517e-05,2.8374288835204807e-05,0.00904729,0.009561437,0.0002013889,0.006516379578165628,5
8723,0.00014582609788387735,1.6686186959815752,0.014584863617431275,600.0,7887,8686,2.640296990000006e-05,2.6402944058645517e-05,0.0003676119328381469,-0.002139632,-0.001626132,0.0002009127,-0.0028477282448140483,5
8724,0.00015637405285639808,1.1328544509304468,0.08193028302475021,600.0,7887,8686,2.640296990000006e-05,2.6402944058645517e-05,0.000397748947045349,0.00292401,0.003436549,0.0001997222,0.0038665758472709554,5
8725,0.00015637405285639808,1.7831601163242297,0.02061333562669622,600.0,7887,8686,2.640296990000006e-05,2.6402944058645517e-05,0.000397748947045349,-0.008360032,-0.007848454,0.0001986111,-0.014150594439784647,5
8726,0.00015637405285639808,1.945731655380185,0.01,600.0,7887,8686,2.640296990000006e-05,2.6402944058645517e-05,0.000397748947045349,0.01011312,0.01062529,0.0001994048,0.020485379668999774,5
8727,7.614706664865765e-05,1.986373320857631,0.01,600.0,7887,8686,2.640296990000006e-05,2.6402944058645517e-05,0.00016852898645180488,-0.002894742,-0.00238379,0.0001984127,-0.004930805852326542,5
8728,0.00015637405285639808,1.9965334324145012,0.01,600.0,7887,8686,2.640296990000006e-05,2.6402944058645517e-05,0.000397748947045349,0.000862246,0.001373063,0.0001983333,0.0025437204201002577,5
8729,0.00015637405285639808,1.9990733841028823,0.01,600.0,7887,8686,2.640296990000006e-05,2.6402944058645517e-05,0.000397748947045349,-0.006315074,-0.005805257,0.0001971429,-0.011802094980831802,5
8730,0.0001586525473022653,1.9997083529753399,0.01,600.0,7887,8686,2.640296990000006e-05,2.6402944058645517e-05,0.00040425893117639815,-0.000420438,8.955758e-05,0.000196627,-1.7480613522224942e-05,5
8731,0.00015637405285639808,1.9998670904311877,0.01,600.0,7887,8686,2.640296990000006e-05,2.6402944058645517e-05,0.000397748947045349,0.009035397,0.009545984,0.0001970238,0.018893701633730976,5
8732,0.0001586525473022653,1.9999067736046188,0.01,600.0,7887,8686,2.640296990000006e-05,2.6402944058645517e-05,0.00040425893117639815,-0.02108932,-0.02057905,0.0001971429,-0.04135330601042619,5
8733,7.386857220279046e-05,1.9999166941003528,0.01,600.0,7887,8686,2.640296990000006e-05,2.6402944058645517e-05,0.00016201900232075577,-0.002557042,-0.002046805,0.0001972222,-0.004290645259295271,5
8734,7.386857220279046e-05,1.9999191741498825,0.01,600.0,7887,8686,2.640296990000006e-05,2.6402944058645517e-05,0.00016201900232075577,-0.002941059,-0.002432163,0.0001963492,-0.005060462748266891,5
8735,7.386857220279046e-05,1.9999197941436646,0.01,600.0,7887,8686,2.640296990000006e-05,2.6402944058645517e-05,0.00016201900232075577,-0.01733826,-0.01683012,0.0001957143,-0.033854588728380146,5
8736,0.0001586525473022653,1.9999199491374602,0.01,600.0,7887,8686,2.640296990000006e-05,2.6402944058645517e-05,0.00040425893117639815,0.01068838,0.01119624,0.0001947619,0.02219683742218888,5
8737,0.00015637405285639808,1.9999199878847467,0.010243949880218935,600.0,7887,8686,2.640296990000006e-05,2.6402944058645517e-05,0.000397748947045349,0.003849109,0.004355703,0.000194246,0.008516827033022893,5
8738,0.00015637405285639808,1.9999199975712776,0.014039317348580164,600.0,7887,8686,2.640296990000006e-05,2.6402944058645517e-05,0.000397748947045349,0.009754751,0.01025893,0.0001918651,0.020325189510357892,5
8739,2.7092922482847628e-05,0.7694226894790204,0.03770366009989442,600.0,7887,8686,2.640296990000006e-05,2.6402944058645517e-05,2.8374288835204807e-05,0.007917309,0.008423217,0.0001934524,0.006525620012311235,5
8740,0.00014582609788387735,1.5816401551018806,0.03936049074621863,600.0,7887,8686,2.640296990000006e-05,2.6402944058645517e-05,0.0003676119328381469,0.00471844,0.005222773,0.0001920635,0.008148835653852505,5
8741,2.7092922482847628e-05,0.7927784699522491,0.025566293302498315,600.0,7887,8686,2.640296990000006e-05,2.6402944058645517e-05,2.8374288835204807e-05,0.000975779,0.001476842,0.0001890079,0.0012099750473503316,5
8742,0.0001586525473022653,1.6981436716495377,0.01,600.0,7887,8686,2.640296990000006e-05,2.6402944058645517e-05,0.00040425893117639815,-9.167522e-05,0.0004086418,0.0001882937,0.0005624764315749996,5
8743,0.0001586525473022653,1.924478181834847,0.01,600.0,7887,8686,2.640296990000006e-05,2.6402944058645517e-05,0.00040425893117639815,-0.003465633,-0.002965883,0.0001878968,-0.005881483615411467,5
8744,0.0001586525473022653,1.981060111872348,0.01,600.0,7887,8686,2.640296990000006e-05,2.6402944058645517e-05,0.00040425893117639815,0.01656857,0.01706448,0.0001831349,0.033626094312361715,5
8745,7.386857220279046e-05,1.995205170017248,0.01,600.0,7887,8686,2.640296990000006e-05,2.6402944058645517e-05,0.00016201900232075577,-0.002223087,-0.001728639,0.0001822619,-0.003630377455070612,5
8746,0.00015637405285639808,1.9987413284655369,0.01,600.0,7887,8686,2.640296990000006e-05,2.6402944058645517e-05,0.000397748947045349,0.00200679,0.0024989,0.0001803571,0.004814524616050339,5
8747,0.00015637405285639808,1.9996253415564207,0.01,600.0,7887,8686,2.640296990000006e-05,2.6402944058645517e-05,0.000397748947045349,0.002370758,0.002861306,0.0001786905,0.005542916435452048,5
8748,0.00015637405285639808,1.9998463381990434,0.01,600.0,7887,8686,2.640296990000006e-05,2.6402944058645517e-05,0.000397748947045349,-0.00269565,-0.002205496,0.000178373,-0.004588998690396215,5
8749,7.386857220279046e-05,1.9999015857022244,0.01,600.0,7887,8686,2.640296990000006e-05,2.6402944058645517e-05,0.00016201900232075577,0.003474091,0.003964634,0.0001780556,0.007750839746545792,5
8750,0.00015637405285639808,1.9999153971636632,0.01,600.0,7887,8686,2.640296990000006e-05,2.6402944058645517e-05,0.000397748947045349,-0.001940812,-0.001450288,0.0001773016,-0.003077739901303448,5
8751,7.386857220279046e-05,1.9999188499254372,0.01,600.0,7887,8686,2.640296990000006e-05,2.6402944058645517e-05,0.00016201900232075577,0.00351717,0.004007209,0.0001778571,0.007836250147807788,5
8752,6.332061723026977e-05,1.999919713089985,0.01,600.0,7887,8686,2.640296990000006e-05,2.6402944058645517e-05,0.0001318819881135538,-0.009449084,-0.008958449,0.0001784921,-0.018094656523232094,5
8753,0.00015637405285639808,1.9999199288746483,0.01,600.0,7887,8686,2.640296990000006e-05,2.6402944058645517e-05,0.000397748947045349,-6.665526e-05,0.0004220744,0.0001778571,0.0006662721452459587,5
8754,0.0001586525473022653,1.9999199828191956,0.01,600.0,7887,8686,2.640296990000006e-05,2.6402944058645517e-05,0.00040425893117639815,-0.002317749,-0.001828218,0.0001775,-0.0038337755081001516,5
8755,7.386857220279046e-05,1.9999199963049277,0.01,600.0,7887,8686,2.640296990000006e-05,2.6402944058645517e-05,0.00016201900232075577,0.008598189,0.009087387,0.0001771825,0.017996878650716152,5
8756,0.0001586525473022653,1.9999199996762598,0.01,600.0,7887,8686,2.640296990000006e-05,2.6402944058645517e-05,0.00040425893117639815,-0.009530923,-0.009040455,0.0001787698,-0.018258942259031366,5
8757,7.386857220279046e-05,1.9999200005190676,0.01,600.0,7887,8686,2.640296990000006e-05,2.6402944058645517e-05,0.00016201900232075577,0.008965774,0.009457555,0.0001795635,0.018734804265495904,5
8758,0.0001586525473022653,1.999920000729763,0.01,600.0,7887,8686,2.640296990000006e-05,2.6402944058645517e-05,0.00040425893117639815,0.006435396,0.006926392,0.0001796825,0.013672561768163498,5
8759,0.0001586525473022653,1.4507262818546125,0.06257398316652309,600.0,7887,8686,2.640296990000006e-05,2.6402944058645517e-05,0.00040425893117639815,-0.002242008,-0.001750009,0.0001799603,-0.0026198968866825495,5
8760,0.00015637405285639808,0.7044782869531302,0.1715541466561749,600.0,7887,8686,2.640296990000006e-05,2.6402944058645517e-05,0.000397748947045349,0.005496669,0.005988232,0.0001797619,0.004271702965866476,5
8761,2.7092922482847628e-05,0.22520238573709006,0.20696546892857776,600.0,7887,8686,2.640296990000006e-05,2.6402944058645517e-05,2.8374288835204807e-05,0.00768738,0.008178336,0.0001791667,0.0019805987102748885,5
8762,2.7092922482847628e-05,0.100325739028731,0.23075794381805387,600.0,7887,8686,2.640296990000006e-05,2.6402944058645517e-05,2.8374288835204807e-05,-0.008260671,-0.007769715,0.0001792857,-0.0006182036697674001,5
8763,7.386857220279046e-05,0.05966329309332178,0.5339848154993181,400.0,7887,8686,2.640296990000006e-05,2.6402944058645517e-05,0.00016201900232075577,0.003855746,0.004346476,0.0001791667,0.0004278020961764257,5
8764,6.332061723026977e-05,0.03926173803522639,0.6501866377041409,400.0,7887,8686,2.640296990000006e-05,2.6402944058645517e-05,0.0001318819881135538,-0.000404899,8.586642e-05,0.0001786905,0.0001750460652876791,5
8765,2.7092922482847628e-05,0.02293409653023229,0.5162779091321593,400.0,7887,8686,2.640296990000006e-05,2.6402944058645517e-05,2.8374288835204807e-05,0.003355024,0.003846484,0.0001791667,0.00026327330896519085,5
8766,0.00015637405285639808,0.08194300409410092,0.5129578655666062,400.0,7887,8686,2.640296990000006e-05,2.6402944058645517e-05,0.000397748947045349,-0.002133259,-0.001642177,0.0001790873,2.9847432008660155e-05,5
8767,0.00015637405285639808,0.13052487559737175,0.35525657105295055,400.0,7887,8686,2.640296990000006e-05,2.6402944058645517e-05,0.000397748947045349,-0.001022011,-0.0005311585,0.0001792857,8.655505917612571e-05,5
8768,0.00015637405285639808,0.14768783421583062,0.3397632347737467,400.0,7887,8686,2.640296990000006e-05,2.6402944058645517e-05,0.000397748947045349,-0.009628331,-0.009137352,0.0001785714,-0.0011972771506665772,5
8769,0.00015637405285639808,0.12173017131321405,0.460943917673465,400.0,7887,8686,2.640296990000006e-05,2.6402944058645517e-05,0.000397748947045349,0.001671505,0.002162667,0.0001787698,0.0004202699460238057,5
8770,2.7092922482847628e-05,0.04571245313224526,0.4432370756199761,400.0,7887,8686,2.640296990000006e-05,2.6402944058645517e-05,2.8374288835204807e-05,-0.0008358035,-0.0003452801,0.0001780556,0.00015413264134131924,5
8771,0.00015637405285639808,0.09886106749463655,0.44711044562489466,400.0,7887,8686,2.640296990000006e-05,2.6402944058645517e-05,0.000397748947045349,0.002600046,0.003091324,0.0001789683,0.0004668868934260895,5
8772,7.386857220279046e-05,0.05995444783255111,0.5240246791108436,400.0,7887,8686,2.640296990000006e-05,2.6402944058645517e-05,0.00016201900232075577,0.001128049,0.001618374,0.0001778571,0.00026422249533295824,5
8773,2.7092922482847628e-05,0.025004562702874017,0.6761937573602268,400.0,7887,8686,2.640296990000006e-05,2.6402944058645517e-05,2.8374288835204807e-05,-0.003514802,-0.003025251,0.0001777778,9.76874655312887e-05,5
8774,0.00014582609788387735,0.067650017454086,0.5937457057918272,400.0,7887,8686,2.640296990000006e-05,2.6402944058645517e-05,0.0003676119328381469,-0.02009213,-0.01960311,0.0001771032,-0.0011610285682255423,5
8775,7.386857220279046e-05,0.04446966985515796,0.6701069834773863,400.0,7887,8686,2.640296990000006e-05,2.6402944058645517e-05,0.00016201900232075577,0.003732942,0.004220596,0.000175873,0.0003557404964655641,5
8776,0.00015637405285639808,0.07023562271087386,0.6612534954737366,400.0,7887,8686,2.640296990000006e-05,2.6402944058645517e-05,0.000397748947045349,-0.002640012,-0.002153965,0.0001746032,1.1054762448261353e-05,5
8777,0.00015637405285639808,0.08063569117422546,0.6197527923397931,400.0,7887,8686,2.640296990000006e-05,2.6402944058645517e-05,0.000397748947045349,0.01160491,0.01209175,0.0001753175,0.0011362072709685035,5
8778,0.00014582609788387735,0.08412059992764444,0.5699520043894076,400.0,7887,8686,2.640296990000006e-05,2.6402944058645517e-05,0.0003676119328381469,0.02437843,0.02486561,0.0001755159,0.0022524614279619947,5
8779,0.0001586525473022653,0.10545304187738455,0.4697973457638549,400.0,7887,8686,2.640296990000006e-05,2.6402944058645517e-05,0.00040425893117639815,0.007244868,0.007732133,0.0001757937,0.0009726326646426267,5
8780,0.0001586525473022653,0.10461105258320103,0.506871120280183,400.0,7887,8686,2.640296990000006e-05,2.6402944058645517e-05,0.00040425893117639815,0.003844345,0.004331694,0.0001753968,0.0006101914249406112,5
8781,0.0001586525473022653,0.1057032273879475,0.4985710157572854,400.0,7887,8686,2.640296990000006e-05,2.6402944058645517e-05,0.00040425893117639815,0.0004659265,0.0009528744,0.0001755159,0.00025768520228745383,5
8782,0.00015637405285639808,0.10707142407430763,0.48473751538305687,400.0,7887,8686,2.640296990000006e-05,2.6402944058645517e-05,0.000397748947045349,-0.003593368,-0.00310642,0.0001751984,-0.00017616915535645088,5
8783,7.614706664865765e-05,0.08690858344462554,0.31652329784454275,400.0,7887,8686,2.640296990000006e-05,2.6402944058645517e-05,0.00016852898645180488,-1.290955e-06,0.0004858435,0.0001755159,0.0002024860321197704,5
8784,0.00015637405285639808,0.14228142792107157,0.32426993365088436,400.0,7887,8686,2.640296990000006e-05,2.6402944058645517e-05,0.000397748947045349,-0.006915939,-0.006430114,0.0001742063,-0.0007654658227321197,5
8785,7.614706664865765e-05,0.08737833992652246,0.367429928520872,400.0,7887,8686,2.640296990000006e-05,2.6402944058645517e-05,0.00016852898645180488,-0.01329556,-0.01280863,0.0001739286,-0.0009604658184667975,5
8786,6.332061723026977e-05,0.05189316717076531,0.52679138327158,400.0,7887,8686,2.640296990000006e-05,2.6402944058645517e-05,0.0001318819881135538,0.003611677,0.004097311,0.0001743254,0.0003779015475493051,5
8787,2.7092922482847628e-05,0.0262196383347963,0.5112978439588173,400.0,7887,8686,2.640296990000006e-05,2.6402944058645517e-05,2.8374288835204807e-05,0.003169094,0.00365553,0.0001747222,0.00026598772162893795,5
8788,0.00014582609788387735,0.07139834898327016,0.5622052216333313,400.0,7887,8686,2.640296990000006e-05,2.6402944058645517e-05,0.0003676119328381469,-0.0001479386,0.0003388109,0.0001749206,0.00018662209683437285,5
8789,0.00015637405285639808,0.09260712203304342,0.5229179975483933,400.0,7887,8686,2.640296990000006e-05,2.6402944058645517e-05,0.000397748947045349,0.00488109,0.005368332,0.000175,0.0006559395302821095,5
8790,0.00015637405285639808,0.11101936198026248,0.4448970911571682,400.0,7887,8686,2.640296990000006e-05,2.6402944058645517e-05,0.000397748947045349,0.002611834,0.003099365,0.000175119,0.0004997669251933346,5
8791,7.386857220279046e-05,0.06099329565417426,0.5555651235705512,400.0,7887,8686,2.640296990000006e-05,2.6402944058645517e-05,0.00016201900232075577,0.002904587,0.00339205,0.0001751984,0.00037140478071440354,5
8792,6.332061723026977e-05,0.04101989551683213,0.6142193682298326,400.0,7887,8686,2.640296990000006e-05,2.6402944058645517e-05,0.0001318819881135538,0.004734571,0.005221495,0.0001748016,0.00038181643597348625,5
8793,2.7092922482847628e-05,0.022531499485305924,0.5516917337670485,400.0,7887,8686,2.640296990000006e-05,2.6402944058645517e-05,2.8374288835204807e-05,-0.003515487,-0.003030051,0.0001744048,0.00010220360579161439,5
8794,0.00015637405285639808,0.07349678531251595,0.5760387636364094,400.0,7887,8686,2.640296990000006e-05,2.6402944058645517e-05,0.000397748947045349,0.005726412,0.006212114,0.0001740079,0.000617789287725893,5
8795,2.7092922482847628e-05,0.032858801977363156,0.46758398836707804,400.0,7887,8686,2.640296990000006e-05,2.6402944058645517e-05,2.8374288835204807e-05,0.00130695,0.001792382,0.0001735317,0.00022672518143869496,5
8796,0.00015637405285639808,0.089886399843537,0.47865077818910734,400.0,7887,8686,2.640296990000006e-05,2.6402944058645517e-05,0.000397748947045349,-2.062325e-05,0.0004638604,0.0001738095,0.0001998811311723778,5
8797,0.00015637405285639808,0.10820653621385155,0.4559638664246634,400.0,7887,8686,2.640296990000006e-05,2.6402944058645517e-05,0.000397748947045349,0.005725642,0.006209534,0.0001728968,0.0008261004017916834,5
8798,0.00015637405285639808,0.10919759320373457,0.4758840801156341,400.0,7887,8686,2.640296990000006e-05,2.6402944058645517e-05,0.000397748947045349,-0.002129839,-0.001645657,0.0001724206,-2.6109098177622082e-05,5
8799,0.0001586525473022653,0.1120214684990864,0.4681373276488386,400.0,7887,8686,2.640296990000006e-05,2.6402944058645517e-05,0.00040425893117639815,0.001411979,0.001895625,0.0001718254,0.0003649279625901377,5
8800,7.386857220279046e-05,0.08182991765521472,0.34308323263758683,400.0,7887,8686,2.640296990000006e-05,2.6402944058645517e-05,0.00016201900232075577,-0.005631163,-0.005149636,0.0001704365,-0.0002649045945947723,5
8801,0.00015637405285639808,0.09033467966407442,0.5594385139592817,400.0,7887,8686,2.640296990000006e-05,2.6402944058645517e-05,0.000397748947045349,-0.003590792,-0.003109082,0.0001703571,-0.00012588998057634052,5
8802,7.386857220279046e-05,0.05498324522403244,0.5699520043894076,400.0,7887,8686,2.640296990000006e-05,2.6402944058645517e-05,0.00016201900232075577,0.007249988,0.007730591,0.0001700397,0.0005857433461567773,5
8803,2.7092922482847628e-05,0.024324510798550556,0.6402264678754881,400.0,7887,8686,2.640296990000006e-05,2.6402944058645517e-05,2.8374288835204807e-05,-0.005632979,-0.005152603,0.0001688492,3.940747849712941e-05,5
8804,2.7092922482847628e-05,0.01700954051783066,0.6197527923397931,400.0,7887,8686,2.640296990000006e-05,2.6402944058645517e-05,2.8374288835204807e-05,-0.0006776895,-0.000198567,0.0001675794,0.00016135141797374219,5
8805,2.7092922482847628e-05,0.015585609215836483,0.5976191005290613,400.0,7887,8686,2.640296990000006e-05,2.6402944058645517e-05,2.8374288835204807e-05,0.003791182,0.004270039,0.000167381,0.00023132342433422528,5
8806,0.00015637405285639808,0.0714359723186032,0.57880547273928,400.0,7887,8686,2.640296990000006e-05,2.6402944058645517e-05,0.000397748947045349,-0.004598366,-0.004120042,0.0001677778,-0.0001385267765399587,5
8807,7.386857220279046e-05,0.05126410480281278,0.5527984165043025,400.0,7887,8686,2.640296990000006e-05,2.6402944058645517e-05,0.00016201900232075577,-0.03028263,-0.02980357,0.000168254,-0.0013682247266674594,5
8808,7.614706664865765e-05,0.044966724267219316,0.5920856795772778,400.0,7887,8686,2.640296990000006e-05,2.6402944058645517e-05,0.00016852898645180488,-0.0007865755,-0.0003070204,0.0001679365,0.00014657924403888674,5
8809,2.7092922482847628e-05,0.021449882866120828,0.6634668673731994,400.0,7887,8686,2.640296990000006e-05,2.6402944058645517e-05,2.8374288835204807e-05,0.01153182,0.01201094,0.0001674603,0.00042150155229227985,5
8810,2.7092922482847628e-05,0.015378710245503692,0.6761937573602268,400.0,7887,8686,2.640296990000006e-05,2.6402944058645517e-05,2.8374288835204807e-05,0.005509574,0.005988328,0.0001672619,0.0002567823888718242,5
8811,0.00014582609788387735,0.058975357029351354,0.6612534954737366,400.0,7887,8686,2.640296990000006e-05,2.6402944058645517e-05,0.0003676119328381469,0.0106364,0.01111503,0.0001672619,0.0008129104323720435,5
8812,7.386857220279046e-05,0.04006386357439567,0.7293147201677648,400.0,7887,8686,2.640296990000006e-05,2.6402944058645517e-05,0.00016201900232075577,-0.0004117984,6.652256e-05,0.0001666667,0.0001626545388372648,5
8813,2.7092922482847628e-05,0.01902896135797013,0.7514484675044876,400.0,7887,8686,2.640296990000006e-05,2.6402944058645517e-05,2.8374288835204807e-05,-0.01100531,-0.01052649,0.0001672619,-3.6229091676819654e-05,5
8814,6.332061723026977e-05,0.02425746923342716,0.8117629611679437,400.0,7887,8686,2.640296990000006e-05,2.6402944058645517e-05,0.0001318819881135538,-0.01188858,-0.01141157,0.0001657937,-0.0001150438437569464,5
8815,2.7092922482847628e-05,0.014838421321804796,0.7719221897678892,400.0,7887,8686,2.640296990000006e-05,2.6402944058645517e-05,2.8374288835204807e-05,-0.004115289,-0.003638095,0.0001659524,0.0001095063419506839,5
8816,0.00015637405285639808,0.05381359636957787,0.7802223489275746,400.0,7887,8686,2.640296990000006e-05,2.6402944058645517e-05,0.000397748947045349,-0.002935633,-0.002457002,0.0001669841,2.577797113521724e-05,5
8817,0.00015637405285639808,0.06562932946117016,0.7492350924965211,400.0,7887,8686,2.640296990000006e-05,2.6402944058645517e-05,0.000397748947045349,0.01202512,0.01250342,0.0001669841,0.000976616116057707,5
8818,0.0001586525473022653,0.07271170081228288,0.7044142630253322,400.0,7887,8686,2.640296990000006e-05,2.6402944058645517e-05,0.00040425893117639815,0.005282892,0.005760622,0.0001663889,0.0005731551034413698,5
8819,7.386857220279046e-05,0.047272687107793615,0.6346930411322476,400.0,7887,8686,2.640296990000006e-05,2.6402944058645517e-05,0.00016201900232075577,-0.01178179,-0.01130408,0.0001662698,-0.000375964457112343,5
8820,0.00015637405285639808,0.06833517217649246,0.6916873665966008,400.0,7887,8686,2.640296990000006e-05,2.6402944058645517e-05,0.000397748947045349,0.0009826788,0.00146102,0.0001667857,0.00025522742372722216,5
8821,0.00014582609788387735,0.07785930159077294,0.5998324691078517,400.0,7887,8686,2.640296990000006e-05,2.6402944058645517e-05,0.0003676119328381469,-0.01574576,-0.01526743,0.0001668651,-0.0010348383370318889,5
8822,0.00015637405285639808,0.0861119097168798,0.5865522594711566,400.0,7887,8686,2.640296990000006e-05,2.6402944058645517e-05,0.000397748947045349,0.001071661,0.001550414,0.0001671825,0.00028629520604554423,5
8823,0.0001586525473022653,0.09320316231248217,0.5533517579303626,400.0,7887,8686,2.640296990000006e-05,2.6402944058645517e-05,0.00040425893117639815,0.0008972789,0.001376013,0.000167381,0.00028002932447205995,5
8824,0.0001586525473022653,0.09874825812967146,0.5256847015877342,400.0,7887,8686,2.640296990000006e-05,2.6402944058645517e-05,0.00040425893117639815,0.0177117,0.01818994,0.0001671825,0.0019468984098184724,5
8825,0.0001586525473022653,0.10450332799871273,0.49691099521334814,400.0,7887,8686,2.640296990000006e-05,2.6402944058645517e-05,0.00040425893117639815,-0.002401256,-0.001923142,0.0001668651,-5.154759749093844e-05,5
8826,0.00015637405285639808,0.11509994494164252,0.4393637065191126,400.0,7887,8686,2.640296990000006e-05,2.6402944058645517e-05,0.000397748947045349,0.009561898,0.01003989,0.0001664683,0.0013028985940556185,5
8827,0.00015637405285639808,0.11440581430448292,0.4565172053326569,400.0,7887,8686,2.640296990000006e-05,2.6402944058645517e-05,0.000397748947045349,0.008675674,0.009153586,0.0001663889,0.0011945765025403875,5
8828,6.332061723026977e-05,0.06705044208479957,0.4116968160435227,400.0,7887,8686,2.640296990000006e-05,2.6402944058645517e-05,0.0001318819881135538,0.005143429,0.005621424,0.0001665476,0.00053229947413794,5
8829,0.00015637405285639808,0.11447421257507698,0.40007674009101757,400.0,7887,8686,2.640296990000006e-05,2.6402944058645517e-05,0.000397748947045349,0.00497935,0.005458083,0.0001672619,0.0007729244792981026,5
8830,0.00015637405285639808,0.13312312336295798,0.37406994896481327,400.0,7887,8686,2.640296990000006e-05,2.6402944058645517e-05,0.000397748947045349,-0.00339784,-0.002919229,0.0001671825,-0.0002436902388633522,5
8831,7.386857220279046e-05,0.08430703704812793,0.36189658193475943,400.0,7887,8686,2.640296990000006e-05,2.6402944058645517e-05,0.00016201900232075577,-0.01462368,-0.01414543,0.0001668651,-0.0010397620932394399,5
8832,0.0001586525473022653,0.09757104422319758,0.5184912717090623,400.0,7887,8686,2.640296990000006e-05,2.6402944058645517e-05,0.00040425893117639815,0.008114649,0.008592355,0.0001661905,0.0009883401690614375,5
8833,6.332061723026977e-05,0.05689978359210681,0.4869508747830797,400.0,7887,8686,2.640296990000006e-05,2.6402944058645517e-05,0.0001318819881135538,-0.004960312,-0.004482896,0.0001662698,-9.826672790382411e-05,5
8834,0.00015637405285639808,0.10645166002244975,0.42387024078540386,400.0,7887,8686,2.640296990000006e-05,2.6402944058645517e-05,0.000397748947045349,0.00488954,0.005367143,0.0001661905,0.00071984052732291,5
8835,0.0001586525473022653,0.12685713660746653,0.39565004761027855,400.0,7887,8686,2.640296990000006e-05,2.6402944058645517e-05,0.00040425893117639815,-0.005799442,-0.005321962,0.0001659524,-0.0005302287067308827,5
8836,0.0001586525473022653,0.11786180919818297,0.46039057861974575,400.0,7887,8686,2.640296990000006e-05,2.6402944058645517e-05,0.00040425893117639815,-0.007207007,-0.006729587,0.0001661905,-0.0006465583119781232,5
8837,0.00015637405285639808,0.11267563958019997,0.4697973457638549,400.0,7887,8686,2.640296990000006e-05,2.6402944058645517e-05,0.000397748947045349,0.00623056,0.006708266,0.0001662698,0.0009033934059662378,5
8838,0.00014582609788387735,0.11916330680607243,0.4006300767233649,400.0,7887,8686,2.640296990000006e-05,2.6402944058645517e-05,0.0003676119328381469,0.003576194,0.004054638,0.0001671825,0.0006304245524414538,5
8839,7.614706664865765e-05,0.08465615387486768,0.34695656539753056,400.0,7887,8686,2.640296990000006e-05,2.6402944058645517e-05,0.00016852898645180488,0.002996925,0.003475555,0.0001670635,0.00044714766551769174,5
8840,0.0001586525473022653,0.14646838805123477,0.31652329784454275,400.0,7887,8686,2.640296990000006e-05,2.6402944058645517e-05,0.00040425893117639815,-0.009632399,-0.009153582,0.0001671825,-0.0011980148517201732,5
8841,0.0001586525473022653,0.17826398537285837,0.2800036047602512,400.0,7887,8686,2.640296990000006e-05,2.6402944058645517e-05,0.00040425893117639815,0.006312118,0.006791284,0.0001677778,0.0013485104123538367,5
8842,0.0001586525473022653,0.1893601414226374,0.27391701983639716,400.0,7887,8686,2.640296990000006e-05,2.6402944058645517e-05,0.00040425893117639815,0.0002811705,0.0007605192,0.0001677778,0.00028001939533105213,5
8843,0.00015637405285639808,0.2681018867339445,0.26561714814947845,600.0,7887,8686,2.640296990000006e-05,2.6402944058645517e-05,0.000397748947045349,-0.00370014,-0.00322149,0.0001676587,-0.0007409784608918954,5
8844,0.0001586525473022653,0.18628243635346406,0.33256991171594,400.0,7887,8686,2.640296990000006e-05,2.6402944058645517e-05,0.00040425893117639815,0.0100784,0.01055754,0.0001677778,0.002103208015749127,5
8845,2.7092922482847628e-05,0.06911015019637516,0.3004767306400857,400.0,7887,8686,2.640296990000006e-05,2.6402944058645517e-05,2.8374288835204807e-05,-0.0005279158,-4.9202e-05,0.0001671825,0.00015222813470483246,5
8846,6.332061723026977e-05,0.06694084303213042,0.3187366213234994,400.0,7887,8686,2.640296990000006e-05,2.6402944058645517e-05,0.0001318819881135538,0.002457343,0.00293587,0.0001671825,0.00035252077534252157,5
8847,0.0001586525473022653,0.2407146769065946,0.26561714814947845,600.0,7887,8686,2.640296990000006e-05,2.6402944058645517e-05,0.00040425893117639815,0.001876293,0.002354904,0.0001671825,0.0006937991740341105,5
8848,0.0001586525473022653,0.2046804418129227,0.2744703452684518,400.0,7887,8686,2.640296990000006e-05,2.6402944058645517e-05,0.00040425893117639815,-0.004639181,-0.004160345,0.000167381,-0.0007184198697252727,5
8849,0.00015637405285639808,0.17799978814654605,0.308223343029817,400.0,7887,8686,2.640296990000006e-05,2.6402944058645517e-05,0.000397748947045349,-0.01758261,-0.0171041,0.0001668651,-0.0029073630288863907,5
8850,0.0001586525473022653,0.32741383243721506,0.21028532969449534,600.0,7887,8686,2.640296990000006e-05,2.6402944058645517e-05,0.00040425893117639815,-0.00502849,-0.004550455,0.0001665476,-0.0013778642988823077,5
8851,0.00015637405285639808,0.3521678921820229,0.2169250714716275,600.0,7887,8686,2.640296990000006e-05,2.6402944058645517e-05,0.000397748947045349,-0.005450732,-0.004973125,0.0001662698,-0.001643660033807249,5
8852,7.386857220279046e-05,0.2594548717132206,0.16159493804599467,600.0,7887,8686,2.640296990000006e-05,2.6402944058645517e-05,0.00016201900232075577,2.753345e-05,0.0005048465,0.0001659524,0.00025388012523986736,5
8853,0.0001586525473022653,0.3634922942842111,0.19921915531431317,600.0,7887,8686,2.640296990000006e-05,2.6402944058645517e-05,0.00040425893117639815,-0.01643983,-0.01596192,0.0001663889,-0.005696127104985461,5
8854,7.614706664865765e-05,0.3437689092759001,0.11290808901622072,600.0,7887,8686,2.640296990000006e-05,2.6402944058645517e-05,0.00016852898645180488,0.01512761,0.0156055,0.0001664683,0.005473927387785045,5
8855,0.0001586525473022653,0.4229454928315168,0.17653379457758755,600.0,7887,8686,2.640296990000006e-05,2.6402944058645517e-05,0.00040425893117639815,-0.01799777,-0.01751994,0.0001663889,-0.007313964192990799,5
8856,0.00015637405285639808,0.39764270075772906,0.20087907616970668,600.0,7887,8686,2.640296990000006e-05,2.6402944058645517e-05,0.000397748947045349,-0.01231466,-0.01183685,0.0001663889,-0.004606611434036233,5
8857,7.386857220279046e-05,0.25154904203904893,0.1820667668963618,600.0,7887,8686,2.640296990000006e-05,2.6402944058645517e-05,0.00016201900232075577,0.01027043,0.01074784,0.0001664683,0.0028282022145941026,5
8858,0.00014582609788387735,0.350137645692004,0.19036627916006602,600.0,7887,8686,2.640296990000006e-05,2.6402944058645517e-05,0.0003676119328381469,-0.01822939,-0.01775117,0.0001668651,-0.006106913525340691,5
8859,0.00014582609788387735,1.1605045025543068,0.050964153410540634,600.0,7887,8686,2.640296990000006e-05,2.6402944058645517e-05,0.0003676119328381469,0.005126939,0.005604931,0.0001665476,0.006477816022316599,5
8860,0.0001586525473022653,0.6484626625439707,0.16602123773927238,600.0,7887,8686,2.640296990000006e-05,2.6402944058645517e-05,0.00040425893117639815,-0.02711368,-0.02663564,0.0001665476,-0.017213670333098997,5
8861,7.614706664865765e-05,0.3208749159948576,0.17985357427517676,600.0,7887,8686,2.640296990000006e-05,2.6402944058645517e-05,0.00016852898645180488,-0.008790013,-0.008312819,0.0001660714,-0.0025545918448296053,5
8862,7.386857220279046e-05,0.18626871470031517,0.26119055839676936,600.0,7887,8686,2.640296990000006e-05,2.6402944058645517e-05,0.00016201900232075577,0.004829206,0.005306519,0.0001664683,0.0011238989373834553,5
8863,0.00015637405285639808,0.15996130845035186,0.3447432320754666,400.0,7887,8686,2.640296990000006e-05,2.6402944058645517e-05,0.000397748947045349,-0.01380848,-0.01333047,0.0001665476,-0.001992452995473428,5
8864,6.332061723026977e-05,0.08839251650875377,0.32703659176176997,400.0,7887,8686,2.640296990000006e-05,2.6402944058645517e-05,0.0001318819881135538,0.02017787,0.02065576,0.0001661905,0.001977315110286007,5
8865,2.7092922482847628e-05,0.07593529389171753,0.18870637186024966,600.0,7887,8686,2.640296990000006e-05,2.6402944058645517e-05,2.8374288835204807e-05,0.007233576,0.007711306,0.0001661905,0.0007391310629394533,5
8866,0.00015637405285639808,0.49839670126222524,0.12231302843675029,600.0,7887,8686,2.640296990000006e-05,2.6402944058645517e-05,0.000397748947045349,-0.01128593,-0.01080843,0.0001661905,-0.0053035241548047935,5
8867,0.0001586525473022653,0.8556716990031882,0.08137717433455019,600.0,7887,8686,2.640296990000006e-05,2.6402944058645517e-05,0.00040425893117639815,0.01041354,0.01089088,0.0001664683,0.00934304388014867,5
